Timestamp,User Count,Type,Name,Requests/s,Failures/s,50%,66%,75%,80%,90%,95%,98%,99%,99.9%,99.99%,100%,Total Request Count,Total Failure Count,Total Median Response Time,Total Average Response Time,Total Min Response Time,Total Max Response Time,Total Average Content Size
1776286234,0,,Aggregated,0.000000,0.000000,N/A,N/A,N/A,N/A,N/A,N/A,N/A,N/A,N/A,N/A,N/A,0,0,0,0.0,0,0,0
1776286235,20,GET,GET /v1/timeline/home,0.000000,0.000000,0,0,0,0,0,0,0,0,0,0,0,22,0,120.0,179.4453030454545,77.68350000000001,318.6714580000003,10733.0
1776286235,20,GET,GET /v1/timeline/user/:id,0.000000,0.000000,0,0,0,0,0,0,0,0,0,0,0,10,0,290.0,235.78087509999992,89.9109170000001,313.62841600000024,11035.1
1776286235,20,POST,POST /v1/tweets,0.000000,0.000000,0,0,0,0,0,0,0,0,0,0,0,5,0,87,130.54418340000007,83.13141600000007,294.02204199999994,214.2
1776286235,20,POST,POST /v1/tweets/:id/like,0.000000,0.000000,0,0,0,0,0,0,0,0,0,0,0,1,0,80.22425000000011,80.22425000000011,80.22425000000011,80.22425000000011,0.0
1776286235,20,,Aggregated,0.000000,0.000000,0,0,0,0,0,0,0,0,0,0,0,38,0,120.0,185.22501539473683,77.68350000000001,318.6714580000003,9146.0
1776286236,40,GET,GET /v1/timeline/home,0.000000,0.000000,97,100,110,120,190,200,230,250,250,250,250,78,0,99,133.12584137179485,77.68350000000001,318.6714580000003,10733.74358974359
1776286236,40,GET,GET /v1/timeline/user/:id,0.000000,0.000000,100,110,160,170,200,200,200,200,200,200,200,29,0,110.0,158.5783735172414,79.12787499999973,313.62841600000024,11106.965517241379
1776286236,40,POST,POST /v1/tweets,0.000000,0.000000,91,170,180,180,180,200,200,200,200,200,200,17,0,87,125.68319605882355,78.06558399999997,294.02204199999994,214.2941176470588
1776286236,40,POST,POST /v1/tweets/:id/like,0.000000,0.000000,97,97,97,97,97,97,97,97,97,97,97,3,0,87,87.83390266666673,80.22425000000011,96.53391599999983,0.0
1776286236,40,,Aggregated,0.000000,0.000000,97,100,120,170,190,200,230,250,250,250,250,127,0,99,136.87168897637795,77.68350000000001,318.6714580000003,9157.299212598426
1776286237,60,GET,GET /v1/timeline/home,20.000000,0.000000,93,97,100,110,180,190,250,250,250,250,250,152,0,93,119.01742188815787,76.09583300000011,318.6714580000003,10733.138157894737
1776286237,60,GET,GET /v1/timeline/user/:id,10.000000,0.000000,98,110,130,170,180,200,240,240,240,240,240,60,0,99,136.12736114999996,77.30445899999961,313.62841600000024,11069.65
1776286237,60,POST,POST /v1/tweets,5.000000,0.000000,87,93,180,180,180,190,200,200,200,200,200,28,0,87,117.17492407142855,78.06558399999997,294.02204199999994,214.39285714285714
1776286237,60,POST,POST /v1/tweets/:id/like,1.000000,0.000000,88,89,90,97,110,110,110,110,110,110,110,11,0,87,88.37821599999992,78.03770900000018,111.18249999999996,0.0
1776286237,60,,Aggregated,36.000000,0.000000,92,98,110,120,180,190,240,250,250,250,250,251,0,93,121.55915556175296,76.09583300000011,318.6714580000003,9169.796812749004
1776286238,80,GET,GET /v1/timeline/home,36.000000,0.000000,94,99,110,120,180,190,220,250,250,250,250,258,0,94,115.0774452674419,74.52250000000049,318.6714580000003,10732.39534883721
1776286238,80,GET,GET /v1/timeline/user/:id,13.500000,0.000000,96,110,110,120,180,180,240,240,240,240,240,97,0,98,122.38271048453602,77.0761249999996,313.62841600000024,11077.62886597938
1776286238,80,POST,POST /v1/tweets,8.500000,0.000000,91,98,110,170,180,190,200,200,200,200,200,55,0,89,111.02278710909097,74.9209999999998,294.02204199999994,214.34545454545454
1776286238,80,POST,POST /v1/tweets/:id/like,1.000000,0.000000,89,90,96,96,97,110,110,110,110,110,110,24,0,88,89.3205851666666,77.05020800000017,111.18249999999996,0.0
1776286238,80,,Aggregated,59.000000,0.000000,93,99,110,120,180,190,200,240,250,250,250,434,0,94,114.77200721428568,74.52250000000049,318.6714580000003,8883.1267281106
1776286239,100,GET,GET /v1/timeline/home,48.333333,0.000000,97,110,120,140,180,190,250,270,290,290,290,393,0,98,117.98884396437663,74.52250000000049,318.6714580000003,10730.64631043257
1776286239,100,GET,GET /v1/timeline/user/:id,19.000000,0.000000,110,110,120,140,180,200,280,280,290,290,290,140,0,110.0,125.40098482142852,77.0761249999996,313.62841600000024,11100.514285714286
1776286239,100,POST,POST /v1/tweets,9.000000,0.000000,91,97,110,170,180,190,190,200,200,200,200,77,0,91,110.5504052987013,74.9209999999998,294.02204199999994,214.41558441558442
1776286239,100,POST,POST /v1/tweets/:id/like,3.666667,0.000000,88,90,95,96,100,110,110,110,110,110,110,40,0,88,89.269625075,77.05020800000017,111.18249999999996,0.0
1776286239,100,,Aggregated,80.000000,0.000000,96,110,120,130,180,190,250,270,290,290,290,650,0,97,116.93679963692307,74.52250000000049,318.6714580000003,8904.193846153847
1776286240,120,GET,GET /v1/timeline/home,62.250000,0.000000,110,140,170,180,230,270,290,340,390,390,390,522,0,110.0,136.5702253563219,74.52250000000049,389.8677079999997,10731.319923371648
1776286240,120,GET,GET /v1/timeline/user/:id,23.250000,0.000000,110,130,150,170,210,240,280,290,300,300,300,183,0,110.0,134.11535609289618,77.0761249999996,313.62841600000024,11098.267759562841
1776286240,120,POST,POST /v1/tweets,12.750000,0.000000,89,97,110,160,180,190,190,190,200,200,200,106,0,89,109.3961756792453,74.9209999999998,294.02204199999994,214.46226415094338
1776286240,120,POST,POST /v1/tweets/:id/like,5.500000,0.000000,89,93,95,96,100,190,230,250,250,250,250,65,0,89,96.29906673846152,70.81945899999997,250.81616699999998,0.0
1776286240,120,,Aggregated,103.750000,0.000000,100,120,150,170,200,260,290,300,390,390,390,876,0,100.0,129.7810522385845,70.81945899999997,389.8677079999997,8739.115296803653
1776286241,140,GET,GET /v1/timeline/home,76.800000,0.000000,130,180,210,230,260,290,370,380,460,460,460,655,0,130.0,157.92957240305356,74.52250000000049,459.45120799999904,10732.148091603054
1776286241,140,GET,GET /v1/timeline/user/:id,26.800000,0.000000,130,180,200,230,260,300,380,460,570,570,570,242,0,130.0,162.75396193801652,77.0761249999996,573.555625,11089.892561983472
1776286241,140,POST,POST /v1/tweets,15.400000,0.000000,89,96,100,130,180,190,200,200,210,210,210,144,0,89,107.35139926388895,74.9209999999998,294.02204199999994,214.43055555555554
1776286241,140,POST,POST /v1/tweets/:id/like,7.600000,0.000000,90,94,96,97,110,160,230,250,250,250,250,97,0,90,96.52476683505154,70.70312499999964,250.81616699999998,0.0
1776286241,140,,Aggregated,126.600000,0.000000,110,160,190,210,250,280,370,380,470,570,570,1138,0,110.0,147.32146976274163,70.70312499999964,573.555625,8562.556239015817
1776286242,160,GET,GET /v1/timeline/home,86.000000,0.000000,160,210,240,250,290,370,440,540,880,880,880,770,0,160.0,180.0072089948054,74.52250000000049,884.7178339999999,10732.723376623377
1776286242,160,GET,GET /v1/timeline/user/:id,30.166667,0.000000,160,210,240,260,350,440,570,590,640,640,640,300,0,160.0,191.24588818666672,77.0761249999996,641.8217500000001,11077.523333333333
1776286242,160,POST,POST /v1/tweets,17.000000,0.000000,91,98,110,160,180,190,220,300,310,310,310,168,0,91,112.36911205952381,74.9209999999998,310.06900000000036,214.45238095238096
1776286242,160,POST,POST /v1/tweets/:id/like,10.166667,0.000000,92,96,100,110,160,240,360,390,480,480,480,132,0,92,111.42043440151517,70.70312499999964,483.9977910000002,0.0
1776286242,160,,Aggregated,143.333333,0.000000,120,190,220,240,290,370,460,550,710,880,880,1370,0,120.0,167.56556609416057,70.70312499999964,884.7178339999999,8484.293430656935
1776286243,180,GET,GET /v1/timeline/home,92.714286,0.000000,190,250,270,310,450,560,740,1100,1300,1300,1300,910,0,190.0,230.37316822857176,74.52250000000049,1250.2025000000003,10733.027472527472
1776286243,180,GET,GET /v1/timeline/user/:id,33.714286,0.000000,190,250,290,350,480,590,670,860,1300,1300,1300,355,0,190.0,238.0935623070423,77.0761249999996,1330.3590420000014,11077.394366197183
1776286243,180,POST,POST /v1/tweets,20.571429,0.000000,93,100,140,170,190,310,400,400,460,460,460,194,0,93,125.49828882474237,74.9209999999998,456.1364999999995,214.4536082474227
1776286243,180,POST,POST /v1/tweets/:id/like,13.285714,0.000000,95,110,160,230,450,480,570,610,670,670,670,169,0,95,164.1991869408284,70.70312499999964,673.6132080000008,0.0
1776286243,180,,Aggregated,160.285714,0.000000,160,220,260,290,440,560,660,970,1300,1300,1300,1628,0,160.0,212.68988226781337,70.70312499999964,1330.3590420000014,8440.5
1776286244,200,GET,GET /v1/timeline/home,93.750000,0.000000,220,280,360,400,530,620,760,1100,1200,1300,1300,1071,0,220.0,266.1142135873018,74.52250000000049,1250.2025000000003,10733.761904761905
1776286244,200,GET,GET /v1/timeline/user/:id,36.125000,0.000000,210,280,360,400,510,590,670,860,1300,1300,1300,396,0,210.0,258.2764441161616,77.0761249999996,1330.3590420000014,11073.138888888889
1776286244,200,POST,POST /v1/tweets,21.000000,0.000000,93,100,130,170,190,300,390,400,460,460,460,224,0,92,121.75104197321434,71.06733300000023,456.1364999999995,214.47321428571428
1776286244,200,POST,POST /v1/tweets/:id/like,16.500000,0.000000,95,110,140,190,440,480,570,610,670,670,670,191,0,95,157.07350746596856,70.70312499999964,673.6132080000008,0.0
1776286244,200,,Aggregated,167.375000,0.000000,180,250,310,370,500,580,690,880,1300,1300,1300,1882,0,180.0,236.2162954038259,70.70312499999964,1330.3590420000014,8463.795961742826
1776286245,200,GET,GET /v1/timeline/home,98.888889,0.000000,250,370,460,520,620,690,790,1100,1200,1300,1300,1214,0,250.0,305.19263928336096,74.52250000000049,1250.2025000000003,10734.216639209226
1776286245,200,GET,GET /v1/timeline/user/:id,38.555556,0.000000,250,350,440,470,570,650,670,760,1300,1300,1300,461,0,240.0,287.660936791757,77.0761249999996,1330.3590420000014,11074.787418655098
1776286245,200,POST,POST /v1/tweets,21.111111,0.000000,93,100,110,140,190,260,390,400,460,460,460,242,0,92,119.61185291322323,71.06733300000023,456.1364999999995,214.48347107438016
1776286245,200,POST,POST /v1/tweets/:id/like,18.444444,0.000000,94,100,120,160,380,480,570,580,670,670,670,227,0,94,147.30750133039652,70.70312499999964,673.6132080000008,0.0
1776286245,200,,Aggregated,177.000000,0.000000,200,290,400,460,570,650,760,880,1200,1300,1300,2144,0,190.0,263.7595275923509,70.70312499999964,1330.3590420000014,8483.545242537313
1776286246,200,GET,GET /v1/timeline/home,105.600000,0.000000,300,450,530,570,680,760,880,1100,1200,1300,1300,1370,0,270.0,337.64493784744536,74.52250000000049,1250.2025000000003,10734.538686131387
1776286246,200,GET,GET /v1/timeline/user/:id,39.100000,0.000000,280,380,460,480,570,650,670,760,1300,1300,1300,514,0,260.0,298.69897078404665,77.0761249999996,1330.3590420000014,11072.943579766537
1776286246,200,POST,POST /v1/tweets,21.900000,0.000000,93,100,110,130,190,260,390,400,460,460,460,265,0,92,117.44202164150947,71.06733300000023,456.1364999999995,214.48301886792453
1776286246,200,POST,POST /v1/tweets/:id/like,19.000000,0.000000,95,100,120,140,330,470,550,580,670,670,670,271,0,94,139.45234506273067,70.70312499999964,673.6132080000008,0.0
1776286246,200,,Aggregated,185.600000,0.000000,240,360,450,500,620,700,800,910,1200,1300,1300,2420,0,210.0,283.0655194549586,70.70312499999964,1330.3590420000014,8452.334297520661
1776286247,200,GET,GET /v1/timeline/home,117.500000,0.000000,390,510,560,600,680,760,880,1100,1200,1300,1300,1524,0,310.0,356.3439312762465,74.52250000000049,1250.2025000000003,10734.982939632546
1776286247,200,GET,GET /v1/timeline/user/:id,44.600000,0.000000,340,440,480,510,590,650,680,760,1300,1300,1300,571,0,290.0,317.5794065604201,77.0761249999996,1330.3590420000014,11070.31173380035
1776286247,200,POST,POST /v1/tweets,23.500000,0.000000,93,100,110,120,180,260,390,400,460,460,460,292,0,93,115.51708556164395,71.06733300000023,456.1364999999995,214.48972602739727
1776286247,200,POST,POST /v1/tweets/:id/like,22.000000,0.000000,95,100,120,130,250,450,550,580,670,670,670,311,0,95,134.35110064308682,70.70312499999964,673.6132080000008,0.0
1776286247,200,,Aggregated,207.600000,0.000000,280,420,490,530,630,700,790,900,1200,1300,1300,2698,0,230.0,296.4863505170497,70.70312499999964,1330.3590420000014,8429.908450704226
1776286248,200,GET,GET /v1/timeline/home,127.200000,0.000000,440,530,580,610,690,760,880,1100,1200,1300,1300,1668,0,340.0,368.9915886199041,74.52250000000049,1250.2025000000003,10735.022182254197
1776286248,200,GET,GET /v1/timeline/user/:id,48.300000,0.000000,380,460,490,520,600,650,690,760,1300,1300,1300,624,0,310.0,327.95728782532035,77.0761249999996,1330.3590420000014,11069.108974358975
1776286248,200,POST,POST /v1/tweets,24.400000,0.000000,93,100,110,110,170,260,360,400,460,460,460,332,0,92,112.77257977108444,71.06733300000023,456.1364999999995,214.49096385542168
1776286248,200,POST,POST /v1/tweets/:id/like,26.300000,0.000000,95,100,120,130,240,450,500,570,670,670,670,345,0,94,130.35488142028981,70.70312499999964,673.6132080000008,0.0
1776286248,200,,Aggregated,226.200000,0.000000,330,460,520,550,640,700,790,900,1200,1300,1300,2969,0,250.0,303.98661097844405,70.70312499999964,1330.3590420000014,8381.391714381947
1776286249,200,GET,GET /v1/timeline/home,135.800000,0.000000,480,550,590,620,690,760,880,1100,1200,1300,1300,1805,0,390.0,379.83981476066515,74.52250000000049,1250.2025000000003,10735.393351800554
1776286249,200,GET,GET /v1/timeline/user/:id,50.600000,0.000000,420,480,520,550,610,660,690,760,1300,1300,1300,686,0,340.0,343.9102294387754,77.0761249999996,1330.3590420000014,11070.010204081633
1776286249,200,POST,POST /v1/tweets,26.400000,0.000000,93,100,110,120,170,220,360,400,460,460,460,366,0,92,112.08958739344276,71.06733300000023,456.1364999999995,214.49180327868854
1776286249,200,POST,POST /v1/tweets/:id/like,29.800000,0.000000,95,100,110,120,190,450,500,570,670,670,670,405,0,94,125.63623407160497,70.70312499999964,673.6132080000008,0.0
1776286249,200,,Aggregated,242.600000,0.000000,390,480,530,560,640,700,790,900,1200,1300,1300,3262,0,260.0,310.68079301747446,70.70312499999964,1330.3590420000014,8292.432863274065
1776286250,200,GET,GET /v1/timeline/home,140.900000,0.000000,510,560,600,630,690,760,880,1100,1200,1300,1300,1951,0,410.0,389.8793827150185,74.52250000000049,1250.2025000000003,10735.506919528447
1776286250,200,GET,GET /v1/timeline/user/:id,52.900000,0.000000,450,500,530,560,620,670,760,970,1700,1700,1700,760,0,370.0,361.22172579342106,77.0761249999996,1717.9958750000014,11070.390789473684
1776286250,200,POST,POST /v1/tweets,27.400000,0.000000,94,100,110,120,150,260,360,400,460,460,460,395,0,92,111.11614890886086,71.06733300000023,456.1364999999995,214.49367088607596
1776286250,200,POST,POST /v1/tweets/:id/like,32.100000,0.000000,97,110,110,120,190,450,500,570,670,670,670,450,0,95,123.4314654888889,70.70312499999964,673.6132080000008,0.0
1776286250,200,,Aggregated,253.300000,0.000000,430,500,550,580,650,700,830,910,1400,1700,1700,3556,0,280.0,319.0714920047815,70.70312499999964,1717.9958750000014,8279.863892013498
1776286251,200,GET,GET /v1/timeline/home,140.500000,0.000000,520,570,610,630,690,760,880,1100,1200,1300,1300,2106,0,420.0,397.9340376125365,74.52250000000049,1250.2025000000003,10735.648148148148
1776286251,200,GET,GET /v1/timeline/user/:id,54.700000,0.000000,450,500,530,560,620,670,760,970,1700,1700,1700,816,0,370.0,361.55325926715665,77.0761249999996,1717.9958750000014,11069.167892156862
1776286251,200,POST,POST /v1/tweets,28.200000,0.000000,93,100,110,110,130,200,360,400,460,460,460,429,0,92,109.94672402564106,71.06733300000023,456.1364999999995,214.4941724941725
1776286251,200,POST,POST /v1/tweets/:id/like,35.400000,0.000000,95,100,110,120,150,420,500,570,670,670,670,498,0,94,120.78135903815266,70.70312499999964,673.6132080000008,0.0
1776286251,200,,Aggregated,258.800000,0.000000,440,510,560,580,650,700,810,910,1400,1700,1700,3849,0,290.0,322.26365398337333,70.70312499999964,1717.9958750000014,8244.669784359574
1776286252,200,GET,GET /v1/timeline/home,141.200000,0.000000,510,560,600,630,690,740,800,880,960,970,970,2271,0,430.0,403.30417129370414,74.52250000000049,1250.2025000000003,10735.935270805812
1776286252,200,GET,GET /v1/timeline/user/:id,56.700000,0.000000,430,480,520,540,600,650,690,810,1700,1700,1700,864,0,370.0,362.23199347106464,77.0761249999996,1717.9958750000014,11067.085648148148
1776286252,200,POST,POST /v1/tweets,28.900000,0.000000,92,98,100,110,120,130,150,200,200,200,200,460,0,92,108.95186590434787,71.06733300000023,456.1364999999995,214.4913043478261
1776286252,200,POST,POST /v1/tweets/:id/like,37.400000,0.000000,94,100,110,110,120,130,150,160,190,190,190,539,0,94,119.31346986827461,70.70312499999964,673.6132080000008,0.0
1776286252,200,,Aggregated,264.200000,0.000000,430,500,550,570,640,690,770,860,1400,1700,1700,4134,0,300.0,324.9395340933731,70.70312499999964,1717.9958750000014,8234.624334784712
1776286253,200,GET,GET /v1/timeline/home,144.000000,0.000000,520,570,610,630,690,740,800,880,960,970,970,2418,0,430.0,410.24891935897546,74.52250000000049,1250.2025000000003,10736.006203473946
1776286253,200,GET,GET /v1/timeline/user/:id,57.400000,0.000000,440,490,530,550,610,650,700,880,1700,1700,1700,920,0,370.0,370.26647199021716,77.0761249999996,1717.9958750000014,11067.375
1776286253,200,POST,POST /v1/tweets,27.700000,0.000000,92,99,100,110,120,130,150,200,200,200,200,486,0,92,108.88164143004113,71.06733300000023,456.1364999999995,214.49588477366254
1776286253,200,POST,POST /v1/tweets/:id/like,39.700000,0.000000,93,100,110,110,130,130,150,190,220,220,220,595,0,94,118.01494629915973,70.70312499999964,673.6132080000008,0.0
1776286253,200,,Aggregated,268.800000,0.000000,440,510,550,580,650,700,780,860,1400,1700,1700,4419,0,310.0,329.4325440199149,70.70312499999964,1717.9958750000014,8202.284000905182
1776286254,200,GET,GET /v1/timeline/home,150.300000,0.000000,510,560,600,630,680,740,800,870,970,990,990,2583,0,440.0,419.24873814905254,74.52250000000049,1250.2025000000003,10736.191250483933
1776286254,200,GET,GET /v1/timeline/user/:id,56.400000,0.000000,430,480,510,540,600,660,810,1300,1700,1700,1700,978,0,380.0,375.85077273108345,77.0761249999996,1731.0149579999993,11067.72290388548
1776286254,200,POST,POST /v1/tweets,28.900000,0.000000,92,99,100,110,120,130,150,200,200,200,200,512,0,92,108.03316061328124,71.06733300000023,456.1364999999995,214.50390625
1776286254,200,POST,POST /v1/tweets/:id/like,40.400000,0.000000,93,100,110,110,130,130,150,190,220,220,220,649,0,93,115.89906428043152,70.70312499999964,673.6132080000008,0.0
1776286254,200,,Aggregated,276.000000,0.000000,430,500,550,570,640,690,780,860,1600,1700,1700,4722,0,330.0,334.8227482681074,70.70312499999964,1731.0149579999993,8188.403430749682
1776286255,200,GET,GET /v1/timeline/home,151.400000,0.000000,510,560,590,620,680,700,780,800,960,990,990,2734,0,450.0,428.38063195647476,74.52250000000049,1250.2025000000003,10736.321141185077
1776286255,200,GET,GET /v1/timeline/user/:id,57.000000,0.000000,440,480,520,540,610,660,810,1300,1700,1700,1700,1035,0,380.0,378.10435320289815,77.0761249999996,1731.0149579999993,11068.184541062801
1776286255,200,POST,POST /v1/tweets,29.400000,0.000000,92,98,100,110,120,130,150,200,200,200,200,534,0,92,107.38651713857674,70.67470900000217,456.1364999999995,214.5
1776286255,200,POST,POST /v1/tweets/:id/like,41.600000,0.000000,93,100,110,110,120,130,150,190,220,220,220,694,0,93,114.45673062103756,70.70312499999964,673.6132080000008,0.0
1776286255,200,,Aggregated,279.400000,0.000000,440,500,540,570,640,680,750,790,1600,1700,1700,4997,0,340.0,340.0656442939767,70.67470900000217,1731.0149579999993,8189.556934160496
1776286256,200,GET,GET /v1/timeline/home,148.400000,0.000000,520,570,590,630,680,720,790,810,960,990,990,2858,0,460.0,434.50308555773347,74.52250000000049,1250.2025000000003,10736.395381385584
1776286256,200,GET,GET /v1/timeline/user/:id,57.700000,0.000000,420,470,500,520,590,640,810,1300,1700,1700,1700,1100,0,380.0,377.23376695272685,77.0761249999996,1731.0149579999993,11066.333636363637
1776286256,200,POST,POST /v1/tweets,28.500000,0.000000,91,98,100,110,120,130,150,200,200,200,200,562,0,92,106.57893377046261,70.67470900000217,456.1364999999995,214.5035587188612
1776286256,200,POST,POST /v1/tweets/:id/like,45.200000,0.000000,92,98,100,110,120,130,150,190,220,220,220,740,0,93,113.11438953783784,70.70312499999964,673.6132080000008,0.0
1776286256,200,,Aggregated,279.800000,0.000000,430,500,540,570,640,690,770,800,1600,1700,1700,5260,0,340.0,342.27546981159753,70.67470900000217,1731.0149579999993,8170.748288973384
1776286257,200,GET,GET /v1/timeline/home,150.500000,0.000000,520,580,610,640,690,760,800,860,1000,1000,1000,3018,0,460.0,441.6865212422137,74.52250000000049,1250.2025000000003,10736.517561298873
1776286257,200,GET,GET /v1/timeline/user/:id,56.700000,0.000000,430,480,520,540,600,660,810,1300,1700,1700,1700,1144,0,380.0,383.4232132727268,77.0761249999996,1731.0149579999993,11065.901223776224
1776286257,200,POST,POST /v1/tweets,28.800000,0.000000,92,100,100,110,120,140,180,200,200,200,200,585,0,92,106.70739570598289,70.67470900000217,456.1364999999995,214.50940170940171
1776286257,200,POST,POST /v1/tweets/:id/like,45.800000,0.000000,92,100,110,110,130,140,190,210,340,340,340,790,0,93,113.3237260151898,70.70312499999964,673.6132080000008,0.0
1776286257,200,,Aggregated,281.800000,0.000000,440,510,550,580,660,700,790,840,1600,1700,1700,5537,0,350.0,347.4075577267479,70.67470900000217,1731.0149579999993,8161.041899945819
1776286258,200,GET,GET /v1/timeline/home,149.400000,0.000000,520,570,610,640,690,760,810,880,1000,1000,1000,3176,0,470.0,443.9920065157437,74.52250000000049,1250.2025000000003,10736.695843828715
1776286258,200,GET,GET /v1/timeline/user/:id,57.500000,0.000000,420,470,500,530,590,660,860,1300,1700,1700,1700,1206,0,390.0,387.1978639328355,77.0761249999996,1731.0149579999993,11066.935323383084
1776286258,200,POST,POST /v1/tweets,29.600000,0.000000,92,100,110,110,120,140,170,180,200,200,200,606,0,92,106.48143995544552,70.67470900000217,456.1364999999995,214.509900990099
1776286258,200,POST,POST /v1/tweets/:id/like,46.400000,0.000000,93,100,110,110,130,140,170,210,340,340,340,849,0,93,112.58768331330968,70.70312499999964,673.6132080000008,0.0
1776286258,200,,Aggregated,282.900000,0.000000,430,500,550,580,660,700,790,860,1600,1700,1700,5837,0,360.0,349.013865400549,70.67470900000217,1731.0149579999993,8150.841699503169
1776286259,200,GET,GET /v1/timeline/home,149.400000,0.000000,520,580,620,640,700,770,810,880,1000,1000,1000,3321,0,470.0,448.0683692875649,74.52250000000049,1250.2025000000003,10736.79825353809
1776286259,200,GET,GET /v1/timeline/user/:id,56.400000,0.000000,420,480,510,540,600,660,730,860,1700,1700,1700,1270,0,400.0,392.79308325669274,77.0761249999996,1731.0149579999993,11066.05590551181
1776286259,200,POST,POST /v1/tweets,28.800000,0.000000,92,100,100,110,120,140,170,180,200,200,200,629,0,92,106.37134444515105,70.67470900000217,456.1364999999995,214.5119236883943
1776286259,200,POST,POST /v1/tweets/:id/like,46.700000,0.000000,93,100,110,110,130,140,180,210,340,340,340,899,0,94,112.60382518464952,70.70312499999964,673.6132080000008,0.0
1776286259,200,,Aggregated,281.300000,0.000000,430,510,550,580,670,710,790,840,1000,1700,1700,6119,0,370.0,352.1851094356933,70.67470900000217,1731.0149579999993,8146.0575257395
1776286260,200,GET,GET /v1/timeline/home,148.700000,0.000000,520,580,610,640,690,770,810,880,1000,1000,1000,3480,0,470.0,449.1132116824721,74.52250000000049,1250.2025000000003,10736.956609195402
1776286260,200,GET,GET /v1/timeline/user/:id,57.200000,0.000000,430,480,510,540,600,660,730,860,1700,1700,1700,1324,0,400.0,394.5636765370091,77.0761249999996,1731.0149579999993,11066.196374622357
1776286260,200,POST,POST /v1/tweets,27.800000,0.000000,93,100,110,110,130,150,180,180,200,200,200,658,0,92,106.57958736626149,70.67470900000217,456.1364999999995,214.51367781155014
1776286260,200,POST,POST /v1/tweets/:id/like,49.000000,0.000000,94,100,110,120,140,170,190,210,340,340,340,960,0,94,112.55850135312494,70.70312499999964,673.6132080000008,0.0
1776286260,200,,Aggregated,282.700000,0.000000,430,500,550,580,660,710,790,840,1000,1700,1700,6422,0,370.0,352.4605752376218,70.67470900000217,1731.0149579999993,8121.675957645593
1776286261,200,GET,GET /v1/timeline/home,149.200000,0.000000,520,570,610,640,690,770,810,880,1000,1000,1000,3618,0,470.0,449.6813072327262,74.52250000000049,1250.2025000000003,10737.0909342178
1776286261,200,GET,GET /v1/timeline/user/:id,57.400000,0.000000,440,490,530,550,610,670,730,860,1700,1700,1700,1386,0,410.0,398.94953663492066,77.0761249999996,1731.0149579999993,11068.005772005772
1776286261,200,POST,POST /v1/tweets,26.800000,0.000000,93,100,110,110,130,150,180,180,200,200,200,682,0,93,106.11589367888574,70.67470900000217,456.1364999999995,214.51612903225808
1776286261,200,POST,POST /v1/tweets/:id/like,49.200000,0.000000,93,100,110,120,130,170,190,210,340,340,340,1016,0,94,111.59765433169285,70.70312499999964,673.6132080000008,0.0
1776286261,200,,Aggregated,282.600000,0.000000,430,510,550,580,660,710,790,840,1000,1700,1700,6702,0,370.0,352.9760196410039,70.67470900000217,1731.0149579999993,8107.035362578335
1776286262,200,GET,GET /v1/timeline/home,151.100000,0.000000,520,570,610,640,690,770,820,880,1000,1000,1000,3762,0,470.0,452.35764970467915,74.52250000000049,1250.2025000000003,10737.240563530037
1776286262,200,GET,GET /v1/timeline/user/:id,56.500000,0.000000,450,490,530,550,610,670,700,790,1700,1700,1700,1445,0,410.0,402.2791308740486,77.0761249999996,1731.0149579999993,11067.306574394464
1776286262,200,POST,POST /v1/tweets,25.600000,0.000000,95,100,110,110,130,150,170,180,200,200,200,708,0,93,106.19568165677973,70.67470900000217,456.1364999999995,214.51271186440678
1776286262,200,POST,POST /v1/tweets/:id/like,50.700000,0.000000,95,110,110,120,140,160,180,190,340,340,340,1070,0,95,111.88468318317753,70.70312499999964,673.6132080000008,0.0
1776286262,200,,Aggregated,283.900000,0.000000,430,510,550,580,660,700,790,840,1000,1700,1700,6985,0,380.0,354.75532940887695,70.67470900000217,1731.0149579999993,8094.149176807445
1776286263,200,GET,GET /v1/timeline/home,150.500000,0.000000,520,570,610,640,700,770,820,880,1000,1000,1000,3926,0,470.0,454.36461972975064,74.52250000000049,1250.2025000000003,10737.292409577178
1776286263,200,GET,GET /v1/timeline/user/:id,56.600000,0.000000,450,500,540,560,610,660,700,760,880,880,880,1500,0,410.0,403.9872857966673,77.0761249999996,1731.0149579999993,11066.813333333334
1776286263,200,POST,POST /v1/tweets,25.400000,0.000000,97,100,110,110,130,160,170,180,200,200,200,736,0,93,106.45436637635879,70.67470900000217,456.1364999999995,214.50815217391303
1776286263,200,POST,POST /v1/tweets/:id/like,50.600000,0.000000,99,110,120,130,140,180,200,220,340,340,340,1138,0,95,113.0515396282952,70.70312499999964,673.6132080000008,0.0
1776286263,200,,Aggregated,283.100000,0.000000,430,510,550,580,660,710,790,840,990,1000,1000,7300,0,380.0,355.7286974663022,70.67470900000217,1731.0149579999993,8070.233972602739
1776286264,200,GET,GET /v1/timeline/home,149.000000,0.000000,500,550,590,610,690,750,810,880,1000,1000,1000,4090,0,470.0,454.50725792934,74.52250000000049,1250.2025000000003,10737.416381418094
1776286264,200,GET,GET /v1/timeline/user/:id,57.900000,0.000000,440,500,530,550,600,660,700,760,880,880,880,1567,0,410.0,405.3055714396943,77.0761249999996,1731.0149579999993,11067.252712188896
1776286264,200,POST,POST /v1/tweets,24.300000,0.000000,98,110,110,120,130,160,170,180,200,200,200,762,0,93,106.32338116010504,70.67470900000217,456.1364999999995,214.50918635170603
1776286264,200,POST,POST /v1/tweets/:id/like,51.500000,0.000000,100,110,120,130,140,170,200,210,340,340,340,1202,0,96,112.70917253410981,70.70312499999964,673.6132080000008,0.0
1776286264,200,,Aggregated,282.700000,0.000000,420,490,540,560,640,690,770,820,990,1000,1000,7621,0,380.0,355.6676757914983,70.67470900000217,1731.0149579999993,8059.555701351529
1776286265,200,GET,GET /v1/timeline/home,149.200000,0.000000,480,540,580,600,680,750,810,870,1000,1000,1000,4250,0,470.0,455.8832261800001,74.52250000000049,1250.2025000000003,10737.472470588235
1776286265,200,GET,GET /v1/timeline/user/:id,57.100000,0.000000,450,500,540,560,610,670,710,790,880,880,880,1627,0,410.0,406.10152427166634,77.0761249999996,1731.0149579999993,11067.235402581438
1776286265,200,POST,POST /v1/tweets,24.700000,0.000000,99,110,120,120,140,160,180,180,200,200,200,796,0,93,106.22666255904532,70.67470900000217,456.1364999999995,214.50502512562815
1776286265,200,POST,POST /v1/tweets/:id/like,53.600000,0.000000,100,120,130,130,150,180,200,210,340,340,340,1267,0,96,112.87719814680347,70.70312499999964,673.6132080000008,0.0
1776286265,200,,Aggregated,284.600000,0.000000,420,480,530,560,640,690,770,820,990,1000,1000,7940,0,380.0,355.89454971083205,70.67470900000217,1731.0149579999993,8036.699748110831
1776286266,200,GET,GET /v1/timeline/home,150.600000,0.000000,470,530,570,590,670,720,790,830,920,990,990,4375,0,470.0,456.673017784229,74.52250000000049,1250.2025000000003,10737.514057142856
1776286266,200,GET,GET /v1/timeline/user/:id,57.500000,0.000000,460,510,550,570,640,700,790,860,950,950,950,1693,0,410.0,410.75925796633254,77.0761249999996,1731.0149579999993,11068.841110454814
1776286266,200,POST,POST /v1/tweets,25.300000,0.000000,99,110,120,120,140,160,180,180,180,180,180,817,0,93,106.35079383476139,70.67470900000217,456.1364999999995,214.50061199510404
1776286266,200,POST,POST /v1/tweets/:id/like,54.400000,0.000000,110,120,130,140,160,180,210,240,330,330,330,1324,0,96,113.79972665861033,70.70312499999964,673.6132080000008,0.0
1776286266,200,,Aggregated,287.800000,0.000000,410,480,520,550,620,690,760,810,920,990,990,8209,0,380.0,357.03731431380294,70.67470900000217,1731.0149579999993,8026.7290778413935
1776286267,200,GET,GET /v1/timeline/home,150.300000,0.000000,470,530,560,590,660,710,770,820,910,920,920,4529,0,470.0,457.6985617895783,74.52250000000049,1250.2025000000003,10737.54846544491
1776286267,200,GET,GET /v1/timeline/user/:id,58.100000,0.000000,460,510,550,560,640,690,780,840,950,950,950,1753,0,420.0,412.66328788191737,77.0761249999996,1731.0149579999993,11069.127780946948
1776286267,200,POST,POST /v1/tweets,26.000000,0.000000,100,110,120,130,150,170,180,200,230,230,230,837,0,93,107.16679447550784,70.67470900000217,456.1364999999995,214.50179211469535
1776286267,200,POST,POST /v1/tweets/:id/like,56.700000,0.000000,110,120,130,140,170,190,240,260,330,330,330,1374,0,97,114.27204279475995,70.70312499999964,673.6132080000008,0.0
1776286267,200,,Aggregated,291.100000,0.000000,410,470,520,550,610,680,750,800,910,950,950,8493,0,380.0,358.29788340727714,70.67470900000217,1731.0149579999993,8031.799835158366
1776286268,200,GET,GET /v1/timeline/home,150.300000,0.000000,470,530,560,590,660,710,780,820,920,960,960,4679,0,470.0,458.9557995319518,74.52250000000049,1250.2025000000003,10737.687540072666
1776286268,200,GET,GET /v1/timeline/user/:id,58.600000,0.000000,450,500,540,560,640,680,780,840,950,950,950,1809,0,420.0,413.0920716042019,77.0761249999996,1731.0149579999993,11069.47042564953
1776286268,200,POST,POST /v1/tweets,25.200000,0.000000,100,120,130,130,160,180,200,210,270,270,270,867,0,94,108.03904457093434,70.67470900000217,456.1364999999995,214.4948096885813
1776286268,200,POST,POST /v1/tweets/:id/like,57.800000,0.000000,110,120,130,140,180,210,260,270,360,360,360,1431,0,97,115.44318029769404,70.70312499999964,673.6132080000008,0.0
1776286268,200,,Aggregated,291.900000,0.000000,410,470,520,540,620,680,760,800,920,960,960,8786,0,390.0,358.9354411781251,70.67470900000217,1731.0149579999993,8018.697814705213
1776286269,200,GET,GET /v1/timeline/home,148.400000,0.000000,470,530,560,580,660,710,780,820,960,1000,1000,4826,0,470.0,459.9222518491511,74.52250000000049,1250.2025000000003,10737.796726067136
1776286269,200,GET,GET /v1/timeline/user/:id,60.200000,0.000000,460,510,550,570,650,700,790,840,950,950,950,1878,0,420.0,416.95553973109764,77.0761249999996,1731.0149579999993,11068.394036208732
1776286269,200,POST,POST /v1/tweets,25.600000,0.000000,100,120,130,140,170,190,220,250,270,270,270,899,0,95,109.01923787875417,70.67470900000217,456.1364999999995,214.49833147942158
1776286269,200,POST,POST /v1/tweets/:id/like,58.200000,0.000000,110,130,140,150,190,230,260,300,360,360,360,1483,0,98,116.61509359541485,70.70312499999964,673.6132080000008,0.0
1776286269,200,,Aggregated,292.400000,0.000000,410,470,520,540,620,680,760,800,950,1000,1000,9086,0,390.0,360.2878901270095,70.67470900000217,1731.0149579999993,8012.313999559762
1776286270,200,GET,GET /v1/timeline/home,148.000000,0.000000,470,520,560,580,660,710,780,820,960,1000,1000,4970,0,470.0,458.279578863985,74.52250000000049,1250.2025000000003,10737.825352112675
1776286270,200,GET,GET /v1/timeline/user/:id,59.900000,0.000000,450,500,540,570,640,700,790,840,950,950,950,1940,0,420.0,417.0031273979388,77.0761249999996,1731.0149579999993,11068.287113402062
1776286270,200,POST,POST /v1/tweets,25.800000,0.000000,110,130,150,160,190,210,240,250,270,270,270,947,0,96,111.2889330559662,70.67470900000217,456.1364999999995,214.5026399155227
1776286270,200,POST,POST /v1/tweets/:id/like,58.200000,0.000000,110,130,140,160,210,240,260,310,360,360,360,1559,0,99,118.16814676138563,70.70312499999964,673.6132080000008,0.0
1776286270,200,,Aggregated,291.900000,0.000000,400,460,510,540,610,680,760,800,950,1000,1000,9416,0,380.0,358.5652436821379,70.67470900000217,1731.0149579999993,7969.690208156329
1776286271,200,GET,GET /v1/timeline/home,149.100000,0.000000,460,510,550,570,640,700,770,800,960,1000,1000,5139,0,470.0,457.72970384063143,74.52250000000049,1250.2025000000003,10737.835765713175
1776286271,200,GET,GET /v1/timeline/user/:id,60.800000,0.000000,440,490,530,560,640,700,790,840,950,950,950,1986,0,420.0,417.628281149044,77.0761249999996,1731.0149579999993,11068.15961732125
1776286271,200,POST,POST /v1/tweets,26.400000,0.000000,110,130,150,160,190,210,240,250,270,270,270,972,0,96,111.19121354218106,70.67470900000217,456.1364999999995,214.50720164609052
1776286271,200,POST,POST /v1/tweets/:id/like,58.200000,0.000000,110,130,140,160,210,240,260,310,360,360,360,1621,0,99,117.7081136428132,70.70312499999964,673.6132080000008,0.0
1776286271,200,,Aggregated,294.500000,0.000000,390,460,500,530,600,670,740,790,950,1000,1000,9718,0,380.0,358.15655754033844,70.67470900000217,1731.0149579999993,7961.679769499897
1776286272,200,GET,GET /v1/timeline/home,147.500000,0.000000,460,500,540,560,630,680,760,790,960,1000,1000,5292,0,460.0,457.7715780973179,74.52250000000049,1250.2025000000003,10737.92857142857
1776286272,200,GET,GET /v1/timeline/user/:id,60.300000,0.000000,440,490,520,550,630,700,780,830,950,950,950,2046,0,420.0,416.99791556256173,77.0761249999996,1731.0149579999993,11069.067448680353
1776286272,200,POST,POST /v1/tweets,28.100000,0.000000,110,130,140,160,190,210,240,250,270,270,270,1011,0,96,110.52830438278934,70.67470900000217,456.1364999999995,214.5074183976261
1776286272,200,POST,POST /v1/tweets/:id/like,59.600000,0.000000,110,130,140,150,200,230,260,310,360,360,360,1696,0,98,116.96316731073115,70.70312499999964,673.6132080000008,0.0
1776286272,200,,Aggregated,295.500000,0.000000,390,450,490,520,590,660,730,780,950,1000,1000,10045,0,380.0,356.97546779711416,70.67470900000217,1731.0149579999993,7933.230164260826
1776286273,200,GET,GET /v1/timeline/home,149.900000,0.000000,460,500,540,560,630,680,760,790,960,1000,1000,5448,0,460.0,457.87629528340796,74.52250000000049,1250.2025000000003,10737.93447136564
1776286273,200,GET,GET /v1/timeline/user/:id,59.600000,0.000000,440,490,530,550,630,700,790,830,950,950,950,2091,0,420.0,417.1268503448117,77.0761249999996,1731.0149579999993,11067.71544715447
1776286273,200,POST,POST /v1/tweets,28.300000,0.000000,110,130,140,150,190,210,240,250,270,270,270,1033,0,96,110.52800119361085,70.67470900000217,456.1364999999995,214.51016456921587
1776286273,200,POST,POST /v1/tweets/:id/like,60.700000,0.000000,110,130,140,150,200,230,260,310,360,360,360,1756,0,98,116.44477193166288,67.672917000003,673.6132080000008,0.0
1776286273,200,,Aggregated,298.500000,0.000000,390,450,490,520,590,670,730,790,950,1000,1000,10328,0,380.0,356.8333409682428,67.672917000003,1731.0149579999993,7926.45710689388
1776286274,200,GET,GET /v1/timeline/home,149.100000,0.000000,460,510,550,570,630,680,750,790,960,1000,1000,5599,0,470.0,459.46708138971354,74.52250000000049,1250.2025000000003,10737.968744418646
1776286274,200,GET,GET /v1/timeline/user/:id,58.800000,0.000000,450,500,540,560,650,710,790,840,950,950,950,2152,0,420.0,419.74436783039084,77.0761249999996,1731.0149579999993,11068.14219330855
1776286274,200,POST,POST /v1/tweets,30.100000,0.000000,110,130,150,160,190,210,240,250,270,270,270,1057,0,96,110.1533698949858,70.6290420000002,456.1364999999995,214.50993377483445
1776286274,200,POST,POST /v1/tweets/:id/like,61.400000,0.000000,110,120,130,150,200,230,260,310,360,360,360,1815,0,98,115.72863265013774,67.672917000003,673.6132080000008,0.0
1776286274,200,,Aggregated,299.400000,0.000000,400,460,500,530,590,670,730,780,950,1000,1000,10623,0,390.0,357.93331907286154,67.672917000003,1731.0149579999993,7923.116445448555
1776286275,200,GET,GET /v1/timeline/home,150.600000,0.000000,470,520,550,570,640,680,720,760,960,1000,1000,5745,0,470.0,461.1092347594442,74.52250000000049,1250.2025000000003,10738.023846823324
1776286275,200,GET,GET /v1/timeline/user/:id,59.100000,0.000000,450,490,520,540,620,680,730,770,840,840,840,2208,0,420.0,420.2240456788952,77.0761249999996,1731.0149579999993,11068.002264492754
1776286275,200,POST,POST /v1/tweets,29.600000,0.000000,100,130,140,150,190,210,240,250,270,270,270,1088,0,96,109.65731389522061,69.39620800000057,456.1364999999995,214.50919117647058
1776286275,200,POST,POST /v1/tweets/:id/like,62.300000,0.000000,100,120,130,140,190,220,260,290,360,360,360,1880,0,98,114.91808407180851,67.672917000003,673.6132080000008,0.0
1776286275,200,,Aggregated,301.600000,0.000000,400,470,500,530,590,660,710,760,840,1000,1000,10921,0,390.0,358.2346307229201,67.672917000003,1731.0149579999993,7907.836461862466
1776286276,200,GET,GET /v1/timeline/home,151.200000,0.000000,470,520,560,570,630,680,720,760,960,1000,1000,5898,0,470.0,462.64296680112045,74.52250000000049,1250.2025000000003,10738.09477789081
1776286276,200,GET,GET /v1/timeline/user/:id,59.500000,0.000000,440,490,520,540,600,660,730,770,840,840,840,2275,0,420.0,420.47718088879157,77.0761249999996,1731.0149579999993,11067.718241758243
1776286276,200,POST,POST /v1/tweets,29.200000,0.000000,100,120,130,140,180,210,240,250,270,270,270,1116,0,95,109.15356221774196,69.39620800000057,456.1364999999995,214.5089605734767
1776286276,200,POST,POST /v1/tweets/:id/like,60.300000,0.000000,100,110,120,130,170,220,250,280,360,360,360,1937,0,98,114.41763864429537,67.672917000003,673.6132080000008,0.0
1776286276,200,,Aggregated,300.200000,0.000000,400,470,500,530,590,650,710,760,870,1000,1000,11226,0,390.0,358.8719175310898,67.672917000003,1731.0149579999993,7905.908961339747
1776286277,200,GET,GET /v1/timeline/home,149.400000,0.000000,480,530,560,580,650,690,740,780,960,1000,1000,6044,0,470.0,464.54401280741365,74.52250000000049,1250.2025000000003,10738.100264725348
1776286277,200,GET,GET /v1/timeline/user/:id,58.400000,0.000000,450,490,510,540,600,660,730,770,840,840,840,2340,0,420.0,421.1804129534194,77.0761249999996,1731.0149579999993,11067.091452991453
1776286277,200,POST,POST /v1/tweets,29.200000,0.000000,97,110,120,130,160,200,230,250,260,260,260,1150,0,95,108.69111487217398,69.39620800000057,456.1364999999995,214.5095652173913
1776286277,200,POST,POST /v1/tweets/:id/like,61.200000,0.000000,99,110,120,130,160,210,230,260,350,350,350,1976,0,97,114.11365222722677,67.672917000003,673.6132080000008,0.0
1776286277,200,,Aggregated,298.200000,0.000000,400,470,510,540,600,660,720,760,870,1000,1000,11510,0,390.0,360.01299206107853,67.672917000003,1731.0149579999993,7910.057167680278
1776286278,200,GET,GET /v1/timeline/home,150.100000,0.000000,480,540,570,580,650,680,730,760,860,870,870,6197,0,470.0,465.6430441065042,74.52250000000049,1250.2025000000003,10738.104889462644
1776286278,200,GET,GET /v1/timeline/user/:id,57.600000,0.000000,430,480,500,520,580,620,680,710,840,840,840,2403,0,420.0,420.70785671327565,77.0761249999996,1731.0149579999993,11066.534332084893
1776286278,200,POST,POST /v1/tweets,29.300000,0.000000,95,100,120,130,150,180,210,230,250,250,250,1178,0,95,108.21739436672333,69.39620800000057,456.1364999999995,214.51273344651952
1776286278,200,POST,POST /v1/tweets/:id/like,61.100000,0.000000,97,110,120,120,140,180,220,230,350,350,350,2024,0,97,113.6597160360673,67.672917000003,673.6132080000008,0.0
1776286278,200,,Aggregated,298.100000,0.000000,400,470,510,540,590,660,700,730,860,870,870,11802,0,390.0,360.45401455948314,67.672917000003,1731.0149579999993,7913.032875783765
1776286279,200,GET,GET /v1/timeline/home,150.600000,0.000000,490,550,570,590,660,690,740,770,870,900,900,6345,0,470.0,467.11761876091526,74.52250000000049,1250.2025000000003,10738.17037037037
1776286279,200,GET,GET /v1/timeline/user/:id,58.600000,0.000000,430,480,510,520,570,620,680,720,840,840,840,2459,0,420.0,421.62095584749966,77.0761249999996,1731.0149579999993,11064.86701911346
1776286279,200,POST,POST /v1/tweets,30.000000,0.000000,92,100,110,120,140,150,180,220,230,230,230,1214,0,95,107.93017688220766,69.39620800000057,456.1364999999995,214.50906095551895
1776286279,200,POST,POST /v1/tweets/:id/like,60.200000,0.000000,94,100,110,120,130,140,160,190,230,230,230,2081,0,97,113.38523192311399,67.672917000003,673.6132080000008,0.0
1776286279,200,,Aggregated,299.400000,0.000000,410,480,520,540,600,670,720,740,860,900,900,12099,0,390.0,360.9892655454186,67.672917000003,1731.0149579999993,7901.695429374328
1776286280,200,GET,GET /v1/timeline/home,151.200000,0.000000,510,560,590,610,670,710,750,790,900,950,950,6497,0,480.0,468.9965510557189,74.52250000000049,1250.2025000000003,10738.239341234415
1776286280,200,GET,GET /v1/timeline/user/:id,58.100000,0.000000,440,480,510,530,590,650,700,740,840,840,840,2519,0,430.0,423.36110060619376,77.0761249999996,1731.0149579999993,11065.198491464867
1776286280,200,POST,POST /v1/tweets,30.900000,0.000000,89,97,100,100,120,130,150,150,180,180,180,1247,0,94,107.30199337369696,65.81116600000314,456.1364999999995,214.51162790697674
1776286280,200,POST,POST /v1/tweets/:id/like,59.000000,0.000000,93,100,110,110,120,140,150,160,220,220,220,2123,0,97,112.9773438568065,67.672917000003,673.6132080000008,0.0
1776286280,200,,Aggregated,299.200000,0.000000,420,490,540,560,630,680,730,760,870,950,950,12386,0,400.0,362.27786948014017,65.81116600000314,1731.0149579999993,7904.656224769901
1776286281,200,GET,GET /v1/timeline/home,152.600000,0.000000,510,560,590,610,670,710,750,790,900,950,950,6652,0,480.0,469.7372053768804,74.52250000000049,1250.2025000000003,10738.319452796151
1776286281,200,GET,GET /v1/timeline/user/:id,56.700000,0.000000,440,490,510,530,590,660,700,740,2100,2100,2100,2577,0,430.0,424.07977231703586,77.0761249999996,2119.679750000003,11065.234381063252
1776286281,200,POST,POST /v1/tweets,31.000000,0.000000,89,96,100,100,120,130,150,150,180,180,180,1269,0,94,107.0523213049646,65.81116600000314,456.1364999999995,214.51142631993696
1776286281,200,POST,POST /v1/tweets/:id/like,59.000000,0.000000,92,100,110,110,120,130,150,160,220,220,220,2183,0,97,112.44117808337158,67.672917000003,673.6132080000008,0.0
1776286281,200,,Aggregated,299.300000,0.000000,430,500,540,560,630,680,730,770,900,2100,2100,12681,0,400.0,362.6570421039365,65.81116600000314,2119.679750000003,7903.053781247536
1776286282,200,GET,GET /v1/timeline/home,152.500000,0.000000,520,570,600,620,680,720,770,790,900,950,950,6792,0,480.0,470.9514681604842,74.52250000000049,1250.2025000000003,10738.400176678446
1776286282,200,GET,GET /v1/timeline/user/:id,57.600000,0.000000,440,490,520,540,590,660,700,740,2100,2100,2100,2645,0,420.0,423.1122282204163,77.0761249999996,2119.679750000003,11064.54820415879
1776286282,200,POST,POST /v1/tweets,30.300000,0.000000,88,95,99,100,110,120,140,150,180,180,180,1281,0,94,106.92412785089775,65.81116600000314,456.1364999999995,214.5128805620609
1776286282,200,POST,POST /v1/tweets/:id/like,56.500000,0.000000,92,99,100,110,120,130,140,160,340,340,340,2263,0,97,112.0236605554575,67.672917000003,673.6132080000008,0.0
1776286282,200,,Aggregated,296.900000,0.000000,430,510,550,570,640,680,740,770,900,2100,2100,12981,0,400.0,362.70807849957697,65.81116600000314,2119.679750000003,7894.28664971882
1776286283,200,GET,GET /v1/timeline/home,149.900000,0.000000,530,580,610,640,690,730,790,840,990,1000,1000,6950,0,480.0,473.6805874401451,74.52250000000049,1250.2025000000003,10738.431223021582
1776286283,200,GET,GET /v1/timeline/user/:id,57.800000,0.000000,440,490,510,530,590,650,700,740,2100,2100,2100,2687,0,430.0,425.0769961615188,77.0761249999996,2119.679750000003,11063.665798288053
1776286283,200,POST,POST /v1/tweets,30.400000,0.000000,89,95,100,100,120,130,150,160,200,200,200,1301,0,94,107.03626661106837,65.81116600000314,456.1364999999995,214.51421983089932
1776286283,200,POST,POST /v1/tweets/:id/like,55.800000,0.000000,92,100,110,110,120,140,160,180,340,340,340,2308,0,97,112.18305410528612,67.672917000003,673.6132080000008,0.0
1776286283,200,,Aggregated,293.900000,0.000000,440,510,550,580,650,700,750,790,990,2100,2100,13246,0,400.0,364.8221835369935,65.81116600000314,2119.679750000003,7899.686697871055
1776286284,200,GET,GET /v1/timeline/home,150.300000,0.000000,530,580,620,640,690,740,790,850,990,1000,1000,7113,0,480.0,474.66876701209156,74.52250000000049,1250.2025000000003,10738.490369745536
1776286284,200,GET,GET /v1/timeline/user/:id,59.600000,0.000000,450,490,520,540,610,660,720,770,2100,2100,2100,2741,0,430.0,426.39554167274747,77.0761249999996,2119.679750000003,11063.806275082086
1776286284,200,POST,POST /v1/tweets,27.400000,0.000000,90,96,100,110,120,140,160,160,200,200,200,1328,0,94,107.03826624021086,65.81116600000314,456.1364999999995,214.51430722891567
1776286284,200,POST,POST /v1/tweets/:id/like,56.800000,0.000000,93,100,110,110,130,140,160,180,340,340,340,2368,0,97,111.97620741638524,67.672917000003,673.6132080000008,0.0
1776286284,200,,Aggregated,294.100000,0.000000,440,510,550,580,650,700,770,800,990,2100,2100,13550,0,400.0,365.4889738901117,65.81116600000314,2119.679750000003,7896.210332103321
1776286285,200,GET,GET /v1/timeline/home,148.500000,0.000000,520,570,610,640,690,740,790,850,990,1000,1000,7258,0,480.0,474.29799465086876,74.52250000000049,1250.2025000000003,10738.567373932212
1776286285,200,GET,GET /v1/timeline/user/:id,59.000000,0.000000,450,500,530,550,610,670,730,770,2100,2100,2100,2801,0,430.0,427.6933759735812,77.0761249999996,2119.679750000003,11063.90931810068
1776286285,200,POST,POST /v1/tweets,26.400000,0.000000,90,97,100,110,120,140,150,160,200,200,200,1354,0,94,106.7693999446086,65.81116600000314,456.1364999999995,214.51329394387002
1776286285,200,POST,POST /v1/tweets/:id/like,54.900000,0.000000,93,100,110,110,130,140,160,180,340,340,340,2427,0,97,111.58155392459834,67.672917000003,673.6132080000008,0.0
1776286285,200,,Aggregated,288.800000,0.000000,440,510,550,580,650,700,770,800,990,2100,2100,13840,0,400.0,365.3033374406084,65.81116600000314,2119.679750000003,7891.6895231213875
1776286286,200,GET,GET /v1/timeline/home,149.600000,0.000000,520,570,600,630,690,740,790,840,990,1000,1000,7395,0,480.0,474.8455954201495,74.52250000000049,1250.2025000000003,10738.642325895875
1776286286,200,GET,GET /v1/timeline/user/:id,57.800000,0.000000,450,490,520,540,610,670,730,770,2100,2100,2100,2867,0,430.0,427.3069987429372,77.0761249999996,2119.679750000003,11063.36658528078
1776286286,200,POST,POST /v1/tweets,26.300000,0.000000,90,97,100,110,120,140,160,160,200,200,200,1384,0,93,106.47506631141623,65.81116600000314,456.1364999999995,214.51806358381504
1776286286,200,POST,POST /v1/tweets/:id/like,55.100000,0.000000,93,100,110,110,130,140,160,170,340,340,340,2493,0,96,111.11548920176493,67.672917000003,673.6132080000008,0.0
1776286286,200,,Aggregated,288.800000,0.000000,430,500,550,570,650,700,770,800,990,2100,2100,14139,0,400.0,365.014834845676,65.81116600000314,2119.679750000003,7880.884433128227
1776286287,200,GET,GET /v1/timeline/home,150.400000,0.000000,520,570,600,630,680,740,800,850,990,1000,1000,7537,0,480.0,475.7639828196902,74.52250000000049,1250.2025000000003,10738.686745389412
1776286287,200,GET,GET /v1/timeline/user/:id,58.100000,0.000000,440,490,520,540,610,670,730,770,2100,2100,2100,2928,0,430.0,427.06814877151675,77.0761249999996,2119.679750000003,11062.25887978142
1776286287,200,POST,POST /v1/tweets,26.600000,0.000000,90,97,100,110,120,140,160,160,200,200,200,1410,0,93,106.20385846950356,65.81116600000314,456.1364999999995,214.51560283687942
1776286287,200,POST,POST /v1/tweets/:id/like,54.100000,0.000000,93,100,110,110,130,140,160,170,340,340,340,2554,0,96,110.68408064017234,67.672917000003,673.6132080000008,0.0
1776286287,200,,Aggregated,289.200000,0.000000,430,500,540,570,640,690,770,810,990,2100,2100,14429,0,400.0,365.14819187137124,65.81116600000314,2119.679750000003,7875.129461501144
1776286288,200,GET,GET /v1/timeline/home,149.700000,0.000000,510,560,590,620,680,730,790,850,990,1000,1000,7687,0,480.0,476.19455417301987,74.52250000000049,1250.2025000000003,10738.732925718747
1776286288,200,GET,GET /v1/timeline/user/:id,59.700000,0.000000,450,500,520,550,610,670,740,770,2100,2100,2100,2995,0,430.0,427.8069067959937,77.0761249999996,2119.679750000003,11061.97529215359
1776286288,200,POST,POST /v1/tweets,26.600000,0.000000,91,99,110,110,130,150,190,200,220,220,220,1444,0,93,106.53328700900275,65.81116600000314,456.1364999999995,214.51731301939057
1776286288,200,POST,POST /v1/tweets/:id/like,54.500000,0.000000,93,100,110,110,130,150,170,180,340,340,340,2603,0,96,110.73839764771425,67.672917000003,673.6132080000008,0.0
1776286288,200,,Aggregated,290.500000,0.000000,430,500,540,560,640,690,770,800,990,2100,2100,14729,0,400.0,365.52891162332884,65.81116600000314,2119.679750000003,7874.873990087583
1776286289,200,GET,GET /v1/timeline/home,150.500000,0.000000,510,560,590,620,680,730,780,830,990,1000,1000,7848,0,480.0,476.4998171829767,74.52250000000049,1250.2025000000003,10738.811289500509
1776286289,200,GET,GET /v1/timeline/user/:id,59.300000,0.000000,440,490,530,550,610,660,740,770,2100,2100,2100,3055,0,430.0,429.0522091721771,77.0761249999996,2119.679750000003,11062.162684124387
1776286289,200,POST,POST /v1/tweets,26.200000,0.000000,91,100,110,120,130,150,190,200,220,220,220,1470,0,93,106.34162436326532,65.81116600000314,456.1364999999995,214.5156462585034
1776286289,200,POST,POST /v1/tweets/:id/like,56.400000,0.000000,93,100,110,110,130,150,170,180,340,340,340,2658,0,96,110.5001099969903,67.672917000003,673.6132080000008,0.0
1776286289,200,,Aggregated,292.400000,0.000000,430,500,540,560,640,690,760,790,990,2100,2100,15031,0,400.0,365.9341723410956,65.81116600000314,2119.679750000003,7876.284744860622
1776286290,200,GET,GET /v1/timeline/home,148.900000,0.000000,500,550,580,610,670,730,790,840,990,1000,1000,8017,0,480.0,476.21611742210274,74.52250000000049,1250.2025000000003,10738.832855182736
1776286290,200,GET,GET /v1/timeline/user/:id,58.600000,0.000000,450,490,520,550,620,660,740,770,2100,2100,2100,3107,0,430.0,429.33103113356975,77.0761249999996,2119.679750000003,11061.509494689411
1776286290,200,POST,POST /v1/tweets,26.300000,0.000000,92,100,110,120,130,150,190,200,220,220,220,1502,0,93,106.06129010119847,65.81116600000314,456.1364999999995,214.51531291611184
1776286290,200,POST,POST /v1/tweets/:id/like,57.500000,0.000000,94,100,110,120,140,150,170,180,340,340,340,2723,0,96,110.36094393242746,67.672917000003,673.6132080000008,0.0
1776286290,200,,Aggregated,291.300000,0.000000,420,490,530,560,630,680,760,800,990,2100,2100,15349,0,400.0,365.5986080633927,65.81116600000314,2119.679750000003,7869.146849957652
1776286291,200,GET,GET /v1/timeline/home,148.400000,0.000000,500,550,580,600,670,720,780,840,990,1000,1000,8159,0,480.0,476.5353253458757,74.52250000000049,1250.2025000000003,10738.856845201617
1776286291,200,GET,GET /v1/timeline/user/:id,60.100000,0.000000,450,500,530,550,610,660,730,770,850,850,850,3173,0,430.0,429.42225452442506,77.0761249999996,2119.679750000003,11060.788843365899
1776286291,200,POST,POST /v1/tweets,25.400000,0.000000,92,100,110,120,130,150,190,200,220,220,220,1527,0,93,105.93251919842838,65.81116600000314,456.1364999999995,214.51604453176162
1776286291,200,POST,POST /v1/tweets/:id/like,57.200000,0.000000,96,110,110,120,140,150,170,180,340,340,340,2790,0,96,110.16818316845875,67.672917000003,673.6132080000008,0.0
1776286291,200,,Aggregated,291.100000,0.000000,420,490,530,560,630,680,760,790,900,1000,1000,15649,0,400.0,365.5017394695514,65.81116600000314,2119.679750000003,7862.597098856157
1776286292,200,GET,GET /v1/timeline/home,150.100000,0.000000,500,540,580,600,660,720,780,830,900,1000,1000,8318,0,480.0,477.4992932042558,74.52250000000049,1250.2025000000003,10738.922216879057
1776286292,200,GET,GET /v1/timeline/user/:id,59.200000,0.000000,440,490,520,540,600,660,720,770,810,810,810,3218,0,430.0,428.8881034617777,77.0761249999996,2119.679750000003,11060.325046612803
1776286292,200,POST,POST /v1/tweets,25.500000,0.000000,91,100,110,120,130,140,190,200,220,220,220,1568,0,93,105.66156211543377,65.81116600000314,456.1364999999995,214.51530612244898
1776286292,200,POST,POST /v1/tweets/:id/like,58.400000,0.000000,95,110,110,120,130,150,170,180,210,210,210,2855,0,96,109.93165088791596,67.672917000003,673.6132080000008,0.0
1776286292,200,,Aggregated,293.200000,0.000000,420,490,530,550,620,670,750,780,870,1000,1000,15959,0,400.0,365.4071828118933,65.81116600000314,2119.679750000003,7848.53944482737
1776286293,200,GET,GET /v1/timeline/home,150.100000,0.000000,490,540,570,580,650,700,770,790,870,870,870,8490,0,480.0,476.83005789540647,74.52250000000049,1250.2025000000003,10738.94605418139
1776286293,200,GET,GET /v1/timeline/user/:id,57.500000,0.000000,430,470,510,520,580,640,670,760,770,770,770,3275,0,430.0,427.0781430338932,76.93191599999949,2119.679750000003,11059.061679389313
1776286293,200,POST,POST /v1/tweets,25.400000,0.000000,91,100,110,120,130,150,200,210,220,220,220,1607,0,93,105.90558498070949,65.81116600000314,456.1364999999995,214.52271313005602
1776286293,200,POST,POST /v1/tweets/:id/like,59.600000,0.000000,96,110,110,120,140,160,200,250,300,300,300,2925,0,96,110.46143059487174,67.672917000003,673.6132080000008,0.0
1776286293,200,,Aggregated,292.600000,0.000000,400,470,520,540,600,660,730,770,870,870,870,16297,0,400.0,364.5000963074186,65.81116600000314,2119.679750000003,7838.057127078603
1776286294,200,GET,GET /v1/timeline/home,149.800000,0.000000,470,530,560,580,640,690,760,790,870,870,870,8688,0,480.0,471.37904310877093,74.52250000000049,1250.2025000000003,10739.037062615102
1776286294,200,GET,GET /v1/timeline/user/:id,58.100000,0.000000,410,460,490,510,570,630,670,750,770,770,770,3358,0,420.0,422.7607129425257,76.93191599999949,2119.679750000003,11057.946396664682
1776286294,200,POST,POST /v1/tweets,26.700000,0.000000,96,110,120,130,170,190,220,220,240,240,240,1648,0,94,107.38603123483017,65.81116600000314,456.1364999999995,214.5273058252427
1776286294,200,POST,POST /v1/tweets/:id/like,59.600000,0.000000,99,110,120,130,170,210,240,260,300,300,300,2995,0,97,112.12066489682795,67.672917000003,673.6132080000008,0.0
1776286294,200,,Aggregated,294.200000,0.000000,370,450,500,530,590,660,720,770,870,870,870,16689,0,390.0,361.18072811019243,65.81116600000314,2119.679750000003,7836.711546527653
1776286295,200,GET,GET /v1/timeline/home,151.400000,0.000000,430,510,540,570,630,680,760,790,870,870,870,8874,0,470.0,466.1525345278342,74.52250000000049,1250.2025000000003,10739.084178498986
1776286295,200,GET,GET /v1/timeline/user/:id,57.500000,0.000000,390,440,470,500,550,600,660,680,770,770,770,3429,0,420.0,419.12570696383835,76.93191599999949,2119.679750000003,11057.256051326918
1776286295,200,POST,POST /v1/tweets,29.300000,0.000000,100,120,150,160,200,240,270,300,330,330,330,1686,0,95,109.80986964472126,65.81116600000314,456.1364999999995,214.5296559905101
1776286295,200,POST,POST /v1/tweets/:id/like,58.800000,0.000000,110,120,150,170,210,250,290,320,420,420,420,3068,0,98,114.64100072979127,67.672917000003,673.6132080000008,0.0
1776286295,200,,Aggregated,297.000000,0.000000,310,420,480,520,580,640,710,760,870,870,870,17057,0,390.0,358.25043507293185,65.81116600000314,2119.679750000003,7831.134490238612
1776286296,200,GET,GET /v1/timeline/home,154.000000,0.000000,390,470,530,550,610,670,730,770,870,870,870,9079,0,470.0,460.3354370185046,74.52250000000049,1250.2025000000003,10739.175459852406
1776286296,200,GET,GET /v1/timeline/user/:id,60.300000,0.000000,350,420,450,470,540,600,660,680,770,770,770,3491,0,420.0,415.3975055906621,76.93191599999949,2119.679750000003,11057.074763678029
1776286296,200,POST,POST /v1/tweets,31.500000,0.000000,110,150,170,190,220,250,280,300,340,340,340,1731,0,96,111.722866434431,65.81116600000314,456.1364999999995,214.53032928942807
1776286296,200,POST,POST /v1/tweets/:id/like,61.400000,0.000000,120,160,190,200,250,280,340,350,440,440,440,3161,0,99,117.8281357658968,67.672917000003,673.6132080000008,0.0
1776286296,200,,Aggregated,307.200000,0.000000,260,380,440,480,560,620,690,740,830,870,870,17462,0,380.0,354.79241459523496,65.81116600000314,2119.679750000003,7815.403390218761
1776286297,200,GET,GET /v1/timeline/home,157.700000,0.000000,320,430,500,530,580,650,720,770,870,870,870,9304,0,470.0,454.2007376744416,74.52250000000049,1250.2025000000003,10739.20120378332
1776286297,200,GET,GET /v1/timeline/user/:id,63.200000,0.000000,310,390,440,460,530,600,660,670,770,770,770,3573,0,410.0,410.86170894514464,76.93191599999949,2119.679750000003,11056.558074447243
1776286297,200,POST,POST /v1/tweets,32.500000,0.000000,120,160,190,190,240,260,280,300,360,360,360,1763,0,96,113.30228037379473,65.81116600000314,456.1364999999995,214.5309132161089
1776286297,200,POST,POST /v1/tweets/:id/like,62.700000,0.000000,140,190,210,220,260,280,340,350,440,440,440,3255,0,100.0,120.61896681628264,67.672917000003,673.6132080000008,0.0
1776286297,200,,Aggregated,316.100000,0.000000,240,330,410,450,540,610,670,730,830,870,870,17895,0,370.0,351.2857896993572,65.81116600000314,2119.679750000003,7812.284325230511
1776286298,200,GET,GET /v1/timeline/home,164.600000,0.000000,260,380,450,500,570,640,710,760,870,870,870,9501,0,460.0,448.9059367727615,74.52250000000049,1250.2025000000003,10739.246500368383
1776286298,200,GET,GET /v1/timeline/user/:id,61.500000,0.000000,260,330,380,420,480,550,610,660,690,690,690,3656,0,410.0,406.03557808451905,76.93191599999949,2119.679750000003,11056.156728665208
1776286298,200,POST,POST /v1/tweets,34.200000,0.000000,140,180,190,210,240,260,280,300,360,360,360,1796,0,97,114.77829366425401,65.81116600000314,456.1364999999995,214.53118040089086
1776286298,200,POST,POST /v1/tweets/:id/like,65.400000,0.000000,160,200,220,230,260,300,350,360,440,440,440,3324,0,100.0,122.71543342027677,67.672917000003,673.6132080000008,0.0
1776286298,200,,Aggregated,325.700000,0.000000,220,270,350,400,520,580,660,710,830,870,870,18277,0,360.0,348.1736223048095,65.81116600000314,2119.679750000003,7815.297258849921
1776286299,200,GET,GET /v1/timeline/home,168.700000,0.000000,240,290,400,450,540,610,660,730,810,870,870,9709,0,460.0,443.8116086691735,74.52250000000049,1250.2025000000003,10739.26387887527
1776286299,200,GET,GET /v1/timeline/user/:id,62.000000,0.000000,230,280,340,370,460,510,570,590,680,680,680,3740,0,410.0,401.5560848302145,76.93191599999949,2119.679750000003,11055.24037433155
1776286299,200,POST,POST /v1/tweets,35.100000,0.000000,160,190,200,220,250,270,300,330,360,360,360,1835,0,97,116.46138417384215,65.81116600000314,456.1364999999995,214.53297002724796
1776286299,200,POST,POST /v1/tweets/:id/like,68.700000,0.000000,180,210,230,240,270,320,350,360,440,440,440,3403,0,100.0,125.04452900235083,67.672917000003,673.6132080000008,0.0
1776286299,200,,Aggregated,334.500000,0.000000,220,250,290,350,480,560,620,670,790,870,870,18687,0,350.0,345.1607983083427,65.81116600000314,2119.679750000003,7813.334403596083
1776286300,200,GET,GET /v1/timeline/home,176.100000,0.000000,220,260,300,360,520,580,650,710,810,870,870,9893,0,450.0,439.21301363630874,74.52250000000049,1250.2025000000003,10739.365409885779
1776286300,200,GET,GET /v1/timeline/user/:id,65.600000,0.000000,220,260,290,330,410,460,520,580,680,680,680,3831,0,400.0,396.8885765941015,76.93191599999949,2119.679750000003,11054.943095797442
1776286300,200,POST,POST /v1/tweets,34.200000,0.000000,170,190,220,230,250,270,290,330,360,360,360,1877,0,98,118.36584838572209,65.81116600000314,456.1364999999995,214.53169952051147
1776286300,200,POST,POST /v1/tweets/:id/like,70.400000,0.000000,190,220,240,250,270,320,350,360,440,440,440,3482,0,100.0,127.14415089086718,67.672917000003,673.6132080000008,0.0
1776286300,200,,Aggregated,346.300000,0.000000,210,240,260,290,420,530,610,660,790,870,870,19083,0,340.0,342.2157476108573,65.81116600000314,2119.679750000003,7807.928784782267
1776286301,200,GET,GET /v1/timeline/home,181.000000,0.000000,210,240,260,280,410,540,640,680,810,870,870,10082,0,450.0,434.9996396827017,74.52250000000049,1250.2025000000003,10739.413013291014
1776286301,200,GET,GET /v1/timeline/user/:id,65.600000,0.000000,220,240,260,280,350,420,500,520,680,680,680,3905,0,400.0,393.37180762176763,76.93191599999949,2119.679750000003,11054.677848911651
1776286301,200,POST,POST /v1/tweets,35.600000,0.000000,180,200,220,230,260,270,300,340,360,360,360,1913,0,98,120.07525945426052,65.81116600000314,456.1364999999995,214.53005750130686
1776286301,200,POST,POST /v1/tweets/:id/like,71.900000,0.000000,200,230,240,250,280,320,350,370,440,440,440,3557,0,100.0,129.1884574981725,67.672917000003,673.6132080000008,0.0
1776286301,200,,Aggregated,354.100000,0.000000,210,240,250,270,340,450,570,640,790,870,870,19457,0,340.0,339.7754325281895,65.81116600000314,2119.679750000003,7804.578043891658
1776286302,200,GET,GET /v1/timeline/home,184.700000,0.000000,210,230,250,250,290,340,450,560,790,810,810,10281,0,440.0,430.6909003579413,74.52250000000049,1250.2025000000003,10739.472716661803
1776286302,200,GET,GET /v1/timeline/user/:id,68.900000,0.000000,210,230,250,260,300,360,460,520,680,680,680,3986,0,390.0,389.7587713602616,76.93191599999949,2119.679750000003,11054.082789764174
1776286302,200,POST,POST /v1/tweets,36.600000,0.000000,190,210,230,240,260,280,330,350,360,360,360,1949,0,99,121.68904831708588,65.81116600000314,456.1364999999995,214.5305284761416
1776286302,200,POST,POST /v1/tweets/:id/like,74.500000,0.000000,210,240,250,260,300,330,350,370,440,440,440,3642,0,100.0,132.3405628742448,67.672917000003,673.6132080000008,0.0
1776286302,200,,Aggregated,364.700000,0.000000,210,230,250,260,290,340,410,500,790,810,810,19858,0,330.0,337.42914162453303,65.81116600000314,2119.679750000003,7799.990583140296
1776286303,200,GET,GET /v1/timeline/home,186.800000,0.000000,210,230,240,250,260,290,320,350,440,450,450,10459,0,440.0,426.9998323327273,74.52250000000049,1250.2025000000003,10739.534372310929
1776286303,200,GET,GET /v1/timeline/user/:id,73.600000,0.000000,210,230,240,250,270,300,340,360,450,450,450,4070,0,390.0,386.158974922605,76.93191599999949,2119.679750000003,11053.249631449631
1776286303,200,POST,POST /v1/tweets,37.500000,0.000000,190,220,230,240,260,280,330,350,360,360,360,1991,0,100.0,123.1918093088902,65.81116600000314,456.1364999999995,214.5288799598192
1776286303,200,POST,POST /v1/tweets/:id/like,75.300000,0.000000,220,240,260,260,300,330,350,370,440,440,440,3714,0,110.0,134.06368510743124,67.672917000003,673.6132080000008,0.0
1776286303,200,,Aggregated,373.200000,0.000000,210,230,240,250,270,300,340,360,450,450,450,20234,0,320.0,335.12136468943265,65.81116600000314,2119.679750000003,7795.722200256993
1776286304,200,GET,GET /v1/timeline/home,193.100000,0.000000,200,220,240,240,260,280,310,350,380,380,380,10660,0,440.0,422.86027183348966,74.52250000000049,1250.2025000000003,10739.542213883677
1776286304,200,GET,GET /v1/timeline/user/:id,74.200000,0.000000,210,230,240,250,270,280,320,350,390,390,390,4152,0,380.0,382.720646620906,76.93191599999949,2119.679750000003,11052.646917148362
1776286304,200,POST,POST /v1/tweets,37.900000,0.000000,190,220,230,240,260,280,350,350,380,380,380,2024,0,100.0,124.87256845158124,65.81116600000314,456.1364999999995,214.53112648221344
1776286304,200,POST,POST /v1/tweets/:id/like,76.500000,0.000000,220,250,260,280,320,350,370,400,450,450,450,3787,0,110.0,136.76832675204633,67.672917000003,673.6132080000008,0.0
1776286304,200,,Aggregated,381.700000,0.000000,210,230,240,250,270,300,350,360,420,450,450,20623,0,310.0,332.9986109911744,65.81116600000314,2119.679750000003,7797.523202249915
1776286305,200,GET,GET /v1/timeline/home,194.400000,0.000000,200,220,240,240,260,280,310,340,380,380,380,10856,0,430.0,418.79590827560753,74.52250000000049,1250.2025000000003,10739.605011053794
1776286305,200,GET,GET /v1/timeline/user/:id,77.400000,0.000000,210,230,240,250,260,280,310,340,390,390,390,4236,0,380.0,379.0643719652976,76.93191599999949,2119.679750000003,11051.102927289896
1776286305,200,POST,POST /v1/tweets,38.600000,0.000000,200,220,230,240,260,280,350,350,380,380,380,2066,0,100.0,126.05463911907091,65.81116600000314,456.1364999999995,214.52904162633106
1776286305,200,POST,POST /v1/tweets/:id/like,79.500000,0.000000,220,250,260,270,310,340,370,400,450,450,450,3868,0,110.0,138.3933256274558,67.672917000003,673.6132080000008,0.0
1776286305,200,,Aggregated,389.900000,0.000000,210,230,240,250,270,300,340,360,420,450,450,21026,0,300.0,330.443228756396,65.81116600000314,2119.679750000003,7792.487444116808
1776286306,200,GET,GET /v1/timeline/home,195.200000,0.000000,200,220,240,240,260,280,320,350,380,380,380,11050,0,430.0,415.00631850561024,74.52250000000049,1250.2025000000003,10739.676470588236
1776286306,200,GET,GET /v1/timeline/user/:id,78.300000,0.000000,200,220,230,240,260,280,310,340,390,390,390,4318,0,380.0,375.6095267635482,76.93191599999949,2119.679750000003,11051.40620657712
1776286306,200,POST,POST /v1/tweets,37.700000,0.000000,200,220,230,240,260,280,350,350,380,380,380,2109,0,100.0,127.35509157183532,65.81116600000314,456.1364999999995,214.53058321479375
1776286306,200,POST,POST /v1/tweets/:id/like,79.000000,0.000000,220,240,260,270,310,340,370,400,450,450,450,3944,0,110.0,139.59105306085166,67.672917000003,673.6132080000008,0.0
1776286306,200,,Aggregated,390.200000,0.000000,210,230,240,250,270,300,340,360,420,450,450,21421,0,290.0,328.03514109747374,65.81116600000314,2119.679750000003,7788.89136828346
1776286307,200,GET,GET /v1/timeline/home,196.600000,0.000000,200,220,240,240,260,280,310,350,380,380,380,11256,0,420.0,411.2593365485953,74.52250000000049,1250.2025000000003,10739.70211442786
1776286307,200,GET,GET /v1/timeline/user/:id,78.200000,0.000000,200,220,230,240,260,280,300,320,370,370,370,4386,0,370.0,372.9717634760607,76.93191599999949,2119.679750000003,11051.13337893297
1776286307,200,POST,POST /v1/tweets,37.100000,0.000000,190,220,230,240,260,280,350,350,380,380,380,2148,0,100.0,128.58629005679734,65.81116600000314,456.1364999999995,214.5316573556797
1776286307,200,POST,POST /v1/tweets/:id/like,79.000000,0.000000,220,250,260,280,320,340,370,400,450,450,450,4024,0,110.0,141.48936910313083,67.672917000003,673.6132080000008,0.0
1776286307,200,,Aggregated,390.900000,0.000000,210,230,240,250,270,300,340,360,420,450,450,21814,0,280.0,325.9624928536712,65.81116600000314,2119.679750000003,7784.779132667095
1776286308,200,GET,GET /v1/timeline/home,194.800000,0.000000,200,220,240,240,260,280,310,340,380,380,380,11444,0,420.0,407.807892954822,74.52250000000049,1250.2025000000003,10739.763456833274
1776286308,200,GET,GET /v1/timeline/user/:id,80.600000,0.000000,200,220,240,240,260,280,310,320,370,370,370,4459,0,370.0,370.34634006728015,76.93191599999949,2119.679750000003,11050.75106526127
1776286308,200,POST,POST /v1/tweets,37.400000,0.000000,190,220,230,230,260,270,350,350,380,380,380,2187,0,100.0,129.3487251746688,65.81116600000314,456.1364999999995,214.53177869227252
1776286308,200,POST,POST /v1/tweets/:id/like,77.500000,0.000000,220,240,260,280,320,340,370,400,450,450,450,4118,0,110.0,143.26532783414245,67.672917000003,673.6132080000008,0.0
1776286308,200,,Aggregated,390.300000,0.000000,200,230,240,250,270,300,340,360,420,450,450,22208,0,280.0,323.81034488981373,65.81116600000314,2119.679750000003,7774.240498919308
1776286309,200,GET,GET /v1/timeline/home,196.100000,0.000000,200,220,240,240,260,280,300,330,380,380,380,11647,0,420.0,404.1650699944182,74.52250000000049,1250.2025000000003,10739.83824160728
1776286309,200,GET,GET /v1/timeline/user/:id,81.600000,0.000000,200,220,240,240,260,280,300,320,370,370,370,4541,0,360.0,367.25561281237646,76.93191599999949,2119.679750000003,11050.52719665272
1776286309,200,POST,POST /v1/tweets,37.500000,0.000000,190,220,230,230,250,270,330,350,380,380,380,2233,0,100.0,130.53952907344424,65.81116600000314,456.1364999999995,214.53291536050156
1776286309,200,POST,POST /v1/tweets/:id/like,76.800000,0.000000,220,250,270,280,320,340,370,390,450,450,450,4189,0,110.0,144.75702051396482,67.672917000003,673.6132080000008,0.0
1776286309,200,,Aggregated,392.000000,0.000000,210,230,240,250,270,300,340,360,420,450,450,22610,0,270.0,321.6674142131794,65.81116600000314,2119.679750000003,7772.949668288368
1776286310,200,GET,GET /v1/timeline/home,194.800000,0.000000,200,220,230,240,260,280,310,350,380,380,380,11851,0,410.0,400.6520646585087,74.52250000000049,1250.2025000000003,10739.871150113915
1776286310,200,GET,GET /v1/timeline/user/:id,79.600000,0.000000,200,220,230,240,260,280,310,340,380,380,380,4612,0,360.0,364.70270536773666,76.93191599999949,2119.679750000003,11050.155030355594
1776286310,200,POST,POST /v1/tweets,38.900000,0.000000,190,210,220,230,260,280,320,350,380,380,380,2281,0,110.0,131.86244900131564,65.81116600000314,456.1364999999995,214.53178430512932
1776286310,200,POST,POST /v1/tweets/:id/like,78.100000,0.000000,220,240,270,280,320,350,370,400,450,450,450,4256,0,110.0,145.92620669196398,67.672917000003,673.6132080000008,0.0
1776286310,200,,Aggregated,391.400000,0.000000,200,220,240,250,270,300,340,360,420,450,450,23000,0,260.0,319.65115988160795,65.81116600000314,2119.679750000003,7770.907608695652
1776286311,200,GET,GET /v1/timeline/home,192.500000,0.000000,200,220,230,240,260,280,310,350,380,380,380,12043,0,410.0,397.2431803136252,74.52250000000049,1250.2025000000003,10739.903844557004
1776286311,200,GET,GET /v1/timeline/user/:id,80.000000,0.000000,200,220,230,240,260,280,310,320,380,380,380,4686,0,360.0,361.9902258203164,76.93191599999949,2119.679750000003,11049.427656850192
1776286311,200,POST,POST /v1/tweets,39.800000,0.000000,190,210,220,230,250,280,320,350,380,380,380,2338,0,110.0,132.9849374473914,65.81116600000314,456.1364999999995,214.5350727117194
1776286311,200,POST,POST /v1/tweets/:id/like,80.300000,0.000000,220,240,260,280,320,340,370,400,450,450,450,4345,0,110.0,147.19086411070148,67.672917000003,673.6132080000008,0.0
1776286311,200,,Aggregated,392.600000,0.000000,200,220,240,240,270,300,340,360,420,450,450,23412,0,260.0,317.39060768084676,65.81116600000314,2119.679750000003,7757.554373825389
1776286312,200,GET,GET /v1/timeline/home,193.400000,0.000000,200,220,230,240,260,280,310,350,380,380,380,12235,0,400.0,394.31975056983987,74.52250000000049,1250.2025000000003,10739.902819779321
1776286312,200,GET,GET /v1/timeline/user/:id,80.000000,0.000000,200,220,230,240,260,280,320,350,380,380,380,4774,0,350.0,359.3582116214919,76.93191599999949,2119.679750000003,11048.56137410976
1776286312,200,POST,POST /v1/tweets,40.400000,0.000000,180,210,220,230,260,280,310,350,380,380,380,2371,0,110.0,133.84380953985706,65.81116600000314,456.1364999999995,214.53648249683678
1776286312,200,POST,POST /v1/tweets/:id/like,79.000000,0.000000,210,240,260,280,320,340,370,400,450,450,450,4413,0,120.0,148.3872582381596,67.672917000003,673.6132080000008,0.0
1776286312,200,,Aggregated,392.800000,0.000000,200,220,240,240,270,300,340,360,420,450,450,23793,0,260.0,315.7338248025468,65.81116600000314,2119.679750000003,7760.988904299584
1776286313,200,GET,GET /v1/timeline/home,196.500000,0.000000,200,220,230,240,260,280,310,340,380,380,380,12449,0,400.0,390.8711595749043,74.52250000000049,1250.2025000000003,10739.939673869387
1776286313,200,GET,GET /v1/timeline/user/:id,78.200000,0.000000,200,220,230,240,260,270,310,340,380,380,380,4861,0,350.0,356.49034072742296,76.93191599999949,2119.679750000003,11048.10964822053
1776286313,200,POST,POST /v1/tweets,41.500000,0.000000,180,210,220,230,250,270,300,320,380,380,380,2414,0,110.0,134.50268896851748,65.81116600000314,456.1364999999995,214.5393537696769
1776286313,200,POST,POST /v1/tweets/:id/like,78.700000,0.000000,210,230,250,270,300,340,360,380,440,440,440,4505,0,120.0,149.3966443265257,67.672917000003,673.6132080000008,0.0
1776286313,200,,Aggregated,394.900000,0.000000,200,220,230,240,270,290,330,360,400,440,440,24229,0,250.0,313.53237796380307,65.81116600000314,2119.679750000003,7756.171034710471
1776286314,200,GET,GET /v1/timeline/home,194.900000,0.000000,200,220,230,240,260,280,300,330,380,380,380,12645,0,390.0,387.91358895492164,74.52250000000049,1250.2025000000003,10739.96923685251
1776286314,200,GET,GET /v1/timeline/user/:id,77.700000,0.000000,200,220,230,240,260,270,310,320,380,380,380,4946,0,340.0,353.8271470355851,76.93191599999949,2119.679750000003,11047.57743631217
1776286314,200,POST,POST /v1/tweets,43.100000,0.000000,180,210,220,230,250,270,300,310,370,370,370,2451,0,110.0,135.19744060301966,65.81116600000314,456.1364999999995,214.53855569155448
1776286314,200,POST,POST /v1/tweets/:id/like,78.500000,0.000000,210,230,250,260,290,330,360,370,420,420,420,4588,0,120.0,150.27851164014785,67.672917000003,673.6132080000008,0.0
1776286314,200,,Aggregated,394.200000,0.000000,200,220,230,240,260,290,320,350,380,420,420,24630,0,250.0,311.6542078723501,65.81116600000314,2119.679750000003,7753.717539585871
1776286315,200,GET,GET /v1/timeline/home,196.900000,0.000000,200,220,230,240,260,280,300,330,380,380,380,12852,0,390.0,384.86729600801294,74.52250000000049,1250.2025000000003,10739.990507314036
1776286315,200,GET,GET /v1/timeline/user/:id,78.800000,0.000000,200,220,230,240,260,270,310,320,380,380,380,5013,0,340.0,351.76194704308875,76.93191599999949,2119.679750000003,11047.235986435267
1776286315,200,POST,POST /v1/tweets,42.500000,0.000000,180,210,220,230,250,270,290,310,370,370,370,2490,0,110.0,136.12431594739004,65.81116600000314,456.1364999999995,214.53815261044176
1776286315,200,POST,POST /v1/tweets/:id/like,77.600000,0.000000,210,230,250,260,290,330,360,370,510,510,510,4662,0,120.0,151.23227343178857,67.672917000003,673.6132080000008,0.0
1776286315,200,,Aggregated,395.800000,0.000000,200,220,230,240,260,290,320,350,380,510,510,25017,0,250.0,309.9369042758915,65.81116600000314,2119.679750000003,7752.5023783827
1776286316,200,GET,GET /v1/timeline/home,198.100000,0.000000,200,220,230,240,260,270,300,330,370,380,380,13058,0,380.0,381.97466578970665,74.52250000000049,1250.2025000000003,10740.024888956961
1776286316,200,GET,GET /v1/timeline/user/:id,78.300000,0.000000,200,220,230,240,260,270,300,320,380,380,380,5095,0,330.0,349.35697942119805,76.93191599999949,2119.679750000003,11046.81197252208
1776286316,200,POST,POST /v1/tweets,42.600000,0.000000,180,210,220,230,250,270,300,310,370,370,370,2519,0,110.0,136.94384526042126,65.81116600000314,456.1364999999995,214.5391028185788
1776286316,200,POST,POST /v1/tweets/:id/like,78.200000,0.000000,210,230,250,260,290,320,350,370,510,510,510,4733,0,120.0,152.16029128649873,67.672917000003,673.6132080000008,0.0
1776286316,200,,Aggregated,397.200000,0.000000,200,220,230,240,260,280,320,350,380,510,510,25405,0,250.0,308.32258220440775,65.81116600000314,2119.679750000003,7757.023263137177
1776286317,200,GET,GET /v1/timeline/home,197.400000,0.000000,200,220,230,240,260,270,300,330,370,370,370,13260,0,380.0,379.1718148950221,74.52250000000049,1250.2025000000003,10740.058446455505
1776286317,200,GET,GET /v1/timeline/user/:id,78.400000,0.000000,200,220,230,240,260,270,310,340,380,380,380,5182,0,330.0,346.9277830534551,76.93191599999949,2119.679750000003,11046.314743342338
1776286317,200,POST,POST /v1/tweets,42.100000,0.000000,180,210,220,230,250,270,300,310,370,370,370,2552,0,110.0,137.63591155721056,65.81116600000314,456.1364999999995,214.54075235109718
1776286317,200,POST,POST /v1/tweets/:id/like,79.900000,0.000000,210,230,250,260,290,320,360,380,510,510,510,4810,0,120.0,153.33142454740099,67.672917000003,673.6132080000008,0.0
1776286317,200,,Aggregated,397.800000,0.000000,200,220,230,240,260,280,320,350,420,510,510,25804,0,240.0,306.71093767082533,65.81116600000314,2119.679750000003,7758.591148659123
1776286318,200,GET,GET /v1/timeline/home,198.800000,0.000000,200,220,230,240,260,270,300,330,370,370,370,13479,0,370.0,376.49188552837677,74.52250000000049,1250.2025000000003,10740.068996216336
1776286318,200,GET,GET /v1/timeline/user/:id,77.400000,0.000000,200,220,230,240,260,270,310,340,380,380,380,5251,0,320.0,345.18637899790605,76.93191599999949,2119.679750000003,11045.83736431156
1776286318,200,POST,POST /v1/tweets,41.200000,0.000000,190,210,220,230,260,270,300,310,370,370,370,2591,0,120.0,138.75108909185698,65.81116600000314,456.1364999999995,214.53994596680818
1776286318,200,POST,POST /v1/tweets/:id/like,79.500000,0.000000,210,230,250,260,290,320,360,380,510,510,510,4879,0,120.0,154.38011123857325,67.672917000003,673.6132080000008,0.0
1776286318,200,,Aggregated,396.900000,0.000000,200,220,230,240,260,280,320,350,420,510,510,26200,0,240.0,305.34474945515154,65.81116600000314,2119.679750000003,7760.418129770992
1776286319,200,GET,GET /v1/timeline/home,197.300000,0.000000,200,220,230,240,260,270,290,320,360,370,370,13681,0,360.0,373.96741510993235,74.52250000000049,1250.2025000000003,10740.1203859367
1776286319,200,GET,GET /v1/timeline/user/:id,77.400000,0.000000,200,220,240,240,260,270,290,330,380,380,380,5332,0,320.0,343.151366738373,76.93191599999949,2119.679750000003,11044.881657914479
1776286319,200,POST,POST /v1/tweets,40.900000,0.000000,180,210,220,230,250,270,270,300,370,370,370,2635,0,120.0,139.36699985920356,65.81116600000314,456.1364999999995,214.53965844402276
1776286319,200,POST,POST /v1/tweets/:id/like,76.600000,0.000000,210,230,240,260,280,300,350,370,510,510,510,4945,0,130.0,155.18501510414532,67.672917000003,673.6132080000008,0.0
1776286319,200,,Aggregated,392.200000,0.000000,200,220,230,240,260,280,300,330,390,510,510,26593,0,240.0,303.86016011307333,65.81116600000314,2119.679750000003,7761.147971270635
1776286320,200,GET,GET /v1/timeline/home,200.200000,0.000000,200,220,240,240,260,280,310,350,410,430,430,13881,0,350.0,371.84735081492573,74.52250000000049,1250.2025000000003,10740.140551833441
1776286320,200,GET,GET /v1/timeline/user/:id,78.900000,0.000000,210,230,240,240,260,280,310,330,440,440,440,5394,0,320.0,341.84527655524744,76.93191599999949,2119.679750000003,11044.954949944382
1776286320,200,POST,POST /v1/tweets,40.300000,0.000000,190,210,230,230,250,260,270,290,340,340,340,2675,0,120.0,140.4188192071033,65.81116600000314,456.1364999999995,214.54130841121494
1776286320,200,POST,POST /v1/tweets/:id/like,76.400000,0.000000,210,230,250,260,280,310,360,370,510,510,510,5013,0,130.0,156.4011265423895,67.672917000003,673.6132080000008,0.0
1776286320,200,,Aggregated,395.800000,0.000000,210,220,240,250,260,280,320,350,430,510,510,26963,0,240.0,302.8292729717375,65.81116600000314,2119.679750000003,7760.051774654155
1776286321,200,GET,GET /v1/timeline/home,202.600000,0.000000,200,220,240,240,260,290,340,360,410,430,430,14073,0,350.0,369.7124878570299,74.52250000000049,1250.2025000000003,10740.168194414837
1776286321,200,GET,GET /v1/timeline/user/:id,79.100000,0.000000,210,230,240,250,260,290,330,350,440,440,440,5454,0,310.0,340.53571503923826,76.93191599999949,2119.679750000003,11044.407590759076
1776286321,200,POST,POST /v1/tweets,39.600000,0.000000,190,210,230,240,250,270,270,300,340,340,340,2698,0,120.0,140.88739663713912,65.81116600000314,456.1364999999995,214.5396590066716
1776286321,200,POST,POST /v1/tweets/:id/like,74.100000,0.000000,220,240,250,270,300,330,360,370,510,510,510,5082,0,130.0,157.7470428099171,67.672917000003,673.6132080000008,0.0
1776286321,200,,Aggregated,395.400000,0.000000,210,230,240,250,270,290,340,360,430,510,510,27307,0,240.0,301.8284798448368,65.81116600000314,2119.679750000003,7762.164060497308
1776286322,200,GET,GET /v1/timeline/home,202.100000,0.000000,210,230,240,250,280,330,370,400,540,580,580,14267,0,340.0,368.61922022197945,74.52250000000049,1250.2025000000003,10740.169271745986
1776286322,200,GET,GET /v1/timeline/user/:id,77.800000,0.000000,210,230,240,250,280,320,360,410,520,520,520,5527,0,310.0,339.7304583533573,76.93191599999949,2119.679750000003,11044.512393703637
1776286322,200,POST,POST /v1/tweets,39.000000,0.000000,200,220,240,240,260,290,330,340,450,450,450,2735,0,120.0,142.53024669616138,65.81116600000314,456.1364999999995,214.53747714808043
1776286322,200,POST,POST /v1/tweets/:id/like,75.600000,0.000000,220,240,260,270,330,410,470,510,720,720,720,5140,0,130.0,160.10018263248995,67.672917000003,715.961875000005,0.0
1776286322,200,,Aggregated,394.500000,0.000000,210,230,250,250,290,340,390,430,560,720,720,27669,0,240.0,301.76427849474004,65.81116600000314,2119.679750000003,7765.361053887022
1776286323,200,GET,GET /v1/timeline/home,201.700000,0.000000,210,230,250,260,290,340,370,400,540,580,580,14477,0,340.0,366.48988773502634,74.52250000000049,1250.2025000000003,10740.198729018442
1776286323,200,GET,GET /v1/timeline/user/:id,76.800000,0.000000,210,230,240,250,280,320,360,410,520,520,520,5600,0,310.0,337.9852980473225,76.93191599999949,2119.679750000003,11044.100892857143
1776286323,200,POST,POST /v1/tweets,37.700000,0.000000,200,230,240,250,260,290,340,340,450,450,450,2775,0,120.0,143.51612129261318,65.81116600000314,456.1364999999995,214.5372972972973
1776286323,200,POST,POST /v1/tweets/:id/like,75.200000,0.000000,230,250,270,290,340,410,470,510,720,720,720,5213,0,130.0,161.5570068306154,67.672917000003,715.961875000005,0.0
1776286323,200,,Aggregated,391.400000,0.000000,210,230,250,260,300,340,390,430,560,720,720,28065,0,240.0,300.6893171922304,65.81116600000314,2119.679750000003,7765.122501336184
1776286324,200,GET,GET /v1/timeline/home,202.600000,0.000000,210,230,250,260,300,340,370,400,540,580,580,14687,0,330.0,364.51930122393765,74.52250000000049,1250.2025000000003,10740.214134949274
1776286324,200,GET,GET /v1/timeline/user/:id,75.600000,0.000000,210,230,250,260,290,330,380,410,520,520,520,5656,0,300.0,336.8384521191665,76.93191599999949,2119.679750000003,11043.783769448373
1776286324,200,POST,POST /v1/tweets,35.900000,0.000000,210,230,240,250,270,310,340,340,450,450,450,2820,0,120.0,144.52787436631266,65.81116600000314,456.1364999999995,214.53829787234042
1776286324,200,POST,POST /v1/tweets/:id/like,71.500000,0.000000,230,260,280,300,350,410,470,510,720,720,720,5284,0,140.0,162.6352954241101,67.672917000003,715.961875000005,0.0
1776286324,200,,Aggregated,385.600000,0.000000,220,240,250,260,310,350,390,430,560,720,720,28447,0,240.0,299.7077642280717,65.81116600000314,2119.679750000003,7762.159946567301
1776286325,200,GET,GET /v1/timeline/home,202.100000,0.000000,210,230,250,260,300,340,370,400,540,580,580,14866,0,330.0,362.471191062019,74.52250000000049,1250.2025000000003,10740.224942822548
1776286325,200,GET,GET /v1/timeline/user/:id,75.000000,0.000000,210,230,240,260,290,330,380,410,520,520,520,5732,0,300.0,335.03147627773996,76.93191599999949,2119.679750000003,11043.185450104675
1776286325,200,POST,POST /v1/tweets,35.200000,0.000000,200,230,240,240,260,300,340,340,450,450,450,2860,0,120.0,144.88752712622443,65.81116600000314,456.1364999999995,214.5395104895105
1776286325,200,POST,POST /v1/tweets/:id/like,70.500000,0.000000,230,260,280,290,350,410,470,510,720,720,720,5377,0,140.0,163.30961534852108,67.672917000003,715.961875000005,0.0
1776286325,200,,Aggregated,382.800000,0.000000,210,240,250,260,310,350,390,430,560,720,720,28835,0,240.0,298.2969057625091,65.81116600000314,2119.679750000003,7753.678030171666
1776286326,200,GET,GET /v1/timeline/home,201.200000,0.000000,210,230,250,260,300,340,370,400,540,580,580,15075,0,320.0,360.3755538918728,74.52250000000049,1250.2025000000003,10740.260895522388
1776286326,200,GET,GET /v1/timeline/user/:id,73.500000,0.000000,210,230,250,260,290,330,380,410,520,520,520,5799,0,300.0,333.5500624286955,76.93191599999949,2119.679750000003,11043.11226073461
1776286326,200,POST,POST /v1/tweets,35.300000,0.000000,200,230,240,240,260,310,340,340,450,450,450,2890,0,130.0,145.48881182041586,65.81116600000314,456.1364999999995,214.53944636678202
1776286326,200,POST,POST /v1/tweets/:id/like,70.400000,0.000000,230,270,290,300,350,410,470,510,720,720,720,5458,0,140.0,164.8134166474895,67.672917000003,715.961875000005,0.0
1776286326,200,,Aggregated,380.400000,0.000000,220,240,250,270,310,350,400,430,560,720,720,29222,0,240.0,297.2737177868374,65.81116600000314,2119.679750000003,7753.3522688385465
1776286327,200,GET,GET /v1/timeline/home,202.000000,0.000000,210,240,250,270,310,350,380,420,540,580,580,15259,0,320.0,358.82455202097003,74.52250000000049,1250.2025000000003,10740.263188937675
1776286327,200,GET,GET /v1/timeline/user/:id,71.000000,0.000000,220,230,250,260,310,350,400,420,520,520,520,5881,0,290.0,332.3646840215959,76.93191599999949,2119.679750000003,11042.481040639346
1776286327,200,POST,POST /v1/tweets,36.600000,0.000000,200,220,240,240,270,320,340,350,450,450,450,2935,0,130.0,146.56149422112492,65.81116600000314,456.1364999999995,214.53867120954004
1776286327,200,POST,POST /v1/tweets/:id/like,69.600000,0.000000,240,270,290,310,360,410,460,510,720,720,720,5538,0,140.0,166.093591102022,67.672917000003,715.961875000005,0.0
1776286327,200,,Aggregated,379.200000,0.000000,220,240,260,270,320,350,400,430,560,720,720,29613,0,240.0,296.4888676959764,65.81116600000314,2119.679750000003,7748.494850234694
1776286328,200,GET,GET /v1/timeline/home,201.000000,0.000000,210,240,250,270,320,350,380,420,540,580,580,15441,0,310.0,357.25045208328396,74.52250000000049,1250.2025000000003,10740.276212680526
1776286328,200,GET,GET /v1/timeline/user/:id,71.200000,0.000000,220,240,250,260,320,350,400,420,520,520,520,5955,0,290.0,331.08179709941345,76.93191599999949,2119.679750000003,11041.44147774979
1776286328,200,POST,POST /v1/tweets,37.100000,0.000000,200,220,240,240,280,320,340,350,450,450,450,2975,0,130.0,147.3756120157989,65.81116600000314,456.1364999999995,214.53949579831934
1776286328,200,POST,POST /v1/tweets/:id/like,71.000000,0.000000,240,270,300,320,360,420,470,510,720,720,720,5603,0,150.0,167.32885336355488,67.672917000003,715.961875000005,0.0
1776286328,200,,Aggregated,380.300000,0.000000,220,240,260,280,330,360,410,440,560,720,720,29974,0,230.0,295.7190346129299,65.81116600000314,2119.679750000003,7747.7361713485025
1776286329,200,GET,GET /v1/timeline/home,202.100000,0.000000,220,240,260,280,320,350,390,430,540,580,580,15634,0,310.0,355.6021753544833,74.52250000000049,1250.2025000000003,10740.311628501982
1776286329,200,GET,GET /v1/timeline/user/:id,69.900000,0.000000,220,240,260,270,320,350,400,430,530,530,530,6041,0,290.0,329.6142028258578,76.93191599999949,2119.679750000003,11041.00811123986
1776286329,200,POST,POST /v1/tweets,37.600000,0.000000,200,220,240,240,280,320,340,350,450,450,450,3011,0,130.0,147.895660216872,65.81116600000314,456.1364999999995,214.540684158087
1776286329,200,POST,POST /v1/tweets/:id/like,72.700000,0.000000,240,280,310,320,370,420,470,510,720,720,720,5680,0,150.0,168.27819829542224,67.672917000003,715.961875000005,0.0
1776286329,200,,Aggregated,382.300000,0.000000,220,240,260,280,330,360,420,450,560,720,720,30366,0,230.0,294.7973986693664,65.81116600000314,2119.679750000003,7747.439372982942
1776286330,200,GET,GET /v1/timeline/home,197.200000,0.000000,210,240,260,270,320,350,390,430,540,580,580,15839,0,300.0,353.62851491779713,74.52250000000049,1250.2025000000003,10740.324452301282
1776286330,200,GET,GET /v1/timeline/user/:id,69.900000,0.000000,220,230,250,260,320,350,400,420,530,530,530,6121,0,280.0,327.9504715706596,76.93191599999949,2119.679750000003,11040.638131024343
1776286330,200,POST,POST /v1/tweets,37.600000,0.000000,200,220,240,250,290,320,340,350,450,450,450,3051,0,130.0,148.5220276945269,65.81116600000314,456.1364999999995,214.54342838413635
1776286330,200,POST,POST /v1/tweets/:id/like,73.000000,0.000000,240,270,300,320,370,420,470,510,720,720,720,5773,0,150.0,169.20362888082423,67.672917000003,715.961875000005,0.0
1776286330,200,,Aggregated,377.700000,0.000000,220,240,260,280,330,360,420,450,560,720,720,30784,0,230.0,293.6090222288197,65.81116600000314,2119.679750000003,7742.668821465696
1776286331,200,GET,GET /v1/timeline/home,195.300000,0.000000,210,230,250,260,310,340,370,420,520,530,530,16040,0,300.0,351.57542068983685,74.52250000000049,1250.2025000000003,10740.345261845387
1776286331,200,GET,GET /v1/timeline/user/:id,69.600000,0.000000,210,230,250,260,310,340,390,420,530,530,530,6188,0,280.0,326.504176487073,76.93191599999949,2119.679750000003,11040.042340012928
1776286331,200,POST,POST /v1/tweets,38.100000,0.000000,200,220,230,240,270,300,330,340,360,360,360,3091,0,130.0,148.9009536140413,65.81116600000314,456.1364999999995,214.5444839857651
1776286331,200,POST,POST /v1/tweets/:id/like,75.000000,0.000000,240,270,300,320,370,410,460,500,720,720,720,5844,0,150.0,170.34321739989701,67.672917000003,715.961875000005,0.0
1776286331,200,,Aggregated,378.000000,0.000000,210,240,250,270,320,350,400,430,540,720,720,31163,0,230.0,292.5076597911949,65.81116600000314,2119.679750000003,7741.683310335975
1776286332,200,GET,GET /v1/timeline/home,194.700000,0.000000,200,230,240,250,290,330,350,380,520,530,530,16259,0,290.0,349.1651751379532,74.52250000000049,1250.2025000000003,10740.357156036656
1776286332,200,GET,GET /v1/timeline/user/:id,70.900000,0.000000,210,230,240,250,290,320,360,390,530,530,530,6269,0,280.0,324.59215788323627,76.93191599999949,2119.679750000003,11039.688626575211
1776286332,200,POST,POST /v1/tweets,36.800000,0.000000,190,210,230,240,260,290,330,340,360,360,360,3134,0,130.0,149.40703067102794,65.81116600000314,456.1364999999995,214.54594767070836
1776286332,200,POST,POST /v1/tweets/:id/like,72.700000,0.000000,240,270,290,300,350,380,420,450,550,550,550,5923,0,160.0,171.32767521796356,67.672917000003,715.961875000005,0.0
1776286332,200,,Aggregated,375.100000,0.000000,210,230,250,260,300,340,380,410,520,550,550,31585,0,230.0,291.1179444285897,65.81116600000314,2119.679750000003,7741.258888712997
1776286333,200,GET,GET /v1/timeline/home,191.900000,0.000000,200,220,240,250,290,320,350,380,520,530,530,16454,0,290.0,347.18540388252006,74.52250000000049,1250.2025000000003,10740.382034763583
1776286333,200,GET,GET /v1/timeline/user/:id,71.700000,0.000000,200,230,240,250,280,320,360,390,530,530,530,6357,0,270.0,322.69138220654514,76.93191599999949,2119.679750000003,11038.718735252478
1776286333,200,POST,POST /v1/tweets,37.300000,0.000000,190,210,220,240,260,290,320,330,360,360,360,3179,0,130.0,149.7249192220829,65.81116600000314,456.1364999999995,214.54545454545453
1776286333,200,POST,POST /v1/tweets/:id/like,73.000000,0.000000,240,270,290,310,340,380,420,450,550,550,550,6003,0,160.0,172.3144823819753,67.672917000003,715.961875000005,0.0
1776286333,200,,Aggregated,373.900000,0.000000,200,230,250,260,300,330,380,410,520,550,550,31993,0,230.0,289.8858221522208,65.81116600000314,2119.679750000003,7738.487200325071
1776286334,200,GET,GET /v1/timeline/home,195.900000,0.000000,190,220,230,240,270,310,350,380,520,530,530,16656,0,280.0,344.95740953620276,74.52250000000049,1250.2025000000003,10740.392050912584
1776286334,200,GET,GET /v1/timeline/user/:id,72.800000,0.000000,200,220,230,250,280,310,350,390,530,530,530,6447,0,270.0,320.63694479618556,76.93191599999949,2119.679750000003,11038.885528152628
1776286334,200,POST,POST /v1/tweets,38.800000,0.000000,180,200,220,230,260,280,320,330,360,360,360,3224,0,140.0,149.86044366408237,65.81116600000314,456.1364999999995,214.54528535980148
1776286334,200,POST,POST /v1/tweets/:id/like,77.300000,0.000000,230,260,290,310,340,380,420,450,550,550,550,6082,0,160.0,172.81953524662907,67.672917000003,715.961875000005,0.0
1776286334,200,,Aggregated,384.800000,0.000000,200,220,240,250,290,330,370,410,520,550,550,32409,0,230.0,288.4074016501285,65.81116600000314,2119.679750000003,7737.090283563208
1776286335,200,GET,GET /v1/timeline/home,194.700000,0.000000,190,210,230,240,280,310,350,370,520,530,530,16854,0,280.0,343.0043463313156,74.52250000000049,1250.2025000000003,10740.41556900439
1776286335,200,GET,GET /v1/timeline/user/:id,72.300000,0.000000,200,220,230,250,280,310,350,390,530,530,530,6528,0,270.0,318.9150250546888,76.93191599999949,2119.679750000003,11038.541207107843
1776286335,200,POST,POST /v1/tweets,39.000000,0.000000,180,200,220,220,260,290,320,330,360,360,360,3262,0,140.0,149.9660528179036,65.81116600000314,456.1364999999995,214.5456774984672
1776286335,200,POST,POST /v1/tweets/:id/like,77.700000,0.000000,230,260,290,310,350,380,420,450,550,550,550,6164,0,160.0,173.48480738173217,67.672917000003,715.961875000005,0.0
1776286335,200,,Aggregated,383.700000,0.000000,200,220,240,250,290,330,370,400,520,550,550,32808,0,230.0,287.168439210498,65.81116600000314,2119.679750000003,7735.2599670812
1776286336,200,GET,GET /v1/timeline/home,195.300000,0.000000,190,210,230,240,270,310,350,370,520,530,530,17050,0,270.0,341.0118558764808,74.52250000000049,1250.2025000000003,10740.453196480938
1776286336,200,GET,GET /v1/timeline/user/:id,75.100000,0.000000,190,220,230,250,280,310,350,390,530,530,530,6608,0,260.0,317.2090300547833,76.93191599999949,2119.679750000003,11037.965799031477
1776286336,200,POST,POST /v1/tweets,41.100000,0.000000,180,200,210,220,250,280,310,330,360,360,360,3313,0,140.0,150.34001675339624,65.81116600000314,456.1364999999995,214.54572894657412
1776286336,200,POST,POST /v1/tweets/:id/like,78.400000,0.000000,230,260,280,300,340,380,420,450,550,550,550,6256,0,160.0,174.27318889705836,67.672917000003,715.961875000005,0.0
1776286336,200,,Aggregated,389.900000,0.000000,190,220,240,250,290,330,370,400,520,550,550,33227,0,230.0,285.87290331778405,65.81116600000314,2119.679750000003,7727.88379931983
1776286337,200,GET,GET /v1/timeline/home,195.600000,0.000000,180,200,220,230,260,290,330,350,520,530,530,17270,0,270.0,338.77834957955974,74.52250000000049,1250.2025000000003,10740.480660104227
1776286337,200,GET,GET /v1/timeline/user/:id,78.400000,0.000000,180,210,230,240,270,290,330,350,530,530,530,6685,0,260.0,315.52298526746586,76.93191599999949,2119.679750000003,11037.695138369483
1776286337,200,POST,POST /v1/tweets,40.800000,0.000000,180,190,210,220,250,270,300,300,330,330,330,3348,0,140.0,150.52991246147002,65.81116600000314,456.1364999999995,214.54450418160096
1776286337,200,POST,POST /v1/tweets/:id/like,80.100000,0.000000,230,260,270,290,330,370,410,450,550,550,550,6331,0,160.0,174.64178363639192,67.672917000003,715.961875000005,0.0
1776286337,200,,Aggregated,394.900000,0.000000,190,210,230,240,280,310,350,390,520,550,550,33634,0,230.0,284.52174980302715,65.81116600000314,2119.679750000003,7730.076351311173
1776286338,200,GET,GET /v1/timeline/home,196.800000,0.000000,170,200,220,230,260,300,330,360,520,530,530,17496,0,270.0,336.923621735711,74.52250000000049,1250.2025000000003,10740.48519661637
1776286338,200,GET,GET /v1/timeline/user/:id,80.100000,0.000000,180,210,220,230,270,290,330,360,530,530,530,6761,0,260.0,314.19165439787196,76.93191599999949,2119.679750000003,11037.52847211951
1776286338,200,POST,POST /v1/tweets,40.800000,0.000000,170,190,200,210,250,270,290,300,320,320,320,3392,0,140.0,150.69519445459954,65.81116600000314,456.1364999999995,214.54451650943398
1776286338,200,POST,POST /v1/tweets/:id/like,78.600000,0.000000,230,260,270,290,330,370,410,420,470,470,470,6410,0,160.0,175.4152306347887,67.672917000003,715.961875000005,0.0
1776286338,200,,Aggregated,396.300000,0.000000,180,210,230,240,280,310,360,390,510,530,530,34059,0,230.0,283.46795822634255,65.81116600000314,2119.679750000003,7729.762882057606
1776286339,200,GET,GET /v1/timeline/home,196.200000,0.000000,170,190,210,220,260,280,310,330,380,390,390,17693,0,260.0,335.033321047872,74.52250000000049,1250.2025000000003,10740.51093652857
1776286339,200,GET,GET /v1/timeline/user/:id,82.000000,0.000000,170,200,220,230,260,280,310,330,420,420,420,6846,0,260.0,312.3111910867678,76.93191599999949,2119.679750000003,11037.180543382998
1776286339,200,POST,POST /v1/tweets,41.300000,0.000000,170,190,200,210,250,270,290,300,320,320,320,3435,0,140.0,150.86227805793354,65.81116600000314,456.1364999999995,214.54410480349344
1776286339,200,POST,POST /v1/tweets/:id/like,79.400000,0.000000,220,250,270,290,320,370,400,420,470,470,470,6495,0,160.0,175.6815889707461,67.672917000003,715.961875000005,0.0
1776286339,200,,Aggregated,398.900000,0.000000,180,200,220,240,270,300,340,380,420,470,470,34469,0,220.0,282.1402074029996,65.81116600000314,2119.679750000003,7726.634280077751
1776286340,200,GET,GET /v1/timeline/home,201.600000,0.000000,170,190,210,220,260,280,310,330,380,390,390,17940,0,260.0,332.8844953743034,74.52250000000049,1250.2025000000003,10740.50613154961
1776286340,200,GET,GET /v1/timeline/user/:id,80.200000,0.000000,170,200,210,220,260,290,320,340,420,420,420,6924,0,260.0,310.81659723050444,76.93191599999949,2119.679750000003,11036.453350664357
1776286340,200,POST,POST /v1/tweets,41.300000,0.000000,170,180,200,210,240,260,290,300,320,320,320,3481,0,140.0,150.99812853231882,65.81116600000314,456.1364999999995,214.54409652398735
1776286340,200,POST,POST /v1/tweets/:id/like,78.100000,0.000000,230,260,280,290,330,370,400,420,500,500,500,6577,0,170.0,176.6664135920625,67.672917000003,715.961875000005,0.0
1776286340,200,,Aggregated,401.200000,0.000000,180,200,220,240,270,300,350,380,450,500,500,34922,0,220.0,280.957604199502,65.81116600000314,2119.679750000003,7727.1608441670005
1776286341,200,GET,GET /v1/timeline/home,202.900000,0.000000,170,190,200,220,250,280,310,330,380,390,390,18126,0,260.0,331.13426399354535,74.52250000000049,1250.2025000000003,10740.524991724595
1776286341,200,GET,GET /v1/timeline/user/:id,80.100000,0.000000,170,190,210,220,260,280,310,330,420,420,420,7010,0,250.0,308.968291781457,76.93191599999949,2119.679750000003,11036.10841654779
1776286341,200,POST,POST /v1/tweets,41.700000,0.000000,170,180,200,200,230,260,280,300,320,320,320,3536,0,140.0,151.06637079411817,65.81116600000314,456.1364999999995,214.54553167420815
1776286341,200,POST,POST /v1/tweets/:id/like,78.200000,0.000000,220,260,280,290,320,370,400,420,500,500,500,6648,0,170.0,177.18097352406664,67.672917000003,715.961875000005,0.0
1776286341,200,,Aggregated,402.900000,0.000000,170,200,220,230,270,300,340,370,450,500,500,35320,0,220.0,279.73038487120607,65.81116600000314,2119.679750000003,7723.796970554927
1776286342,200,GET,GET /v1/timeline/home,204.400000,0.000000,170,190,210,220,250,280,310,330,380,390,390,18335,0,260.0,329.48823190924486,74.52250000000049,1250.2025000000003,10740.554458685574
1776286342,200,GET,GET /v1/timeline/user/:id,80.100000,0.000000,170,190,210,220,260,280,310,340,420,420,420,7095,0,250.0,307.5860506064854,76.93191599999949,2119.679750000003,11035.228188865398
1776286342,200,POST,POST /v1/tweets,42.800000,0.000000,160,180,190,200,230,260,280,290,300,300,300,3565,0,140.0,151.21936345245493,65.81116600000314,456.1364999999995,214.54642356241234
1776286342,200,POST,POST /v1/tweets/:id/like,80.900000,0.000000,210,250,270,280,320,360,400,420,500,500,500,6733,0,170.0,177.5524066141387,67.672917000003,715.961875000005,0.0
1776286342,200,,Aggregated,408.200000,0.000000,170,200,220,230,270,300,340,370,450,500,500,35728,0,220.0,278.7182922511753,65.81116600000314,2119.679750000003,7724.694021495746
1776286343,200,GET,GET /v1/timeline/home,209.800000,0.000000,170,190,210,220,250,280,310,330,380,390,390,18548,0,250.0,327.8530445359609,74.52250000000049,1250.2025000000003,10740.558119473797
1776286343,200,GET,GET /v1/timeline/user/:id,80.400000,0.000000,170,190,210,220,260,280,310,360,450,450,450,7184,0,250.0,306.2073390306255,76.93191599999949,2119.679750000003,11035.186804008908
1776286343,200,POST,POST /v1/tweets,43.600000,0.000000,160,180,190,200,220,250,270,290,300,300,300,3613,0,140.0,151.32155322197667,65.81116600000314,456.1364999999995,214.54691392194852
1776286343,200,POST,POST /v1/tweets/:id/like,80.800000,0.000000,210,250,270,280,320,370,400,420,500,500,500,6804,0,170.0,178.10600446722444,67.672917000003,715.961875000005,0.0
1776286343,200,,Aggregated,414.600000,0.000000,170,200,220,230,270,300,340,370,450,500,500,36149,0,220.0,277.7219237001025,65.81116600000314,2119.679750000003,7725.464383523749
1776286344,200,GET,GET /v1/timeline/home,204.700000,0.000000,170,190,210,220,250,280,310,330,380,390,390,18767,0,250.0,325.97636315543224,74.52250000000049,1250.2025000000003,10740.583843981456
1776286344,200,GET,GET /v1/timeline/user/:id,81.700000,0.000000,170,190,210,220,260,280,310,360,450,450,450,7276,0,250.0,304.4644178827671,76.93191599999949,2119.679750000003,11034.781748213303
1776286344,200,POST,POST /v1/tweets,44.100000,0.000000,160,180,190,200,230,260,270,290,300,300,300,3646,0,140.0,151.48995226549687,65.81116600000314,456.1364999999995,214.54690071311026
1776286344,200,POST,POST /v1/tweets/:id/like,79.000000,0.000000,220,250,270,280,320,370,400,420,500,500,500,6889,0,170.0,178.64908832617147,67.672917000003,715.961875000005,0.0
1776286344,200,,Aggregated,409.500000,0.000000,180,200,220,230,270,300,340,370,450,500,500,36578,0,220.0,276.55769717567927,65.81116600000314,2119.679750000003,7727.044863032424
1776286345,200,GET,GET /v1/timeline/home,207.900000,0.000000,170,190,200,220,250,280,310,330,380,390,390,18974,0,250.0,324.35020428623346,74.52250000000049,1250.2025000000003,10740.631706545799
1776286345,200,GET,GET /v1/timeline/user/:id,83.500000,0.000000,170,190,210,220,250,280,310,360,450,450,450,7348,0,250.0,303.2262630616515,76.93191599999949,2119.679750000003,11034.295862819816
1776286345,200,POST,POST /v1/tweets,43.200000,0.000000,160,180,190,200,230,260,270,290,300,300,300,3685,0,140.0,151.47980978073315,65.81116600000314,456.1364999999995,214.54626865671642
1776286345,200,POST,POST /v1/tweets/:id/like,81.200000,0.000000,210,240,260,280,310,370,400,420,500,500,500,6960,0,170.0,178.9405221113498,67.672917000003,715.961875000005,0.0
1776286345,200,,Aggregated,415.800000,0.000000,170,200,220,230,260,290,340,370,450,500,500,36967,0,220.0,275.5418749165747,65.81116600000314,2119.679750000003,7727.523331620094
1776286346,200,GET,GET /v1/timeline/home,208.900000,0.000000,170,190,210,220,250,280,310,330,380,390,390,19206,0,250.0,322.6302338681137,74.52250000000049,1250.2025000000003,10740.65469124232
1776286346,200,GET,GET /v1/timeline/user/:id,82.200000,0.000000,170,190,210,220,260,280,310,360,450,450,450,7429,0,250.0,301.9643716248502,76.93191599999949,2119.679750000003,11033.725669672904
1776286346,200,POST,POST /v1/tweets,42.100000,0.000000,160,170,190,190,230,260,280,290,300,300,300,3727,0,140.0,151.64550494097173,65.81116600000314,456.1364999999995,214.5468204990609
1776286346,200,POST,POST /v1/tweets/:id/like,80.500000,0.000000,220,250,270,290,320,370,400,420,500,500,500,7044,0,170.0,179.71057661612645,67.672917000003,715.961875000005,0.0
1776286346,200,,Aggregated,413.700000,0.000000,170,200,220,230,270,300,340,370,450,500,500,37406,0,220.0,274.57610241862307,65.81116600000314,2119.679750000003,7727.481633962466
1776286347,200,GET,GET /v1/timeline/home,208.600000,0.000000,170,190,210,220,250,280,310,320,370,390,390,19428,0,250.0,321.06474630528066,74.52250000000049,1250.2025000000003,10740.707792876261
1776286347,200,GET,GET /v1/timeline/user/:id,81.700000,0.000000,170,190,210,220,250,280,300,320,450,450,450,7499,0,250.0,300.8596604890001,76.93191599999949,2119.679750000003,11033.605414055208
1776286347,200,POST,POST /v1/tweets,41.100000,0.000000,150,170,190,190,230,260,290,290,300,300,300,3775,0,140.0,151.82753247231838,65.81116600000314,456.1364999999995,214.54701986754966
1776286347,200,POST,POST /v1/tweets/:id/like,78.300000,0.000000,220,250,270,290,320,360,400,410,500,500,500,7113,0,170.0,180.33955783621465,67.672917000003,715.961875000005,0.0
1776286347,200,,Aggregated,409.700000,0.000000,180,200,220,230,270,300,330,370,440,500,500,37815,0,220.0,273.6928915826524,65.81116600000314,2119.679750000003,7727.658151527172
1776286348,200,GET,GET /v1/timeline/home,211.400000,0.000000,170,190,210,220,250,270,300,320,360,380,380,19618,0,250.0,319.71042092394697,74.52250000000049,1250.2025000000003,10740.696605158528
1776286348,200,GET,GET /v1/timeline/user/:id,80.900000,0.000000,170,190,210,220,250,280,300,320,450,450,450,7577,0,240.0,299.65527069975093,76.93191599999949,2119.679750000003,11033.40688927016
1776286348,200,POST,POST /v1/tweets,41.900000,0.000000,160,170,190,190,220,260,290,290,300,300,300,3804,0,140.0,151.9347131637754,65.81116600000314,456.1364999999995,214.54679284963197
1776286348,200,POST,POST /v1/tweets/:id/like,79.400000,0.000000,220,250,270,290,320,360,390,410,500,500,500,7201,0,170.0,181.0244663724475,67.672917000003,715.961875000005,0.0
1776286348,200,,Aggregated,413.600000,0.000000,180,200,220,230,270,290,330,370,440,500,500,38200,0,220.0,272.8817763089268,65.81116600000314,2119.679750000003,7725.844136125655
1776286349,200,GET,GET /v1/timeline/home,213.700000,0.000000,170,190,210,220,250,270,300,320,360,360,360,19825,0,240.0,318.0969649424962,74.52250000000049,1250.2025000000003,10740.720554854981
1776286349,200,GET,GET /v1/timeline/user/:id,80.200000,0.000000,170,190,210,220,250,280,300,320,450,450,450,7669,0,240.0,298.0237650504647,76.93191599999949,2119.679750000003,11032.59408006259
1776286349,200,POST,POST /v1/tweets,41.100000,0.000000,160,180,190,200,230,260,290,290,320,320,320,3851,0,140.0,152.3042805331086,65.81116600000314,456.1364999999995,214.54713061542458
1776286349,200,POST,POST /v1/tweets/:id/like,78.900000,0.000000,220,250,270,280,320,360,390,410,500,500,500,7280,0,170.0,181.2545732734883,67.672917000003,715.961875000005,0.0
1776286349,200,,Aggregated,413.900000,0.000000,180,200,220,230,260,290,330,360,440,500,500,38625,0,220.0,271.789609370123,65.81116600000314,2119.679750000003,7724.788867313916
1776286350,200,GET,GET /v1/timeline/home,212.700000,0.000000,170,190,210,220,250,270,300,320,350,360,360,20034,0,240.0,316.6709940029941,74.52250000000049,1250.2025000000003,10740.720075871019
1776286350,200,GET,GET /v1/timeline/user/:id,80.600000,0.000000,170,190,210,220,250,280,300,310,450,450,450,7726,0,240.0,297.116998906163,76.93191599999949,2119.679750000003,11032.710069893865
1776286350,200,POST,POST /v1/tweets,42.200000,0.000000,160,180,190,210,240,260,290,290,320,320,320,3893,0,140.0,152.71921516208602,65.81116600000314,456.1364999999995,214.54585152838428
1776286350,200,POST,POST /v1/tweets/:id/like,78.400000,0.000000,220,250,270,280,320,360,380,400,500,500,500,7351,0,170.0,181.81816106325596,67.672917000003,715.961875000005,0.0
1776286350,200,,Aggregated,413.900000,0.000000,180,200,220,230,260,290,330,360,420,500,500,39004,0,220.0,271.01819900541017,65.81116600000314,2119.679750000003,7723.657342836632
1776286351,200,GET,GET /v1/timeline/home,212.900000,0.000000,170,190,210,220,250,270,300,320,360,400,400,20253,0,240.0,315.2006196318561,74.52250000000049,1250.2025000000003,10740.741717276453
1776286351,200,GET,GET /v1/timeline/user/:id,81.200000,0.000000,170,200,210,230,260,280,300,320,450,450,450,7820,0,240.0,295.7534646581863,76.93191599999949,2119.679750000003,11032.506777493607
1776286351,200,POST,POST /v1/tweets,41.100000,0.000000,160,180,200,210,250,270,290,320,390,390,390,3927,0,140.0,153.1052617881337,65.81116600000314,456.1364999999995,214.54723707664886
1776286351,200,POST,POST /v1/tweets/:id/like,79.300000,0.000000,220,250,270,290,330,360,390,410,500,500,500,7430,0,170.0,182.49442883216622,67.672917000003,715.961875000005,0.0
1776286351,200,,Aggregated,414.500000,0.000000,180,200,220,240,270,300,340,370,430,500,500,39430,0,220.0,270.19346214293734,65.81116600000314,2119.679750000003,7726.324423028151
1776286352,200,GET,GET /v1/timeline/home,210.700000,0.000000,170,190,200,220,250,270,300,320,360,400,400,20458,0,240.0,313.61992195527324,74.52250000000049,1250.2025000000003,10740.766252810636
1776286352,200,GET,GET /v1/timeline/user/:id,81.400000,0.000000,170,190,210,220,250,270,300,320,450,450,450,7902,0,240.0,294.3182758952185,76.93191599999949,2119.679750000003,11032.125664388763
1776286352,200,POST,POST /v1/tweets,41.700000,0.000000,170,190,200,210,250,270,290,300,390,390,390,3976,0,150.0,153.49091746378284,65.81116600000314,456.1364999999995,214.54627766599597
1776286352,200,POST,POST /v1/tweets/:id/like,77.700000,0.000000,230,260,280,290,340,370,400,410,500,500,500,7526,0,170.0,183.19453603853245,67.672917000003,715.961875000005,0.0
1776286352,200,,Aggregated,411.500000,0.000000,180,200,220,230,270,300,340,370,440,500,500,39862,0,220.0,269.19726420016616,65.81116600000314,2119.679750000003,7720.723721840349
1776286353,200,GET,GET /v1/timeline/home,211.500000,0.000000,170,190,210,220,250,270,300,320,360,400,400,20647,0,240.0,312.3863085551886,74.52250000000049,1250.2025000000003,10740.770281396814
1776286353,200,GET,GET /v1/timeline/user/:id,80.400000,0.000000,170,190,210,220,250,270,300,320,400,400,400,7994,0,240.0,293.0108710806873,76.93191599999949,2119.679750000003,11032.120340255191
1776286353,200,POST,POST /v1/tweets,40.400000,0.000000,170,190,210,220,250,280,300,320,390,390,390,4006,0,150.0,153.6065334812783,65.81116600000314,456.1364999999995,214.54568147778332
1776286353,200,POST,POST /v1/tweets/:id/like,76.800000,0.000000,230,260,280,290,330,360,400,410,500,500,500,7604,0,180.0,183.7377201610988,67.672917000003,715.961875000005,0.0
1776286353,200,,Aggregated,409.100000,0.000000,180,200,220,240,270,300,340,370,430,500,500,40251,0,210.0,268.4320492258337,65.81116600000314,2119.679750000003,7721.918064147475
1776286354,200,GET,GET /v1/timeline/home,213.000000,0.000000,170,190,210,220,250,270,300,320,360,400,400,20878,0,240.0,310.94828479121475,74.52250000000049,1250.2025000000003,10740.780199252802
1776286354,200,GET,GET /v1/timeline/user/:id,80.800000,0.000000,170,200,210,220,250,270,300,320,400,400,400,8076,0,240.0,291.9586859727607,76.93191599999949,2119.679750000003,11031.39945517583
1776286354,200,POST,POST /v1/tweets,39.600000,0.000000,170,190,200,210,250,270,300,320,390,390,390,4045,0,150.0,153.71408298368385,65.81116600000314,456.1364999999995,214.5458590852905
1776286354,200,POST,POST /v1/tweets/:id/like,78.500000,0.000000,230,260,280,300,340,370,400,430,500,500,500,7695,0,180.0,184.34728367667262,67.672917000003,715.961875000005,0.0
1776286354,200,,Aggregated,411.900000,0.000000,180,200,220,240,270,300,340,370,430,500,500,40694,0,210.0,267.61101025576295,65.81116600000314,2119.679750000003,7721.1242197867
1776286355,200,GET,GET /v1/timeline/home,211.200000,0.000000,170,190,200,220,240,270,290,310,360,400,400,21090,0,240.0,309.3740007124696,74.52250000000049,1250.2025000000003,10740.806353722142
1776286355,200,GET,GET /v1/timeline/user/:id,79.500000,0.000000,170,190,210,220,250,270,300,320,400,400,400,8157,0,240.0,290.70724851354845,76.93191599999949,2119.679750000003,11030.911364472233
1776286355,200,POST,POST /v1/tweets,40.700000,0.000000,170,190,200,210,250,270,300,320,390,390,390,4082,0,150.0,153.75534479715856,65.81116600000314,456.1364999999995,214.5455658990691
1776286355,200,POST,POST /v1/tweets/:id/like,78.700000,0.000000,230,260,280,290,330,370,400,420,500,500,500,7793,0,180.0,184.72944134261454,67.672917000003,715.961875000005,0.0
1776286355,200,,Aggregated,410.100000,0.000000,180,200,220,240,270,300,340,370,430,500,500,41122,0,210.0,266.602367467439,65.81116600000314,2119.679750000003,7717.97395554691
1776286356,200,GET,GET /v1/timeline/home,208.800000,0.000000,170,190,200,210,240,270,290,310,400,420,420,21290,0,240.0,308.0942219406756,74.52250000000049,1250.2025000000003,10740.825457961484
1776286356,200,GET,GET /v1/timeline/user/:id,80.700000,0.000000,170,190,210,220,250,280,300,320,400,400,400,8249,0,240.0,289.50964522475607,76.93191599999949,2119.679750000003,11029.90229118681
1776286356,200,POST,POST /v1/tweets,39.400000,0.000000,170,190,200,210,250,270,300,320,390,390,390,4117,0,150.0,153.80645934539746,65.81116600000314,456.1364999999995,214.54602866164683
1776286356,200,POST,POST /v1/tweets/:id/like,79.400000,0.000000,230,260,280,300,340,370,410,430,500,500,500,7879,0,180.0,185.4256056250786,67.672917000003,715.961875000005,0.0
1776286356,200,,Aggregated,408.300000,0.000000,180,200,220,230,270,300,350,380,440,500,500,41535,0,210.0,265.8403897537265,65.81116600000314,2119.679750000003,7717.373877452751
1776286357,200,GET,GET /v1/timeline/home,210.900000,0.000000,170,190,200,210,240,260,290,310,400,420,420,21508,0,230.0,306.67563164227164,74.52250000000049,1250.2025000000003,10740.836758415473
1776286357,200,GET,GET /v1/timeline/user/:id,80.100000,0.000000,170,190,210,220,250,270,290,320,400,400,400,8330,0,230.0,288.3360757056436,76.93191599999949,2119.679750000003,11029.33013205282
1776286357,200,POST,POST /v1/tweets,39.700000,0.000000,170,190,200,210,250,270,290,320,390,390,390,4152,0,150.0,153.72320998892127,65.81116600000314,456.1364999999995,214.54648362235068
1776286357,200,POST,POST /v1/tweets/:id/like,80.400000,0.000000,230,260,280,290,340,370,400,430,500,500,500,7949,0,180.0,185.60549076537856,67.672917000003,715.961875000005,0.0
1776286357,200,,Aggregated,411.100000,0.000000,180,200,220,230,270,290,350,370,440,500,500,41939,0,210.0,264.9432702248039,65.81116600000314,2119.679750000003,7720.237344714943
1776286358,200,GET,GET /v1/timeline/home,208.500000,0.000000,170,190,200,210,240,260,290,310,400,420,420,21729,0,230.0,305.2984462156557,74.52250000000049,1250.2025000000003,10740.83515118045
1776286358,200,GET,GET /v1/timeline/user/:id,79.900000,0.000000,170,190,200,210,240,270,290,300,370,370,370,8405,0,230.0,287.2033785847722,76.93191599999949,2119.679750000003,11028.74467578822
1776286358,200,POST,POST /v1/tweets,38.800000,0.000000,170,190,200,210,240,270,290,320,390,390,390,4204,0,150.0,153.81264619862057,65.81116600000314,456.1364999999995,214.54614652711703
1776286358,200,POST,POST /v1/tweets/:id/like,81.600000,0.000000,230,260,270,290,330,360,400,430,480,480,480,8038,0,180.0,185.69984207962108,67.672917000003,715.961875000005,0.0
1776286358,200,,Aggregated,408.800000,0.000000,170,200,220,230,260,290,340,370,430,480,480,42376,0,210.0,263.99513946762454,65.81116600000314,2119.679750000003,7716.305408721918
1776286359,200,GET,GET /v1/timeline/home,206.500000,0.000000,170,190,200,210,240,260,290,310,400,420,420,21931,0,230.0,304.0943218974049,74.52250000000049,1250.2025000000003,10740.843782773243
1776286359,200,GET,GET /v1/timeline/user/:id,81.200000,0.000000,170,190,200,210,240,270,290,300,370,370,370,8489,0,230.0,286.07391162634116,76.93191599999949,2119.679750000003,11028.546000706798
1776286359,200,POST,POST /v1/tweets,38.700000,0.000000,160,180,200,210,240,260,280,320,390,390,390,4248,0,150.0,153.89685208427517,65.81116600000314,456.1364999999995,214.5454331450094
1776286359,200,POST,POST /v1/tweets/:id/like,82.700000,0.000000,220,250,270,290,320,360,400,430,480,480,480,8128,0,180.0,185.79049052755832,67.672917000003,715.961875000005,0.0
1776286359,200,,Aggregated,409.100000,0.000000,170,200,220,230,260,290,340,370,430,480,480,42796,0,210.0,263.1421848768588,65.81116600000314,2119.679750000003,7713.107790447705
1776286360,200,GET,GET /v1/timeline/home,206.700000,0.000000,170,190,200,210,240,260,280,300,370,420,420,22125,0,230.0,302.9825120430277,74.52250000000049,1250.2025000000003,10740.863005649717
1776286360,200,GET,GET /v1/timeline/user/:id,82.600000,0.000000,170,190,200,210,240,270,290,310,530,530,530,8580,0,230.0,284.90604669836927,76.93191599999949,2119.679750000003,11027.84324009324
1776286360,200,POST,POST /v1/tweets,37.600000,0.000000,160,180,200,200,230,260,290,320,490,490,490,4293,0,150.0,154.18895022548364,65.81116600000314,494.99358300001006,214.54623806196133
1776286360,200,POST,POST /v1/tweets/:id/like,82.800000,0.000000,220,250,270,280,320,350,390,430,480,480,480,8216,0,180.0,185.90189157947856,67.672917000003,715.961875000005,0.0
1776286360,200,,Aggregated,409.700000,0.000000,170,200,220,230,260,290,330,370,460,530,530,43214,0,210.0,262.35213273844244,65.81116600000314,2119.679750000003,7710.036932475587
1776286361,200,GET,GET /v1/timeline/home,207.600000,0.000000,170,190,200,210,240,260,290,300,400,420,420,22339,0,230.0,301.8498785717797,74.52250000000049,1250.2025000000003,10740.878821791486
1776286361,200,GET,GET /v1/timeline/user/:id,81.800000,0.000000,170,190,200,210,240,270,290,310,530,530,530,8647,0,230.0,284.0482975839028,76.93191599999949,2119.679750000003,11027.433560772522
1776286361,200,POST,POST /v1/tweets,39.100000,0.000000,160,180,190,200,230,260,280,310,490,490,490,4332,0,150.0,154.37726107710094,65.81116600000314,494.99358300001006,214.54570637119113
1776286361,200,POST,POST /v1/tweets/:id/like,82.300000,0.000000,220,250,270,280,310,350,390,430,480,480,480,8286,0,180.0,186.37739187665895,67.672917000003,715.961875000005,0.0
1776286361,200,,Aggregated,410.800000,0.000000,170,200,220,230,260,290,330,360,460,530,530,43604,0,210.0,261.72542497704444,65.81116600000314,2119.679750000003,7710.855013301532
1776286362,200,GET,GET /v1/timeline/home,209.200000,0.000000,170,190,200,210,240,260,290,300,400,420,420,22540,0,230.0,300.61714545062046,74.52250000000049,1250.2025000000003,10740.89733806566
1776286362,200,GET,GET /v1/timeline/user/:id,81.400000,0.000000,170,190,200,210,240,270,290,310,530,530,530,8715,0,230.0,283.0733567126804,76.93191599999949,2119.679750000003,11027.516236374067
1776286362,200,POST,POST /v1/tweets,39.000000,0.000000,160,170,190,200,220,250,270,290,490,490,490,4378,0,150.0,154.3033399061218,65.81116600000314,494.99358300001006,214.54545454545453
1776286362,200,POST,POST /v1/tweets/:id/like,83.700000,0.000000,210,240,260,270,310,340,380,430,480,480,480,8373,0,180.0,186.46392388904763,67.672917000003,715.961875000005,0.0
1776286362,200,,Aggregated,413.300000,0.000000,170,200,210,230,260,290,320,360,460,530,530,44006,0,210.0,260.8666368004376,65.81116600000314,2119.679750000003,7706.765213834477
1776286363,200,GET,GET /v1/timeline/home,205.300000,0.000000,170,190,200,210,240,270,290,310,400,420,420,22743,0,230.0,299.60965523475267,74.52250000000049,1250.2025000000003,10740.910302070966
1776286363,200,GET,GET /v1/timeline/user/:id,84.400000,0.000000,170,190,200,210,240,270,290,310,530,530,530,8809,0,230.0,282.0324438214337,76.93191599999949,2119.679750000003,11026.904642978772
1776286363,200,POST,POST /v1/tweets,39.700000,0.000000,160,170,190,190,220,260,280,310,490,490,490,4416,0,150.0,154.41357234692046,65.81116600000314,494.99358300001006,214.5457427536232
1776286363,200,POST,POST /v1/tweets/:id/like,86.100000,0.000000,210,240,260,270,310,350,390,440,480,480,480,8450,0,180.0,187.00178867455577,67.672917000003,715.961875000005,0.0
1776286363,200,,Aggregated,415.500000,0.000000,170,200,210,230,260,290,320,360,460,530,530,44418,0,210.0,260.2661451756285,65.81116600000314,2119.679750000003,7707.775226259624
1776286364,200,GET,GET /v1/timeline/home,206.300000,0.000000,170,190,200,210,240,270,290,310,400,420,420,22945,0,230.0,298.41910533907077,74.26591599997323,1250.2025000000003,10740.925299629549
1776286364,200,GET,GET /v1/timeline/user/:id,82.200000,0.000000,170,190,200,210,240,270,290,320,530,530,530,8896,0,230.0,280.94455950168737,76.93191599999949,2119.679750000003,11026.190759892086
1776286364,200,POST,POST /v1/tweets,39.600000,0.000000,160,170,190,190,220,260,280,310,490,490,490,4462,0,150.0,154.43674688727046,65.81116600000314,494.99358300001006,214.5472882115643
1776286364,200,POST,POST /v1/tweets/:id/like,84.400000,0.000000,220,240,260,270,300,340,380,440,480,480,480,8536,0,180.0,187.58127890346708,67.672917000003,715.961875000005,0.0
1776286364,200,,Aggregated,412.500000,0.000000,170,190,210,220,260,290,320,360,460,530,530,44839,0,210.0,259.5240691064269,65.81116600000314,2119.679750000003,7705.275184549165
1776286365,200,GET,GET /v1/timeline/home,206.800000,0.000000,170,190,210,220,250,280,300,320,400,420,420,23147,0,230.0,297.59280344796196,74.26591599997323,1250.2025000000003,10740.940337840757
1776286365,200,GET,GET /v1/timeline/user/:id,80.600000,0.000000,170,190,200,210,250,280,310,330,530,530,530,8985,0,230.0,280.03100187735237,76.93191599999949,2119.679750000003,11025.948247078464
1776286365,200,POST,POST /v1/tweets,40.200000,0.000000,160,180,190,200,230,260,290,320,490,490,490,4500,0,150.0,154.74226753422244,65.81116600000314,494.99358300001006,214.54711111111112
1776286365,200,POST,POST /v1/tweets/:id/like,84.300000,0.000000,220,250,270,280,320,360,430,450,480,480,480,8607,0,180.0,188.2463502104094,67.672917000003,715.961875000005,0.0
1776286365,200,,Aggregated,411.900000,0.000000,170,200,220,230,270,300,340,370,470,530,530,45239,0,210.0,259.0913971007999,65.81116600000314,2119.679750000003,7706.937664404607
1776286366,200,GET,GET /v1/timeline/home,207.400000,0.000000,170,190,210,220,250,280,300,320,390,410,410,23333,0,230.0,296.6111916109362,74.26591599997323,1250.2025000000003,10740.94021343162
1776286366,200,GET,GET /v1/timeline/user/:id,80.900000,0.000000,170,190,200,210,240,280,310,330,530,530,530,9085,0,230.0,278.9383208571283,76.93191599999949,2119.679750000003,11025.623775454045
1776286366,200,POST,POST /v1/tweets,40.700000,0.000000,160,180,190,200,230,270,290,310,490,490,490,4541,0,150.0,154.93136540982175,65.81116600000314,494.99358300001006,214.54679585994273
1776286366,200,POST,POST /v1/tweets/:id/like,83.700000,0.000000,220,250,260,280,310,350,400,440,480,480,480,8695,0,180.0,188.660305516848,67.672917000003,715.961875000005,0.0
1776286366,200,,Aggregated,412.700000,0.000000,170,200,220,230,270,290,330,360,460,530,530,45654,0,210.0,258.442376695144,65.81116600000314,2119.679750000003,7704.9197660665
1776286367,200,GET,GET /v1/timeline/home,205.700000,0.000000,170,190,210,220,250,280,300,320,390,410,410,23541,0,220.0,295.5571850323254,74.26591599997323,1250.2025000000003,10740.958625377001
1776286367,200,GET,GET /v1/timeline/user/:id,81.700000,0.000000,170,190,200,210,240,280,310,330,530,530,530,9168,0,230.0,277.99402179123155,76.93191599999949,2119.679750000003,11025.074389179756
1776286367,200,POST,POST /v1/tweets,41.700000,0.000000,160,180,190,200,230,270,290,310,490,490,490,4594,0,150.0,155.0492406839358,65.81116600000314,494.99358300001006,214.5472355245973
1776286367,200,POST,POST /v1/tweets/:id/like,83.700000,0.000000,220,250,270,280,320,350,410,450,480,480,480,8751,0,180.0,188.97883827242515,67.672917000003,715.961875000005,0.0
1776286367,200,,Aggregated,412.800000,0.000000,180,200,220,230,270,300,340,370,460,530,530,46054,0,210.0,257.7932624756179,65.81116600000314,2119.679750000003,7706.527532896165
1776286368,200,GET,GET /v1/timeline/home,204.900000,0.000000,170,190,210,230,260,280,310,340,400,410,410,23754,0,220.0,294.6497502918233,74.26591599997323,1250.2025000000003,10740.982866043614
1776286368,200,GET,GET /v1/timeline/user/:id,82.600000,0.000000,170,190,210,220,250,280,320,350,530,530,530,9260,0,220.0,277.1636423356386,76.93191599999949,2119.679750000003,11024.520734341253
1776286368,200,POST,POST /v1/tweets,41.800000,0.000000,160,180,190,200,250,270,310,320,490,490,490,4632,0,150.0,155.18663663816955,65.81116600000314,494.99358300001006,214.54706390328153
1776286368,200,POST,POST /v1/tweets/:id/like,81.600000,0.000000,230,260,280,290,340,370,440,450,490,490,490,8833,0,180.0,189.63653909622928,67.672917000003,715.961875000005,0.0
1776286368,200,,Aggregated,410.900000,0.000000,180,210,230,240,280,310,360,390,480,530,530,46479,0,210.0,257.3103885024442,65.81116600000314,2119.679750000003,7707.182835258935
1776286370,200,GET,GET /v1/timeline/home,202.200000,0.000000,170,190,210,230,260,280,320,340,400,410,410,23948,0,220.0,293.67053115191146,74.26591599997323,1250.2025000000003,10740.994237514615
1776286370,200,GET,GET /v1/timeline/user/:id,83.400000,0.000000,170,190,210,220,250,280,320,340,410,410,410,9345,0,220.0,276.14229658748155,76.93191599999949,2119.679750000003,11023.954842161584
1776286370,200,POST,POST /v1/tweets,44.000000,0.000000,160,180,190,200,250,270,290,320,360,360,360,4669,0,150.0,155.38425643157018,65.81116600000314,494.99358300001006,214.54744056543157
1776286370,200,POST,POST /v1/tweets/:id/like,79.900000,0.000000,230,260,280,300,340,380,440,450,490,490,490,8911,0,180.0,189.85954651127736,67.672917000003,715.961875000005,0.0
1776286370,200,,Aggregated,409.500000,0.000000,180,200,230,240,280,310,360,390,470,490,490,46873,0,210.0,256.6658663596764,65.81116600000314,2119.679750000003,7706.9082414183
1776286371,200,GET,GET /v1/timeline/home,202.400000,0.000000,170,190,210,220,260,280,310,340,390,410,410,24144,0,220.0,292.5654585311869,74.26591599997323,1250.2025000000003,10740.99618952949
1776286371,200,GET,GET /v1/timeline/user/:id,85.500000,0.000000,170,190,210,220,250,280,320,340,360,360,360,9435,0,220.0,275.040334378274,76.93191599999949,2119.679750000003,11023.15209326974
1776286371,200,POST,POST /v1/tweets,42.700000,0.000000,160,180,190,200,230,270,290,320,360,360,360,4699,0,150.0,155.29639021281153,65.81116600000314,494.99358300001006,214.548627367525
1776286371,200,POST,POST /v1/tweets/:id/like,79.400000,0.000000,230,260,280,290,330,370,440,450,490,490,490,9002,0,180.0,190.16750690646444,67.672917000003,715.961875000005,0.0
1776286371,200,,Aggregated,410.000000,0.000000,180,200,220,240,270,300,350,380,470,490,490,47280,0,210.0,255.92917978887718,65.81116600000314,2119.679750000003,7706.053637901861
1776286372,200,GET,GET /v1/timeline/home,201.500000,0.000000,170,190,210,220,260,280,310,340,390,410,410,24376,0,220.0,291.3425672342045,74.26591599997323,1250.2025000000003,10741.00242041352
1776286372,200,GET,GET /v1/timeline/user/:id,85.600000,0.000000,170,190,210,220,250,280,320,340,360,360,360,9533,0,220.0,273.87270781097396,76.93191599999949,2119.679750000003,11022.657715304731
1776286372,200,POST,POST /v1/tweets,42.000000,0.000000,160,180,190,200,240,270,290,320,360,360,360,4743,0,150.0,155.35493342483687,65.81116600000314,494.99358300001006,214.54859793379717
1776286372,200,POST,POST /v1/tweets/:id/like,78.100000,0.000000,230,260,280,290,340,370,440,450,490,490,490,9088,0,180.0,190.3709975019798,67.672917000003,715.961875000005,0.0
1776286372,200,,Aggregated,407.200000,0.000000,180,200,220,240,270,300,350,380,470,490,490,47740,0,210.0,255.122224905637,65.81116600000314,2119.679750000003,7706.729681608714
1776286373,200,GET,GET /v1/timeline/home,201.600000,0.000000,170,190,210,220,260,280,310,340,390,410,410,24569,0,220.0,290.42437094440015,74.26591599997323,1250.2025000000003,10741.019821726566
1776286373,200,GET,GET /v1/timeline/user/:id,85.500000,0.000000,170,190,210,220,250,280,320,340,370,370,370,9624,0,220.0,272.96568074418275,76.93191599999949,2119.679750000003,11022.596633416459
1776286373,200,POST,POST /v1/tweets,40.500000,0.000000,160,180,190,200,240,270,280,290,360,360,360,4794,0,150.0,155.45643383750544,65.81116600000314,494.99358300001006,214.54776804338758
1776286373,200,POST,POST /v1/tweets/:id/like,78.500000,0.000000,230,260,280,290,340,370,420,450,490,490,490,9161,0,180.0,190.57341482087028,67.672917000003,715.961875000005,0.0
1776286373,200,,Aggregated,406.100000,0.000000,170,200,220,240,270,300,350,370,460,490,490,48148,0,210.0,254.4977834636153,65.81116600000314,2119.679750000003,7705.535598571072
1776286374,200,GET,GET /v1/timeline/home,201.900000,0.000000,170,190,210,220,260,280,310,340,390,410,410,24760,0,220.0,289.5880905922445,74.26591599997323,1250.2025000000003,10741.0295638126
1776286374,200,GET,GET /v1/timeline/user/:id,88.200000,0.000000,170,190,210,220,260,280,320,350,370,370,370,9718,0,220.0,272.1634542199027,76.93191599999949,2119.679750000003,11022.211669067708
1776286374,200,POST,POST /v1/tweets,40.600000,0.000000,160,180,190,210,240,270,280,290,360,360,360,4831,0,150.0,155.56127773359574,65.81116600000314,494.99358300001006,214.5487476712896
1776286374,200,POST,POST /v1/tweets/:id/like,80.000000,0.000000,230,260,280,290,340,370,430,450,490,490,490,9248,0,190.0,191.04385632558302,67.672917000003,715.961875000005,0.0
1776286374,200,,Aggregated,410.700000,0.000000,180,200,230,240,270,310,350,380,470,490,490,48557,0,200.0,253.99789293414213,65.81116600000314,2119.679750000003,7704.311015919435
1776286375,200,GET,GET /v1/timeline/home,201.000000,0.000000,170,190,200,220,250,270,300,320,380,380,380,24966,0,220.0,288.50790128642865,74.26591599997323,1250.2025000000003,10741.026556116318
1776286375,200,GET,GET /v1/timeline/user/:id,90.100000,0.000000,170,190,210,220,250,280,300,340,370,370,370,9797,0,220.0,271.23950770899404,76.93191599999949,2119.679750000003,11021.807696233542
1776286375,200,POST,POST /v1/tweets,40.900000,0.000000,160,180,190,200,230,270,280,290,360,360,360,4874,0,150.0,155.52056351354148,65.81116600000314,494.99358300001006,214.54924086992204
1776286375,200,POST,POST /v1/tweets/:id/like,78.600000,0.000000,230,260,270,290,320,360,400,430,490,490,490,9310,0,190.0,191.22335150440296,67.672917000003,715.961875000005,0.0
1776286375,200,,Aggregated,410.600000,0.000000,170,200,220,230,270,290,340,370,450,490,490,48947,0,200.0,253.3049696531586,65.81116600000314,2119.679750000003,7706.025537826628
1776286376,200,GET,GET /v1/timeline/home,199.500000,0.000000,170,190,200,210,250,270,300,320,380,380,380,25169,0,220.0,287.5651769462029,74.26591599997323,1250.2025000000003,10741.031665938257
1776286376,200,GET,GET /v1/timeline/user/:id,90.400000,0.000000,170,190,200,210,260,280,310,340,370,370,370,9885,0,220.0,270.35540588609155,76.93191599999949,2119.679750000003,11021.519878603945
1776286376,200,POST,POST /v1/tweets,41.100000,0.000000,160,180,190,200,230,250,280,290,360,360,360,4911,0,150.0,155.54061542537178,65.81116600000314,494.99358300001006,214.5497861942578
1776286376,200,POST,POST /v1/tweets/:id/like,78.200000,0.000000,230,260,270,290,330,370,400,430,490,490,490,9428,0,190.0,191.62755736953662,67.672917000003,715.961875000005,0.0
1776286376,200,,Aggregated,409.200000,0.000000,170,200,220,230,270,290,340,370,450,490,490,49393,0,200.0,252.68187190446332,65.81116600000314,2119.679750000003,7700.330087259328
1776286377,200,GET,GET /v1/timeline/home,200.200000,0.000000,170,190,200,220,250,280,310,340,380,400,400,25387,0,220.0,286.6940013116549,74.26591599997323,1250.2025000000003,10741.051916335133
1776286377,200,GET,GET /v1/timeline/user/:id,89.200000,0.000000,170,190,200,220,260,280,310,340,380,380,380,9956,0,220.0,269.7186642950999,76.93191599999949,2119.679750000003,11020.964644435517
1776286377,200,POST,POST /v1/tweets,40.700000,0.000000,160,180,190,200,230,270,280,290,360,360,360,4959,0,150.0,155.73926291107088,65.81116600000314,494.99358300001006,214.55011090945754
1776286377,200,POST,POST /v1/tweets/:id/like,77.200000,0.000000,230,260,280,290,340,370,420,450,490,490,490,9501,0,190.0,192.26499337459117,67.672917000003,715.961875000005,0.0
1776286377,200,,Aggregated,407.300000,0.000000,170,200,220,240,270,300,360,380,480,490,490,49803,0,200.0,252.24665863199328,65.81116600000314,2119.679750000003,7699.7723631106555
1776286378,200,GET,GET /v1/timeline/home,200.500000,0.000000,160,180,200,210,250,270,300,330,380,400,400,25591,0,220.0,285.7698693603601,74.26591599997323,1250.2025000000003,10741.062912742762
1776286378,200,GET,GET /v1/timeline/user/:id,89.300000,0.000000,160,190,200,210,250,280,300,320,380,380,380,10037,0,220.0,269.00374931204686,76.93191599999949,2119.679750000003,11020.284945700907
1776286378,200,POST,POST /v1/tweets,40.700000,0.000000,160,180,190,200,230,260,280,290,360,360,360,4999,0,150.0,155.83831857691553,65.81116600000314,494.99358300001006,214.5513102620524
1776286378,200,POST,POST /v1/tweets/:id/like,81.300000,0.000000,230,260,270,290,330,370,390,420,480,480,480,9595,0,190.0,192.67657921302666,67.672917000003,715.961875000005,0.0
1776286378,200,,Aggregated,411.800000,0.000000,170,200,220,230,270,300,350,370,460,480,480,50222,0,200.0,251.70034826890935,65.81116600000314,2119.679750000003,7696.979072916251
1776286379,200,GET,GET /v1/timeline/home,203.800000,0.000000,170,190,200,220,250,280,310,340,380,400,400,25777,0,220.0,285.14451406486324,74.26591599997323,1250.2025000000003,10741.073398766343
1776286379,200,GET,GET /v1/timeline/user/:id,86.200000,0.000000,170,190,210,220,260,280,310,340,380,380,380,10132,0,220.0,268.2399325666221,76.93191599999949,2119.679750000003,11019.914725621793
1776286379,200,POST,POST /v1/tweets,41.000000,0.000000,160,180,190,200,230,250,280,290,380,380,380,5041,0,150.0,156.03966205078382,65.81116600000314,494.99358300001006,214.55246974806585
1776286379,200,POST,POST /v1/tweets/:id/like,79.500000,0.000000,230,260,280,290,340,370,400,420,480,480,480,9647,0,190.0,192.8919563039277,67.672917000003,715.961875000005,0.0
1776286379,200,,Aggregated,410.500000,0.000000,170,200,220,240,270,300,350,370,460,480,480,50597,0,200.0,251.30742484094262,65.81116600000314,2119.679750000003,7700.219064371406
1776286380,200,GET,GET /v1/timeline/home,202.800000,0.000000,170,190,210,220,260,280,310,340,380,400,400,25964,0,220.0,284.2543429175004,74.26591599997323,1250.2025000000003,10741.091742412571
1776286380,200,GET,GET /v1/timeline/user/:id,85.600000,0.000000,170,190,210,220,260,280,310,340,380,380,380,10203,0,220.0,267.54048512026014,76.93191599999949,2119.679750000003,11019.453886111927
1776286380,200,POST,POST /v1/tweets,40.100000,0.000000,160,180,190,200,230,250,280,290,380,380,380,5078,0,150.0,155.97128712564023,65.81116600000314,494.99358300001006,214.55179204411186
1776286380,200,POST,POST /v1/tweets/:id/like,83.100000,0.000000,220,260,280,290,340,370,400,450,480,480,480,9736,0,190.0,193.09066694484298,67.672917000003,715.961875000005,0.0
1776286380,200,,Aggregated,411.600000,0.000000,170,200,220,240,270,310,360,380,460,480,480,50981,0,200.0,250.72180338932523,65.81116600000314,2119.679750000003,7697.037876856084
1776286381,200,GET,GET /v1/timeline/home,200.100000,0.000000,170,190,210,230,270,290,350,370,480,500,500,26179,0,220.0,283.6859016266465,74.26591599997323,1250.2025000000003,10741.120249054586
1776286381,200,GET,GET /v1/timeline/user/:id,86.300000,0.000000,170,200,210,230,270,300,340,370,450,450,450,10274,0,220.0,267.2478126835715,76.93191599999949,2119.679750000003,11018.591395756279
1776286381,200,POST,POST /v1/tweets,40.400000,0.000000,160,180,190,200,230,250,280,290,380,380,380,5126,0,150.0,156.08120770444813,65.81116600000314,494.99358300001006,214.55091689426453
1776286381,200,POST,POST /v1/tweets/:id/like,80.800000,0.000000,220,260,280,290,340,380,410,450,480,480,480,9809,0,190.0,193.13286572688253,67.672917000003,715.961875000005,0.0
1776286381,200,,Aggregated,407.600000,0.000000,170,200,230,240,280,320,370,400,480,500,500,51388,0,200.0,250.3858838017278,65.81116600000314,2119.679750000003,7696.282848135752
1776286382,200,GET,GET /v1/timeline/home,201.500000,0.000000,170,200,220,240,270,300,350,380,480,500,500,26362,0,220.0,283.2392752343893,74.26591599997323,1250.2025000000003,10741.14050527274
1776286382,200,GET,GET /v1/timeline/user/:id,85.800000,0.000000,170,200,220,230,270,300,340,380,460,460,460,10348,0,220.0,266.87768001961877,76.93191599999949,2119.679750000003,11017.939311944338
1776286382,200,POST,POST /v1/tweets,40.900000,0.000000,160,180,190,210,240,250,280,300,380,380,380,5160,0,150.0,156.33079719438004,65.81116600000314,494.99358300001006,214.55058139534884
1776286382,200,POST,POST /v1/tweets/:id/like,82.300000,0.000000,230,260,280,300,340,380,410,450,480,480,480,9892,0,190.0,193.8217305310343,67.672917000003,715.961875000005,0.0
1776286382,200,,Aggregated,410.500000,0.000000,180,210,230,250,290,330,370,400,480,500,500,51762,0,200.0,250.22903826181738,65.81116600000314,2119.679750000003,7694.421834550442
1776286383,200,GET,GET /v1/timeline/home,202.000000,0.000000,170,200,220,230,270,300,350,380,480,500,500,26559,0,220.0,282.44729899905764,74.26591599997323,1250.2025000000003,10741.137731089273
1776286383,200,GET,GET /v1/timeline/user/:id,82.900000,0.000000,170,200,210,230,270,310,340,400,470,470,470,10431,0,220.0,266.19954384076465,76.93191599999949,2119.679750000003,11017.260281852172
1776286383,200,POST,POST /v1/tweets,42.300000,0.000000,160,180,200,210,240,270,300,340,380,380,380,5201,0,150.0,156.52813961795823,65.81116600000314,494.99358300001006,214.55008652182272
1776286383,200,POST,POST /v1/tweets/:id/like,80.200000,0.000000,230,260,280,300,340,380,410,450,480,480,480,9975,0,190.0,194.0381461647109,67.672917000003,715.961875000005,0.0
1776286383,200,,Aggregated,407.400000,0.000000,180,210,230,250,290,330,370,400,480,500,500,52166,0,200.0,249.73888391030906,65.81116600000314,2119.679750000003,7692.956983475827
1776286384,200,GET,GET /v1/timeline/home,198.200000,0.000000,180,210,230,240,280,300,350,380,480,500,500,26791,0,220.0,281.7257814981886,74.26591599997323,1250.2025000000003,10741.149938412153
1776286384,200,GET,GET /v1/timeline/user/:id,81.100000,0.000000,180,200,220,240,280,310,360,400,470,470,470,10516,0,220.0,265.67323083168674,76.2545839999973,2119.679750000003,11017.208158995816
1776286384,200,POST,POST /v1/tweets,42.000000,0.000000,170,190,210,220,250,270,300,340,380,380,380,5232,0,150.0,156.7162035995796,65.81116600000314,494.99358300001006,214.54988532110093
1776286384,200,POST,POST /v1/tweets/:id/like,80.600000,0.000000,230,260,290,310,350,380,420,450,480,480,480,10049,0,190.0,194.4262514341717,67.672917000003,715.961875000005,0.0
1776286384,200,,Aggregated,401.900000,0.000000,180,210,240,250,290,330,380,410,480,500,500,52588,0,200.0,249.39651033390115,65.81116600000314,2119.679750000003,7696.539780938617
1776286385,200,GET,GET /v1/timeline/home,199.600000,0.000000,180,210,230,240,280,300,350,380,480,500,500,26984,0,220.0,280.98031473891825,74.26591599997323,1250.2025000000003,10741.155128965313
1776286385,200,GET,GET /v1/timeline/user/:id,80.600000,0.000000,180,210,230,240,280,310,360,400,470,470,470,10606,0,220.0,265.00874892070715,76.2545839999973,2119.679750000003,11016.58372619272
1776286385,200,POST,POST /v1/tweets,40.900000,0.000000,170,190,210,220,250,270,300,340,380,380,380,5276,0,150.0,156.8858469764974,65.81116600000314,494.99358300001006,214.55060652009098
1776286385,200,POST,POST /v1/tweets/:id/like,81.000000,0.000000,220,260,290,310,350,380,430,460,480,480,480,10131,0,190.0,194.64211301095554,67.672917000003,715.961875000005,0.0
1776286385,200,,Aggregated,402.100000,0.000000,180,210,240,250,290,330,380,410,480,500,500,52997,0,200.0,248.92549728343465,65.81116600000314,2119.679750000003,7695.023982489575
1776286386,200,GET,GET /v1/timeline/home,202.400000,0.000000,180,200,220,240,270,300,340,370,480,500,500,27183,0,210.0,280.1214941442802,71.2307499999838,1250.2025000000003,10741.157892800647
1776286386,200,GET,GET /v1/timeline/user/:id,78.700000,0.000000,180,200,220,240,280,310,340,400,470,470,470,10698,0,210.0,264.1588669387756,73.73654200000601,2119.679750000003,11015.935969340064
1776286386,200,POST,POST /v1/tweets,39.900000,0.000000,170,180,200,220,250,260,280,300,380,380,380,5314,0,150.0,156.75575753161456,65.81116600000314,494.99358300001006,214.5511855476101
1776286386,200,POST,POST /v1/tweets/:id/like,80.100000,0.000000,210,250,280,300,340,370,410,430,470,470,470,10210,0,190.0,194.5415678786474,67.672917000003,715.961875000005,0.0
1776286386,200,,Aggregated,401.100000,0.000000,180,210,230,250,290,320,370,400,470,500,500,53405,0,200.0,248.28730713227566,65.81116600000314,2119.679750000003,7695.262672034453
1776286387,200,GET,GET /v1/timeline/home,200.700000,0.000000,180,200,220,240,280,300,350,380,490,500,500,27393,0,210.0,279.42147982272735,71.2307499999838,1250.2025000000003,10741.17650494652
1776286387,200,GET,GET /v1/timeline/user/:id,81.200000,0.000000,180,210,230,240,280,310,350,400,470,470,470,10782,0,210.0,263.578826401319,73.73654200000601,2119.679750000003,11015.414765349657
1776286387,200,POST,POST /v1/tweets,39.900000,0.000000,160,180,200,220,250,270,280,300,380,380,380,5350,0,150.0,156.73962281532704,65.81116600000314,494.99358300001006,214.5510280373832
1776286387,200,POST,POST /v1/tweets/:id/like,81.500000,0.000000,200,250,270,290,340,370,420,430,470,470,470,10285,0,190.0,194.6441581994157,67.672917000003,715.961875000005,0.0
1776286387,200,,Aggregated,403.300000,0.000000,180,210,230,250,290,320,370,400,470,500,500,53810,0,200.0,247.84559844241153,65.81116600000314,2119.679750000003,7696.508046831444
1776286388,200,GET,GET /v1/timeline/home,201.600000,0.000000,180,200,220,230,270,300,350,380,490,500,500,27601,0,210.0,278.65501806517756,71.2307499999838,1250.2025000000003,10741.179196405927
1776286388,200,GET,GET /v1/timeline/user/:id,81.100000,0.000000,180,200,220,240,280,310,350,400,470,470,470,10880,0,210.0,262.8214051406269,73.73654200000601,2119.679750000003,11015.35661764706
1776286388,200,POST,POST /v1/tweets,40.400000,0.000000,160,180,200,220,250,260,280,300,350,350,350,5400,0,150.0,156.8349143864814,65.81116600000314,494.99358300001006,214.55314814814815
1776286388,200,POST,POST /v1/tweets/:id/like,78.600000,0.000000,200,250,270,290,330,370,420,430,470,470,470,10373,0,190.0,194.74234619145764,67.672917000003,715.961875000005,0.0
1776286388,200,,Aggregated,401.700000,0.000000,180,210,230,240,280,320,360,400,470,500,500,54254,0,200.0,247.31125698157103,65.81116600000314,2119.679750000003,7694.7866332436315
1776286389,200,GET,GET /v1/timeline/home,199.500000,0.000000,180,200,220,240,270,300,350,380,490,500,500,27806,0,210.0,277.84497838563476,71.2307499999838,1250.2025000000003,10741.191181759332
1776286389,200,GET,GET /v1/timeline/user/:id,83.000000,0.000000,180,200,220,240,280,310,350,400,470,470,470,10950,0,210.0,262.17596764968226,73.73654200000601,2119.679750000003,11015.19799086758
1776286389,200,POST,POST /v1/tweets,39.600000,0.000000,160,180,210,220,250,270,300,300,350,350,350,5439,0,150.0,156.96672123055694,65.81116600000314,494.99358300001006,214.55396212539068
1776286389,200,POST,POST /v1/tweets/:id/like,78.900000,0.000000,210,250,270,290,340,370,420,430,470,470,470,10448,0,190.0,195.18272306565757,67.672917000003,715.961875000005,0.0
1776286389,200,,Aggregated,401.000000,0.000000,180,210,230,250,280,320,360,400,470,500,500,54643,0,200.0,246.86776718185607,65.81116600000314,2119.679750000003,7694.543473088959
1776286390,200,GET,GET /v1/timeline/home,200.600000,0.000000,170,200,220,230,260,290,320,350,410,490,490,28023,0,210.0,277.0434690786128,71.2307499999838,1250.2025000000003,10741.191949470078
1776286390,200,GET,GET /v1/timeline/user/:id,84.700000,0.000000,170,200,220,230,260,290,320,350,470,470,470,11035,0,210.0,261.4271014999565,73.73654200000601,2119.679750000003,11014.682011780698
1776286390,200,POST,POST /v1/tweets,39.200000,0.000000,160,180,200,220,250,270,300,300,350,350,350,5478,0,150.0,156.95390663143465,65.81116600000314,494.99358300001006,214.55494706097116
1776286390,200,POST,POST /v1/tweets/:id/like,77.500000,0.000000,220,250,270,290,330,370,420,430,470,470,470,10532,0,190.0,195.4227155620955,67.672917000003,715.961875000005,0.0
1776286390,200,,Aggregated,402.000000,0.000000,180,210,230,240,280,310,350,380,470,490,490,55068,0,200.0,246.3576440014012,65.81116600000314,2119.679750000003,7694.5371177453335
1776286391,200,GET,GET /v1/timeline/home,203.100000,0.000000,170,200,210,230,270,300,350,370,460,490,490,28214,0,210.0,276.62706148826703,71.2307499999838,1250.2025000000003,10741.196639965974
1776286391,200,GET,GET /v1/timeline/user/:id,81.800000,0.000000,170,200,220,230,280,310,360,380,470,470,470,11115,0,210.0,261.20490010247585,73.73654200000601,2119.679750000003,11014.821682411157
1776286391,200,POST,POST /v1/tweets,39.800000,0.000000,160,180,200,210,250,270,320,360,440,440,440,5522,0,150.0,157.26487579771808,65.81116600000314,494.99358300001006,214.55450923578414
1776286391,200,POST,POST /v1/tweets/:id/like,79.400000,0.000000,210,260,280,290,360,390,440,460,530,530,530,10627,0,190.0,196.22886687682225,67.672917000003,715.961875000005,0.0
1776286391,200,,Aggregated,404.100000,0.000000,180,200,230,240,280,330,380,420,470,530,530,55478,0,200.0,246.25597876499054,65.81116600000314,2119.679750000003,7690.735697033058
1776286392,200,GET,GET /v1/timeline/home,202.600000,0.000000,170,200,220,230,270,300,350,370,460,490,490,28402,0,210.0,275.88009288507715,66.92508399999042,1250.2025000000003,10741.201147806492
1776286392,200,GET,GET /v1/timeline/user/:id,82.500000,0.000000,170,190,220,230,270,300,360,380,470,470,470,11200,0,210.0,260.4289391301803,67.35279200000832,2119.679750000003,11014.476964285714
1776286392,200,POST,POST /v1/tweets,39.400000,0.000000,160,180,200,210,250,260,300,360,440,440,440,5560,0,150.0,157.1810591857913,65.81116600000314,494.99358300001006,214.55503597122302
1776286392,200,POST,POST /v1/tweets/:id/like,79.300000,0.000000,210,260,280,300,360,400,440,460,530,530,530,10708,0,190.0,196.34932875018583,67.672917000003,715.961875000005,0.0
1776286392,200,,Aggregated,403.800000,0.000000,170,200,230,240,280,330,390,420,470,530,530,55870,0,200.0,245.72732804206444,65.81116600000314,2119.679750000003,7689.755915518167
1776286393,200,GET,GET /v1/timeline/home,201.700000,0.000000,170,190,210,230,270,300,350,370,460,490,490,28622,0,210.0,275.1601957759054,66.92508399999042,1250.2025000000003,10741.20617007896
1776286393,200,GET,GET /v1/timeline/user/:id,82.600000,0.000000,170,190,210,230,260,300,350,380,470,470,470,11285,0,210.0,259.83217415888515,67.35279200000832,2119.679750000003,11014.196809924679
1776286393,200,POST,POST /v1/tweets,39.200000,0.000000,160,180,200,210,250,260,300,360,440,440,440,5599,0,150.0,157.27957566601174,65.81116600000314,494.99358300001006,214.55545633148776
1776286393,200,POST,POST /v1/tweets/:id/like,79.400000,0.000000,210,260,280,300,360,400,450,460,530,530,530,10775,0,190.0,196.70107114514988,67.672917000003,715.961875000005,0.0
1776286393,200,,Aggregated,402.900000,0.000000,170,200,220,240,280,330,390,420,470,530,530,56281,0,200.0,245.3386328356663,65.81116600000314,2119.679750000003,7692.317300687621
1776286394,200,GET,GET /v1/timeline/home,203.500000,0.000000,170,190,200,220,260,290,350,370,460,490,490,28861,0,210.0,274.25287292394455,66.92508399999042,1250.2025000000003,10741.21752538027
1776286394,200,GET,GET /v1/timeline/user/:id,85.100000,0.000000,170,190,210,220,260,300,350,380,470,470,470,11344,0,210.0,259.2810401613204,67.35279200000832,2119.679750000003,11013.81470380818
1776286394,200,POST,POST /v1/tweets,39.700000,0.000000,160,180,190,200,230,250,300,360,440,440,440,5634,0,150.0,157.315865154242,65.81116600000314,494.99358300001006,214.55573304934327
1776286394,200,POST,POST /v1/tweets/:id/like,80.400000,0.000000,210,250,270,290,360,390,440,460,530,530,530,10873,0,190.0,196.74863727094555,67.672917000003,715.961875000005,0.0
1776286394,200,,Aggregated,408.700000,0.000000,170,200,220,240,280,320,380,410,470,530,530,56712,0,200.0,244.7817358297033,65.81116600000314,2119.679750000003,7690.643955423896
1776286395,200,GET,GET /v1/timeline/home,203.200000,0.000000,170,190,210,230,270,300,350,370,460,490,490,29060,0,210.0,273.71476537291664,66.92508399999042,1250.2025000000003,10741.21699931177
1776286395,200,GET,GET /v1/timeline/user/:id,85.000000,0.000000,170,190,210,220,270,300,360,380,470,470,470,11428,0,210.0,258.8312168361934,67.35279200000832,2119.679750000003,11013.345642282115
1776286395,200,POST,POST /v1/tweets,39.700000,0.000000,160,180,190,200,230,250,300,360,440,440,440,5665,0,150.0,157.3742577426301,65.81116600000314,494.99358300001006,214.55622241835835
1776286395,200,POST,POST /v1/tweets/:id/like,80.200000,0.000000,220,270,290,310,370,400,450,460,530,530,530,10957,0,190.0,197.4069389247048,67.672917000003,715.961875000005,0.0
1776286395,200,,Aggregated,408.100000,0.000000,180,200,230,240,290,340,390,420,490,530,530,57110,0,200.0,244.5558961241667,65.81116600000314,2119.679750000003,7690.697618630713
1776286396,200,GET,GET /v1/timeline/home,205.100000,0.000000,170,190,210,220,260,290,330,360,450,460,460,29274,0,210.0,272.90080438798793,66.92508399999042,1250.2025000000003,10741.228530436565
1776286396,200,GET,GET /v1/timeline/user/:id,83.600000,0.000000,170,190,200,210,260,300,360,380,470,470,470,11510,0,210.0,258.08537513431946,67.35279200000832,2119.679750000003,11012.763336229365
1776286396,200,POST,POST /v1/tweets,40.000000,0.000000,170,180,190,210,240,270,320,360,440,440,440,5700,0,150.0,157.57204127649126,65.81116600000314,494.99358300001006,214.55649122807017
1776286396,200,POST,POST /v1/tweets/:id/like,82.200000,0.000000,230,270,300,320,380,400,450,460,530,530,530,11027,0,190.0,197.83893083694463,67.672917000003,715.961875000005,0.0
1776286396,200,,Aggregated,410.900000,0.000000,170,200,230,240,290,340,390,420,470,530,530,57511,0,200.0,244.11314950296747,65.81116600000314,2119.679750000003,7692.76489715011
1776286397,200,GET,GET /v1/timeline/home,206.800000,0.000000,170,190,210,220,260,290,340,360,450,460,460,29473,0,210.0,272.213603332642,66.92508399999042,1250.2025000000003,10741.224103416687
1776286397,200,GET,GET /v1/timeline/user/:id,81.000000,0.000000,170,190,210,220,260,300,360,380,470,470,470,11585,0,210.0,257.6211940296951,67.35279200000832,2119.679750000003,11012.480535174795
1776286397,200,POST,POST /v1/tweets,38.900000,0.000000,170,190,200,210,240,270,330,360,440,440,440,5729,0,150.0,157.66958840722643,65.81116600000314,494.99358300001006,214.5568161982894
1776286397,200,POST,POST /v1/tweets/:id/like,81.200000,0.000000,230,270,300,320,380,400,450,460,530,530,530,11106,0,190.0,197.82692621897976,67.672917000003,715.961875000005,0.0
1776286397,200,,Aggregated,407.900000,0.000000,170,200,230,240,290,340,390,420,470,530,530,57893,0,200.0,243.6883211861568,65.81116600000314,2119.679750000003,7693.242378180436
1776286398,200,GET,GET /v1/timeline/home,206.400000,0.000000,170,190,210,220,260,290,330,360,450,460,460,29692,0,210.0,271.5363967123453,66.92508399999042,1250.2025000000003,10741.23285733531
1776286398,200,GET,GET /v1/timeline/user/:id,80.600000,0.000000,170,190,210,220,270,300,370,390,470,470,470,11673,0,210.0,257.1131840538009,67.35279200000832,2119.679750000003,11012.107684399898
1776286398,200,POST,POST /v1/tweets,38.400000,0.000000,170,190,200,210,240,270,330,360,440,440,440,5770,0,150.0,157.77949438648187,65.81116600000314,494.99358300001006,214.5578856152513
1776286398,200,POST,POST /v1/tweets/:id/like,80.000000,0.000000,230,270,300,320,380,400,450,460,530,530,530,11186,0,190.0,198.07711594841663,67.672917000003,715.961875000005,0.0
1776286398,200,,Aggregated,405.400000,0.000000,180,200,230,240,290,340,390,420,470,530,530,58321,0,200.0,243.30548499257844,65.81116600000314,2119.679750000003,7693.815572435315
1776286399,200,GET,GET /v1/timeline/home,208.200000,0.000000,170,190,210,220,260,290,330,360,450,460,460,29930,0,210.0,270.6424935296679,66.92508399999042,1250.2025000000003,10741.233945873706
1776286399,200,GET,GET /v1/timeline/user/:id,80.200000,0.000000,170,190,210,230,270,300,370,390,470,470,470,11748,0,210.0,256.55672293573537,67.35279200000832,2119.679750000003,11011.727102485529
1776286399,200,POST,POST /v1/tweets,37.900000,0.000000,170,190,200,210,240,270,330,360,440,440,440,5810,0,150.0,157.80103214061972,65.81116600000314,494.99358300001006,214.55817555938037
1776286399,200,POST,POST /v1/tweets/:id/like,82.100000,0.000000,230,270,300,320,380,400,450,460,530,530,530,11275,0,190.0,198.24882302332492,67.672917000003,715.961875000005,0.0
1776286399,200,,Aggregated,408.400000,0.000000,180,200,230,240,290,340,390,420,470,530,530,58763,0,200.0,242.77926056731528,65.81116600000314,2119.679750000003,7693.573932576622
1776286400,200,GET,GET /v1/timeline/home,208.500000,0.000000,170,190,200,210,250,280,310,330,450,460,460,30136,0,210.0,269.9726771403956,66.92508399999042,1250.2025000000003,10741.257997079905
1776286400,200,GET,GET /v1/timeline/user/:id,79.100000,0.000000,170,190,210,220,250,290,350,380,470,470,470,11822,0,210.0,256.0436320919489,67.35279200000832,2119.679750000003,11011.396041278971
1776286400,200,POST,POST /v1/tweets,37.700000,0.000000,170,180,190,210,240,260,310,320,440,440,440,5848,0,150.0,157.80281692185375,65.81116600000314,494.99358300001006,214.5591655266758
1776286400,200,POST,POST /v1/tweets/:id/like,82.500000,0.000000,220,260,290,310,360,400,440,460,530,530,530,11344,0,190.0,198.4338261306408,67.672917000003,715.961875000005,0.0
1776286400,200,,Aggregated,407.800000,0.000000,170,200,220,240,280,310,380,410,470,530,530,59150,0,200.0,242.37884385256396,65.81116600000314,2119.679750000003,7694.505781910398
1776286401,200,GET,GET /v1/timeline/home,210.000000,0.000000,170,190,200,210,250,270,300,320,410,410,410,30359,0,210.0,269.3122010127792,66.92508399999042,1250.2025000000003,10741.278006521954
1776286401,200,GET,GET /v1/timeline/user/:id,79.200000,0.000000,170,190,200,210,250,280,320,360,410,410,410,11905,0,210.0,255.46598138832596,67.35279200000832,2119.679750000003,11010.900461990761
1776286401,200,POST,POST /v1/tweets,36.500000,0.000000,170,190,200,210,240,260,310,330,360,360,360,5896,0,150.0,158.01778230698798,65.81116600000314,494.99358300001006,214.55885345997285
1776286401,200,POST,POST /v1/tweets/:id/like,81.500000,0.000000,220,250,280,300,340,390,410,440,490,490,490,11434,0,190.0,198.56204563547226,67.672917000003,715.961875000005,0.0
1776286401,200,,Aggregated,407.200000,0.000000,170,200,220,230,270,310,360,390,460,490,490,59594,0,200.0,241.96064860981255,65.81116600000314,2119.679750000003,7692.792361647145
1776286402,200,GET,GET /v1/timeline/home,210.800000,0.000000,170,190,200,210,240,270,310,330,410,410,410,30572,0,210.0,268.6837287511437,66.92508399999042,1250.2025000000003,10741.284639539448
1776286402,200,GET,GET /v1/timeline/user/:id,78.400000,0.000000,170,190,200,210,250,280,310,350,410,410,410,11973,0,210.0,255.00634058005696,67.35279200000832,2119.679750000003,11010.535788858264
1776286402,200,POST,POST /v1/tweets,36.800000,0.000000,170,190,200,210,240,260,310,330,360,360,360,5938,0,150.0,158.10723538009455,65.81116600000314,494.99358300001006,214.55911081172113
1776286402,200,POST,POST /v1/tweets/:id/like,80.300000,0.000000,230,260,280,290,330,380,400,420,490,490,490,11509,0,190.0,198.8419013383429,67.672917000003,715.961875000005,0.0
1776286402,200,,Aggregated,406.300000,0.000000,170,200,220,230,270,300,350,380,450,490,490,59992,0,200.0,241.61058269994624,65.81116600000314,2119.679750000003,7692.454843979197
1776286403,200,GET,GET /v1/timeline/home,213.800000,0.000000,170,190,210,210,250,270,310,330,410,410,410,30802,0,210.0,268.02500180176486,66.92508399999042,1250.2025000000003,10741.288812414778
1776286403,200,GET,GET /v1/timeline/user/:id,79.300000,0.000000,170,190,210,220,250,290,320,360,410,410,410,12043,0,210.0,254.6193752988475,67.35279200000832,2119.679750000003,11010.243460931662
1776286403,200,POST,POST /v1/tweets,37.000000,0.000000,170,190,200,210,230,260,310,330,360,360,360,5987,0,150.0,158.09165714230855,65.81116600000314,494.99358300001006,214.55887756806413
1776286403,200,POST,POST /v1/tweets/:id/like,82.200000,0.000000,230,260,290,300,340,380,410,420,490,490,490,11581,0,190.0,199.0657842124159,67.672917000003,715.961875000005,0.0
1776286403,200,,Aggregated,412.300000,0.000000,180,200,220,230,270,310,350,390,450,490,490,60413,0,200.0,241.23885323518422,65.81116600000314,2119.679750000003,7692.617549202986
1776286404,200,GET,GET /v1/timeline/home,215.300000,0.000000,170,190,200,210,240,270,300,320,390,410,410,30991,0,210.0,267.4638178250126,66.92508399999042,1250.2025000000003,10741.292762414894
1776286404,200,GET,GET /v1/timeline/user/:id,76.700000,0.000000,170,190,210,220,250,290,340,370,440,440,440,12139,0,210.0,254.13835138916056,67.35279200000832,2119.679750000003,11009.556553258093
1776286404,200,POST,POST /v1/tweets,37.400000,0.000000,170,180,200,210,240,270,310,330,360,360,360,6027,0,150.0,158.14358544516364,65.81116600000314,494.99358300001006,214.5591504894641
1776286404,200,POST,POST /v1/tweets/:id/like,80.500000,0.000000,220,260,280,290,330,370,400,410,440,440,440,11674,0,190.0,199.31495310835936,67.672917000003,715.961875000005,0.0
1776286404,200,,Aggregated,409.900000,0.000000,180,200,220,230,270,300,340,380,430,440,440,60831,0,200.0,240.8951156119936,65.81116600000314,2119.679750000003,7690.512386776479
1776286405,200,GET,GET /v1/timeline/home,217.800000,0.000000,170,190,210,220,250,280,300,330,410,410,410,31200,0,210.0,266.94402100025536,66.92508399999042,1250.2025000000003,10741.300961538462
1776286405,200,GET,GET /v1/timeline/user/:id,75.600000,0.000000,170,200,210,220,260,290,350,370,440,440,440,12225,0,210.0,253.6388180719035,67.35279200000832,2119.679750000003,11009.209325153373
1776286405,200,POST,POST /v1/tweets,37.800000,0.000000,160,180,200,210,230,260,310,330,360,360,360,6071,0,150.0,158.18459219716706,65.81116600000314,494.99358300001006,214.55954537967386
1776286405,200,POST,POST /v1/tweets/:id/like,79.800000,0.000000,220,250,270,290,320,380,400,420,470,470,470,11755,0,190.0,199.54057364976498,67.672917000003,715.961875000005,0.0
1776286405,200,,Aggregated,411.000000,0.000000,180,200,220,230,270,300,350,380,430,470,470,61251,0,200.0,240.57282507418967,65.81116600000314,2119.679750000003,7689.976735073713
1776286406,200,GET,GET /v1/timeline/home,212.900000,0.000000,170,190,210,220,250,280,310,330,410,410,410,31403,0,210.0,266.37139123943456,66.92508399999042,1250.2025000000003,10741.311658121835
1776286406,200,GET,GET /v1/timeline/user/:id,76.600000,0.000000,170,200,210,220,260,300,350,370,440,440,440,12298,0,210.0,253.27185502455848,67.35279200000832,2119.679750000003,11008.929582045861
1776286406,200,POST,POST /v1/tweets,39.300000,0.000000,160,180,200,200,230,260,270,320,340,340,340,6107,0,150.0,158.2458875570659,65.81116600000314,494.99358300001006,214.55984935320126
1776286406,200,POST,POST /v1/tweets/:id/like,78.600000,0.000000,220,250,280,290,330,380,400,410,470,470,470,11828,0,190.0,199.7434597144053,67.672917000003,715.961875000005,0.0
1776286406,200,,Aggregated,407.400000,0.000000,180,200,220,230,270,300,350,380,430,470,470,61636,0,200.0,240.25847473874322,65.81116600000314,2119.679750000003,7690.4332370692455
1776286407,200,GET,GET /v1/timeline/home,210.600000,0.000000,170,190,210,220,250,280,300,320,410,410,410,31605,0,210.0,265.759095372788,66.92508399999042,1250.2025000000003,10741.31542477456
1776286407,200,GET,GET /v1/timeline/user/:id,78.600000,0.000000,170,190,210,220,250,280,330,360,440,440,440,12382,0,210.0,252.6858888913762,67.35279200000832,2119.679750000003,11008.922791148441
1776286407,200,POST,POST /v1/tweets,40.100000,0.000000,160,180,200,200,230,250,270,320,340,340,340,6154,0,150.0,158.18764862593454,65.81116600000314,494.99358300001006,214.56028599285017
1776286407,200,POST,POST /v1/tweets/:id/like,78.600000,0.000000,220,250,280,290,320,360,400,410,470,470,470,11921,0,190.0,199.92086898850664,67.672917000003,715.961875000005,0.0
1776286407,200,,Aggregated,407.900000,0.000000,180,200,220,230,270,300,340,380,430,470,470,62062,0,200.0,239.8378452896486,65.81116600000314,2119.679750000003,7687.669749605234
1776286408,200,GET,GET /v1/timeline/home,211.100000,0.000000,170,190,210,220,250,280,310,330,410,410,410,31821,0,200.0,265.13460907777824,66.92508399999042,1250.2025000000003,10741.334716068006
1776286408,200,GET,GET /v1/timeline/user/:id,78.000000,0.000000,170,190,210,220,260,290,330,360,440,440,440,12455,0,210.0,252.18161306736397,67.35279200000832,2119.679750000003,11008.543958249698
1776286408,200,POST,POST /v1/tweets,39.500000,0.000000,160,180,200,200,230,260,310,320,350,350,350,6193,0,150.0,158.19059611286946,65.81116600000314,494.99358300001006,214.5595026642984
1776286408,200,POST,POST /v1/tweets/:id/like,79.300000,0.000000,220,260,280,290,330,380,410,420,480,480,480,11977,0,190.0,200.00442952817798,67.672917000003,715.961875000005,0.0
1776286408,200,,Aggregated,407.900000,0.000000,180,200,220,230,270,310,350,380,440,480,480,62446,0,200.0,239.45325241655482,65.81116600000314,2119.679750000003,7690.487685360151
1776286409,200,GET,GET /v1/timeline/home,209.900000,0.000000,170,190,210,220,260,280,310,340,430,440,440,32031,0,200.0,264.5702741422365,66.92508399999042,1250.2025000000003,10741.340576316694
1776286409,200,GET,GET /v1/timeline/user/:id,78.200000,0.000000,170,190,210,230,260,290,340,370,440,440,440,12543,0,210.0,251.65417476576718,67.35279200000832,2119.679750000003,11008.443992665232
1776286409,200,POST,POST /v1/tweets,41.300000,0.000000,160,180,200,210,230,270,310,320,350,350,350,6239,0,150.0,158.34169335662773,65.81116600000314,494.99358300001006,214.56002564513543
1776286409,200,POST,POST /v1/tweets/:id/like,79.700000,0.000000,220,260,280,300,340,380,410,430,530,530,530,12056,0,190.0,200.15740886263995,67.672917000003,715.961875000005,0.0
1776286409,200,,Aggregated,409.100000,0.000000,180,200,220,240,280,310,360,390,450,530,530,62869,0,200.0,239.09940210973892,65.81116600000314,2119.679750000003,7690.1721516168545
1776286410,200,GET,GET /v1/timeline/home,210.100000,0.000000,170,190,210,220,250,280,310,330,430,440,440,32237,0,200.0,264.00250659971385,66.92508399999042,1250.2025000000003,10741.346558302572
1776286410,200,GET,GET /v1/timeline/user/:id,77.300000,0.000000,170,190,210,230,260,290,330,360,440,440,440,12620,0,210.0,251.22237929239444,67.35279200000832,2119.679750000003,11008.34263074485
1776286410,200,POST,POST /v1/tweets,41.900000,0.000000,160,180,200,200,230,260,300,310,350,350,350,6289,0,150.0,158.39730498648436,65.81116600000314,494.99358300001006,214.5609794879949
1776286410,200,POST,POST /v1/tweets/:id/like,78.500000,0.000000,220,260,280,300,340,380,410,440,530,530,530,12145,0,190.0,200.5217961809786,67.672917000003,715.961875000005,0.0
1776286410,200,,Aggregated,407.800000,0.000000,180,200,220,240,280,310,360,390,450,530,530,63291,0,200.0,238.7791802563266,65.81116600000314,2119.679750000003,7687.403374887424
1776286411,200,GET,GET /v1/timeline/home,209.000000,0.000000,170,190,210,220,250,280,310,320,430,440,440,32444,0,200.0,263.37928684046284,66.92508399999042,1250.2025000000003,10741.370700283565
1776286411,200,GET,GET /v1/timeline/user/:id,78.500000,0.000000,170,190,210,220,260,290,330,360,440,440,440,12708,0,200.0,250.62087270144923,67.35279200000832,2119.679750000003,11007.936339313817
1776286411,200,POST,POST /v1/tweets,42.500000,0.000000,160,180,200,200,230,260,300,320,350,350,350,6324,0,150.0,158.3779002246996,65.81116600000314,494.99358300001006,214.56103731815307
1776286411,200,POST,POST /v1/tweets/:id/like,79.300000,0.000000,220,260,280,300,340,380,420,440,530,530,530,12226,0,190.0,200.62498317012813,67.672917000003,715.961875000005,0.0
1776286411,200,,Aggregated,409.300000,0.000000,180,200,220,240,270,310,360,390,460,530,530,63702,0,200.0,238.36599349786786,65.81116600000314,2119.679750000003,7687.965370004082
1776286412,200,GET,GET /v1/timeline/home,207.700000,0.000000,170,190,210,220,260,280,310,320,430,440,440,32631,0,200.0,262.9406688782141,66.92508399999042,1250.2025000000003,10741.378658331036
1776286412,200,GET,GET /v1/timeline/user/:id,78.700000,0.000000,170,200,210,230,260,280,330,370,440,440,440,12798,0,200.0,250.22463184028888,67.35279200000832,2119.679750000003,11007.427957493359
1776286412,200,POST,POST /v1/tweets,43.300000,0.000000,160,180,200,210,240,260,300,320,350,350,350,6356,0,150.0,158.61518453351175,65.81116600000314,494.99358300001006,214.5612020138452
1776286412,200,POST,POST /v1/tweets/:id/like,78.100000,0.000000,220,260,290,310,350,380,430,450,530,530,530,12298,0,190.0,201.0808025822888,67.672917000003,715.961875000005,0.0
1776286412,200,,Aggregated,407.800000,0.000000,180,200,220,240,280,310,360,390,470,530,530,64083,0,200.0,238.1823826523291,65.81116600000314,2119.679750000003,7689.07106408876
1776286413,200,GET,GET /v1/timeline/home,206.700000,0.000000,170,190,210,220,260,280,310,320,430,440,440,32844,0,200.0,262.2797622131288,66.92508399999042,1250.2025000000003,10741.379490926805
1776286413,200,GET,GET /v1/timeline/user/:id,80.000000,0.000000,170,190,210,230,260,280,330,360,430,430,430,12878,0,200.0,249.68759685782086,67.35279200000832,2119.679750000003,11007.176813169746
1776286413,200,POST,POST /v1/tweets,42.800000,0.000000,160,180,200,210,240,260,310,320,350,350,350,6391,0,150.0,158.55872382115484,65.81116600000314,494.99358300001006,214.56125801908934
1776286413,200,POST,POST /v1/tweets/:id/like,77.300000,0.000000,220,260,280,300,350,380,430,450,530,530,530,12414,0,190.0,201.01061218760975,67.672917000003,715.961875000005,0.0
1776286413,200,,Aggregated,406.800000,0.000000,170,200,220,240,280,310,360,390,470,530,530,64527,0,200.0,237.7065093077501,65.81116600000314,2119.679750000003,7685.33407720799
1776286414,200,GET,GET /v1/timeline/home,204.500000,0.000000,160,190,200,220,250,270,300,320,430,440,440,33090,0,200.0,261.2753422436385,66.92508399999042,1250.2025000000003,10741.4020247809
1776286414,200,GET,GET /v1/timeline/user/:id,81.900000,0.000000,160,190,200,210,250,270,310,330,430,430,430,12976,0,200.0,248.763345368682,67.35279200000832,2119.679750000003,11006.742216399507
1776286414,200,POST,POST /v1/tweets,41.700000,0.000000,150,180,200,200,240,260,310,320,350,350,350,6436,0,150.0,158.18421535441271,65.81116600000314,494.99358300001006,214.561062771908
1776286414,200,POST,POST /v1/tweets/:id/like,77.000000,0.000000,200,250,280,290,340,380,430,450,530,530,530,12515,0,190.0,200.21561002085383,67.672917000003,715.961875000005,0.0
1776286414,200,,Aggregated,405.100000,0.000000,170,190,210,230,270,310,360,390,470,530,530,65017,0,190.0,236.8200042108706,65.81116600000314,2119.679750000003,7684.719304181983
1776286415,200,GET,GET /v1/timeline/home,201.600000,0.000000,150,180,200,210,240,270,290,310,400,440,440,33350,0,200.0,260.1124574215893,66.92508399999042,1250.2025000000003,10741.413193403298
1776286415,200,GET,GET /v1/timeline/user/:id,82.400000,0.000000,150,180,190,210,240,270,290,320,430,430,430,13078,0,200.0,247.7074108203104,67.35279200000832,2119.679750000003,11006.37972166998
1776286415,200,POST,POST /v1/tweets,40.900000,0.000000,140,170,190,200,230,260,300,310,350,350,350,6480,0,150.0,157.76544227484567,65.81116600000314,494.99358300001006,214.56172839506172
1776286415,200,POST,POST /v1/tweets/:id/like,80.500000,0.000000,180,240,260,280,340,370,410,450,530,530,530,12619,0,190.0,199.38259088073445,67.672917000003,715.961875000005,0.0
1776286415,200,,Aggregated,405.400000,0.000000,160,180,210,220,260,290,340,380,460,530,530,65527,0,190.0,235.8203023789152,65.81116600000314,2119.679750000003,7684.739481435134
1776286416,200,GET,GET /v1/timeline/home,207.500000,0.000000,140,170,190,200,230,260,290,310,400,440,440,33586,0,200.0,259.0511160716369,66.92508399999042,1250.2025000000003,10741.439260406121
1776286416,200,GET,GET /v1/timeline/user/:id,84.700000,0.000000,140,170,180,200,230,250,280,320,430,430,430,13173,0,200.0,246.716082823732,67.35279200000832,2119.679750000003,11005.729067031049
1776286416,200,POST,POST /v1/tweets,40.300000,0.000000,130,150,180,190,220,260,300,310,350,350,350,6537,0,150.0,157.2385858929172,65.81116600000314,494.99358300001006,214.56172556218448
1776286416,200,POST,POST /v1/tweets/:id/like,84.600000,0.000000,150,200,240,260,310,360,410,450,530,530,530,12715,0,190.0,198.65753030530755,67.672917000003,715.961875000005,0.0
1776286416,200,,Aggregated,417.100000,0.000000,140,170,190,210,250,280,330,370,460,530,530,66011,0,190.0,234.87420092459092,65.81116600000314,2119.679750000003,7682.704973413522
1776286417,200,GET,GET /v1/timeline/home,214.500000,0.000000,130,160,180,190,230,260,280,310,400,440,440,33831,0,200.0,258.0248916799678,66.92508399999042,1250.2025000000003,10741.445390322486
1776286417,200,GET,GET /v1/timeline/user/:id,85.100000,0.000000,140,160,180,190,230,250,280,310,430,430,430,13271,0,200.0,245.75096095433796,67.35279200000832,2119.679750000003,11005.407505086278
1776286417,200,POST,POST /v1/tweets,40.900000,0.000000,120,150,170,180,220,250,270,290,310,310,310,6592,0,150.0,156.72928933085555,65.81116600000314,494.99358300001006,214.56113470873785
1776286417,200,POST,POST /v1/tweets/:id/like,86.700000,0.000000,130,180,230,260,310,350,390,440,530,530,530,12813,0,190.0,197.90970015765112,67.672917000003,715.961875000005,0.0
1776286417,200,,Aggregated,427.200000,0.000000,130,160,180,200,240,270,320,360,460,530,530,66507,0,190.0,233.95398343992622,65.81116600000314,2119.679750000003,7681.311576225059
1776286418,200,GET,GET /v1/timeline/home,216.700000,0.000000,130,150,170,180,210,240,270,290,360,390,390,34094,0,200.0,256.87650065920695,66.92508399999042,1250.2025000000003,10741.461078195576
1776286418,200,GET,GET /v1/timeline/user/:id,86.600000,0.000000,130,150,170,180,210,250,270,290,380,380,380,13363,0,200.0,244.8506690357719,67.35279200000832,2119.679750000003,11005.173538876
1776286418,200,POST,POST /v1/tweets,43.000000,0.000000,110,140,150,170,200,240,260,280,310,310,310,6630,0,150.0,156.36435408114625,65.81116600000314,494.99358300001006,214.5604826546003
1776286418,200,POST,POST /v1/tweets/:id/like,89.200000,0.000000,120,160,200,230,290,340,380,390,480,480,480,12905,0,190.0,197.21458804393518,67.672917000003,715.961875000005,0.0
1776286418,200,,Aggregated,435.500000,0.000000,120,150,170,180,230,260,310,340,450,480,480,66992,0,190.0,233.03733027921515,65.81116600000314,2119.679750000003,7683.06729161691
1776286419,200,GET,GET /v1/timeline/home,221.200000,0.000000,120,140,160,170,200,230,270,280,360,390,390,34329,0,200.0,255.905345817006,66.92508399999042,1250.2025000000003,10741.471525532348
1776286419,200,GET,GET /v1/timeline/user/:id,88.600000,0.000000,120,150,160,170,210,240,260,280,480,480,480,13476,0,200.0,243.81261500052076,67.35279200000832,2119.679750000003,11004.771222914811
1776286419,200,POST,POST /v1/tweets,43.400000,0.000000,95,120,140,150,190,240,260,280,310,310,310,6673,0,150.0,155.93419180218788,65.81116600000314,494.99358300001006,214.5606174134572
1776286419,200,POST,POST /v1/tweets/:id/like,88.000000,0.000000,110,140,170,200,270,310,360,390,480,480,480,13008,0,190.0,196.4103858299494,67.672917000003,715.961875000005,0.0
1776286419,200,,Aggregated,441.200000,0.000000,120,140,160,170,210,250,290,340,460,480,480,67486,0,190.0,232.1377556392612,65.81116600000314,2119.679750000003,7682.719912278102
1776286420,200,GET,GET /v1/timeline/home,225.300000,0.000000,110,140,150,160,190,220,260,270,360,390,390,34567,0,200.0,254.9401423653485,66.76325000000816,1250.2025000000003,10741.483032950502
1776286420,200,GET,GET /v1/timeline/user/:id,89.600000,0.000000,120,140,150,160,200,230,250,290,480,480,480,13575,0,200.0,242.9028581548447,67.35279200000832,2119.679750000003,11004.495395948434
1776286420,200,POST,POST /v1/tweets,44.000000,0.000000,90,110,120,130,170,210,250,270,310,310,310,6716,0,150.0,155.5156148658427,65.81116600000314,494.99358300001006,214.55970815961882
1776286420,200,POST,POST /v1/tweets/:id/like,91.000000,0.000000,100,120,140,160,230,290,350,380,480,480,480,13107,0,190.0,195.67845350469076,67.672917000003,715.961875000005,0.0
1776286420,200,,Aggregated,449.900000,0.000000,110,130,150,160,200,240,280,310,440,480,480,67965,0,190.0,231.282609580228,65.81116600000314,2119.679750000003,7682.304892223939
1776286421,200,GET,GET /v1/timeline/home,227.700000,0.000000,110,130,140,150,180,210,230,250,310,360,360,34807,0,200.0,253.97861765753996,66.76325000000816,1250.2025000000003,10741.506995719252
1776286421,200,GET,GET /v1/timeline/user/:id,92.800000,0.000000,110,130,140,150,170,210,230,250,480,480,480,13673,0,200.0,241.97328140218073,67.35279200000832,2119.679750000003,11003.759306662767
1776286421,200,POST,POST /v1/tweets,43.900000,0.000000,89,100,110,120,140,180,240,260,310,310,310,6763,0,150.0,155.09038439272504,65.81116600000314,494.99358300001006,214.55951500813248
1776286421,200,POST,POST /v1/tweets/:id/like,94.100000,0.000000,95,110,120,130,170,230,290,310,440,440,440,13220,0,190.0,194.82076116701825,67.672917000003,715.961875000005,0.0
1776286421,200,,Aggregated,458.500000,0.000000,100,120,140,150,170,210,240,270,370,480,480,68463,0,190.0,230.38927820420062,65.81116600000314,2119.679750000003,7679.84314155091
1776286422,200,GET,GET /v1/timeline/home,232.200000,0.000000,100,120,140,140,170,200,220,230,270,360,360,35065,0,200.0,252.9711881877083,66.76325000000816,1250.2025000000003,10741.519834592898
1776286422,200,GET,GET /v1/timeline/user/:id,95.200000,0.000000,110,120,140,140,170,200,220,230,480,480,480,13774,0,200.0,241.03349521656878,67.35279200000832,2119.679750000003,11003.57782779149
1776286422,200,POST,POST /v1/tweets,43.000000,0.000000,87,93,110,110,130,140,160,180,240,240,240,6803,0,150.0,154.72217149007784,65.81116600000314,494.99358300001006,214.55887108628545
1776286422,200,POST,POST /v1/tweets/:id/like,97.200000,0.000000,92,100,110,120,140,150,160,180,290,290,290,13317,0,190.0,194.0844625070947,67.672917000003,715.961875000005,0.0
1776286422,200,,Aggregated,467.600000,0.000000,99,120,130,140,160,180,210,230,290,480,480,68959,0,190.0,229.52229290983325,65.81116600000314,2119.679750000003,7681.003465827521
1776286423,200,GET,GET /v1/timeline/home,234.500000,0.000000,100,120,130,140,160,190,220,230,260,360,360,35314,0,200.0,251.90175837058868,66.13320799999656,1250.2025000000003,10741.509174831512
1776286423,200,GET,GET /v1/timeline/user/:id,96.200000,0.000000,100,120,130,140,160,190,220,230,480,480,480,13865,0,200.0,240.11380371071184,67.35279200000832,2119.679750000003,11003.494266137757
1776286423,200,POST,POST /v1/tweets,43.700000,0.000000,86,93,100,110,130,140,150,160,190,190,190,6862,0,150.0,154.15347962634812,65.81116600000314,494.99358300001006,214.55814631302826
1776286423,200,POST,POST /v1/tweets/:id/like,99.800000,0.000000,91,100,110,110,130,140,150,160,290,290,290,13420,0,190.0,193.31042702086287,67.672917000003,715.961875000005,0.0
1776286423,200,,Aggregated,474.200000,0.000000,97,110,120,130,150,170,210,220,290,480,480,69461,0,190.0,228.57234550847488,65.81116600000314,2119.679750000003,7678.573602453175
1776286424,200,GET,GET /v1/timeline/home,242.300000,0.000000,99,120,130,140,160,180,220,230,240,360,360,35561,0,200.0,250.88149727144832,66.13320799999656,1250.2025000000003,10741.527375495627
1776286424,200,GET,GET /v1/timeline/user/:id,96.300000,0.000000,100,120,130,140,170,190,220,230,480,480,480,13974,0,200.0,239.13645330277802,67.35279200000832,2119.679750000003,11003.218047803062
1776286424,200,POST,POST /v1/tweets,44.300000,0.000000,85,91,97,100,120,130,150,150,190,190,190,6922,0,150.0,153.57617755980945,65.81116600000314,494.99358300001006,214.5572088991621
1776286424,200,POST,POST /v1/tweets/:id/like,100.900000,0.000000,90,98,110,110,130,140,150,160,290,290,290,13501,0,180.0,192.69705900436844,67.672917000003,715.961875000005,0.0
1776286424,200,,Aggregated,483.800000,0.000000,95,110,120,130,150,170,210,220,290,480,480,69958,0,190.0,227.67870747605951,65.81116600000314,2119.679750000003,7679.230238142885
1776286425,200,GET,GET /v1/timeline/home,245.700000,0.000000,100,120,130,140,160,190,220,230,240,360,360,35819,0,190.0,249.9357664727643,66.03208399999971,1250.2025000000003,10741.5198916776
1776286425,200,GET,GET /v1/timeline/user/:id,98.900000,0.000000,100,120,130,140,170,190,220,230,480,480,480,14084,0,200.0,238.16696470832292,67.35279200000832,2119.679750000003,11002.771726782164
1776286425,200,POST,POST /v1/tweets,46.900000,0.000000,85,91,98,100,120,130,150,150,190,190,190,6960,0,150.0,153.25833021896577,65.81116600000314,494.99358300001006,214.55617816091953
1776286425,200,POST,POST /v1/tweets/:id/like,101.400000,0.000000,89,98,110,110,130,140,150,160,180,180,180,13579,0,180.0,192.14587879519704,67.672917000003,715.961875000005,0.0
1776286425,200,,Aggregated,492.900000,0.000000,96,110,120,130,150,180,210,220,250,480,480,70442,0,190.0,226.8904860271447,65.81116600000314,2119.679750000003,7683.013670821385
1776286426,200,GET,GET /v1/timeline/home,245.700000,0.000000,100,120,130,140,160,190,220,230,300,320,320,36013,0,190.0,249.25633226079302,66.03208399999971,1250.2025000000003,10741.535389998056
1776286426,200,GET,GET /v1/timeline/user/:id,98.700000,0.000000,100,120,130,140,170,200,220,240,670,670,670,14155,0,190.0,237.6513178556002,67.35279200000832,2119.679750000003,11002.357894736842
1776286426,200,POST,POST /v1/tweets,48.600000,0.000000,85,92,99,110,120,130,150,160,210,210,210,6996,0,150.0,152.99970501486584,65.81116600000314,494.99358300001006,214.5557461406518
1776286426,200,POST,POST /v1/tweets/:id/like,99.000000,0.000000,89,98,110,110,130,140,160,240,700,700,700,13670,0,180.0,191.69047213379545,67.672917000003,715.961875000005,0.0
1776286426,200,,Aggregated,492.000000,0.000000,96,110,120,130,160,180,220,230,320,700,700,70834,0,190.0,226.32093893196947,65.81116600000314,2119.679750000003,7680.976960216845
1776286427,200,GET,GET /v1/timeline/home,245.900000,0.000000,100,120,140,150,180,230,360,450,1200,1300,1300,36221,0,190.0,249.4289718153266,66.03208399999971,1279.631582999997,10741.5335026642
1776286427,200,GET,GET /v1/timeline/user/:id,100.200000,0.000000,100,120,140,150,190,230,360,480,1300,1300,1300,14243,0,190.0,237.8258303056254,67.35279200000832,2119.679750000003,11002.21062978305
1776286427,200,POST,POST /v1/tweets,47.500000,0.000000,86,92,100,110,130,150,250,320,440,440,440,7030,0,150.0,153.04356509544826,65.81116600000314,494.99358300001006,214.55590327169276
1776286427,200,POST,POST /v1/tweets/:id/like,96.600000,0.000000,89,98,110,120,140,230,480,660,1300,1300,1300,13755,0,180.0,192.19466617789772,67.672917000003,1308.786375000011,0.0
1776286427,200,,Aggregated,490.200000,0.000000,97,120,130,140,170,220,360,520,1200,1300,1300,71249,0,190.0,226.5499022451421,65.81116600000314,2119.679750000003,7681.257266768656
1776286428,200,GET,GET /v1/timeline/home,244.900000,0.000000,100,120,140,150,180,230,360,460,1200,1300,1300,36447,0,190.0,248.57562276483517,66.03208399999971,1279.631582999997,10741.550799791477
1776286428,200,GET,GET /v1/timeline/user/:id,99.300000,0.000000,100,120,140,150,180,230,370,670,1300,1300,1300,14344,0,190.0,236.93033991006843,67.35279200000832,2119.679750000003,11001.669339096487
1776286428,200,POST,POST /v1/tweets,47.000000,0.000000,86,93,100,110,130,150,250,320,440,440,440,7077,0,150.0,152.6832973467573,65.81116600000314,494.99358300001006,214.5558852621167
1776286428,200,POST,POST /v1/tweets/:id/like,94.600000,0.000000,90,100,110,120,140,230,480,660,1300,1300,1300,13865,0,180.0,191.47313466339583,67.672917000003,1308.786375000011,0.0
1776286428,200,,Aggregated,485.800000,0.000000,97,110,130,140,170,230,370,530,1200,1300,1300,71733,0,190.0,225.74936536895333,65.81116600000314,2119.679750000003,7678.804162658748
1776286429,200,GET,GET /v1/timeline/home,237.300000,0.000000,100,120,140,150,180,230,360,460,1200,1300,1300,36685,0,190.0,247.70905651955684,66.03208399999971,1279.631582999997,10741.558811503339
1776286429,200,GET,GET /v1/timeline/user/:id,96.100000,0.000000,100,120,140,150,180,230,360,670,1300,1300,1300,14434,0,190.0,236.18513432742287,67.35279200000832,2119.679750000003,11001.512678398227
1776286429,200,POST,POST /v1/tweets,44.800000,0.000000,87,95,110,110,130,150,250,320,440,440,440,7137,0,140.0,152.20746022348337,65.81116600000314,494.99358300001006,214.55569567044978
1776286429,200,POST,POST /v1/tweets/:id/like,93.400000,0.000000,90,100,110,120,140,230,480,660,1300,1300,1300,13968,0,180.0,190.80265437793395,67.672917000003,1308.786375000011,0.0
1776286429,200,,Aggregated,471.600000,0.000000,97,120,130,140,170,220,360,530,1200,1300,1300,72224,0,190.0,224.96315749983563,65.81116600000314,2119.679750000003,7675.85848194506
1776286430,200,GET,GET /v1/timeline/home,235.900000,0.000000,100,130,140,150,180,230,360,450,1200,1300,1300,36936,0,190.0,246.87726616636715,66.03208399999971,1279.631582999997,10741.565572882824
1776286430,200,GET,GET /v1/timeline/user/:id,98.000000,0.000000,100,120,140,150,180,230,360,670,1300,1300,1300,14516,0,190.0,235.5732094304231,67.35279200000832,2119.679750000003,11001.20666850372
1776286430,200,POST,POST /v1/tweets,43.800000,0.000000,87,97,110,110,130,150,250,320,440,440,440,7171,0,140.0,151.9844562056897,65.81116600000314,494.99358300001006,214.55501324780366
1776286430,200,POST,POST /v1/tweets/:id/like,95.500000,0.000000,90,100,110,120,140,230,480,660,1300,1300,1300,14073,0,180.0,190.16915539657353,67.672917000003,1308.786375000011,0.0
1776286430,200,,Aggregated,473.200000,0.000000,98,120,130,140,170,220,360,530,1200,1300,1300,72696,0,180.0,224.2815350302647,65.81116600000314,2119.679750000003,7675.560636073512
1776286431,200,GET,GET /v1/timeline/home,235.200000,0.000000,110,130,140,150,180,230,360,460,1200,1300,1300,37170,0,190.0,246.06537855017297,66.03208399999971,1279.631582999997,10741.563545870325
1776286431,200,GET,GET /v1/timeline/user/:id,96.000000,0.000000,100,120,140,150,180,240,370,670,1300,1300,1300,14609,0,190.0,234.81773853248143,67.35279200000832,2119.679750000003,11000.688411253337
1776286431,200,POST,POST /v1/tweets,45.500000,0.000000,88,98,110,120,130,150,250,320,440,440,440,7223,0,140.0,151.6332845936593,65.81116600000314,494.99358300001006,214.55530942821542
1776286431,200,POST,POST /v1/tweets/:id/like,94.600000,0.000000,92,100,120,130,140,210,460,620,1300,1300,1300,14184,0,180.0,189.50753185927664,67.672917000003,1308.786375000011,0.0
1776286431,200,,Aggregated,471.300000,0.000000,100,120,130,140,170,220,370,530,1200,1300,1300,73186,0,180.0,223.538989826512,65.81116600000314,2119.679750000003,7672.54265843194
1776286432,200,GET,GET /v1/timeline/home,235.800000,0.000000,110,130,140,150,180,230,360,460,1200,1300,1300,37394,0,190.0,245.31255972773502,65.782334000005,1279.631582999997,10741.565090656255
1776286432,200,GET,GET /v1/timeline/user/:id,93.000000,0.000000,110,130,150,160,190,240,370,670,1300,1300,1300,14707,0,190.0,234.09995110954117,67.35279200000832,2119.679750000003,11000.159787856122
1776286432,200,POST,POST /v1/tweets,45.500000,0.000000,90,100,110,120,140,150,250,320,440,440,440,7277,0,140.0,151.24650100137424,65.81116600000314,494.99358300001006,214.55476157757317
1776286432,200,POST,POST /v1/tweets/:id/like,95.500000,0.000000,94,110,120,130,150,230,480,660,1300,1300,1300,14281,0,180.0,188.97419221412915,67.672917000003,1308.786375000011,0.0
1776286432,200,,Aggregated,469.800000,0.000000,100,120,140,150,170,220,370,530,1200,1300,1300,73659,0,180.0,222.857859409225,65.782334000005,2119.679750000003,7670.627486118465
1776286433,200,GET,GET /v1/timeline/home,234.500000,0.000000,110,130,140,150,180,230,360,460,1200,1300,1300,37628,0,190.0,244.51110230309652,65.782334000005,1279.631582999997,10740.855373657914
1776286433,200,GET,GET /v1/timeline/user/:id,92.600000,0.000000,110,130,150,160,190,240,370,670,1300,1300,1300,14816,0,190.0,233.240496136273,67.35279200000832,2119.679750000003,10999.420896328294
1776286433,200,POST,POST /v1/tweets,45.500000,0.000000,94,110,120,130,150,230,320,360,590,590,590,7318,0,140.0,151.36119742347648,65.81116600000314,587.9982920000089,214.55561628860343
1776286433,200,POST,POST /v1/tweets/:id/like,95.200000,0.000000,97,120,130,140,170,320,490,660,1300,1300,1300,14369,0,180.0,188.90535431665236,67.672917000003,1308.786375000011,0.0
1776286433,200,,Aggregated,467.800000,0.000000,110,130,140,150,180,250,380,540,1200,1300,1300,74131,0,180.0,222.2848366693706,65.782334000005,2119.679750000003,7671.479462033427
1776286434,200,GET,GET /v1/timeline/home,232.200000,0.000000,110,130,150,160,190,240,360,460,1200,1300,1300,37874,0,190.0,243.7712163424225,65.782334000005,1279.631582999997,10740.683054338067
1776286434,200,GET,GET /v1/timeline/user/:id,92.800000,0.000000,110,130,150,160,190,240,370,670,1300,1300,1300,14894,0,190.0,232.7116073419511,67.35279200000832,2119.679750000003,10999.254397744058
1776286434,200,POST,POST /v1/tweets,46.500000,0.000000,94,110,120,130,150,230,320,360,590,590,590,7347,0,140.0,151.18074469674713,65.81116600000314,587.9982920000089,214.55519259561726
1776286434,200,POST,POST /v1/tweets/:id/like,96.400000,0.000000,98,120,130,140,170,320,490,660,1300,1300,1300,14448,0,180.0,188.45709170037225,67.672917000003,1308.786375000011,0.0
1776286434,200,,Aggregated,468.000000,0.000000,110,130,140,150,180,250,380,550,1200,1300,1300,74563,0,180.0,221.72056810587173,65.782334000005,2119.679750000003,7673.938307203304
1776286435,200,GET,GET /v1/timeline/home,231.900000,0.000000,110,130,150,160,190,230,360,460,1200,1300,1300,38121,0,190.0,242.97437954492045,65.782334000005,1279.631582999997,10740.673828073765
1776286435,200,GET,GET /v1/timeline/user/:id,93.800000,0.000000,110,130,150,160,190,240,370,670,1300,1300,1300,15008,0,190.0,231.9058969550253,67.35279200000832,2119.679750000003,10998.71881663113
1776286435,200,POST,POST /v1/tweets,45.200000,0.000000,94,110,120,130,150,230,320,360,590,590,590,7403,0,140.0,150.77844090125646,65.81116600000314,587.9982920000089,214.5543698500608
1776286435,200,POST,POST /v1/tweets/:id/like,95.000000,0.000000,99,120,130,140,170,320,480,620,1300,1300,1300,14543,0,180.0,187.92001573547262,67.672917000003,1308.786375000011,0.0
1776286435,200,,Aggregated,465.900000,0.000000,110,130,140,150,180,250,380,540,1200,1300,1300,75075,0,180.0,221.0057091037778,65.782334000005,2119.679750000003,7673.690909090909
1776286436,200,GET,GET /v1/timeline/home,232.000000,0.000000,110,130,140,150,170,200,230,290,1200,1300,1300,38362,0,190.0,242.17176898513904,65.782334000005,1279.631582999997,10740.688806631562
1776286436,200,GET,GET /v1/timeline/user/:id,92.800000,0.000000,110,130,150,160,180,200,230,300,1300,1300,1300,15121,0,190.0,231.0349166254891,67.35279200000832,2119.679750000003,10998.572647311687
1776286436,200,POST,POST /v1/tweets,42.600000,0.000000,92,110,120,120,140,180,290,360,590,590,590,7457,0,140.0,150.33638740914589,65.81116600000314,587.9982920000089,214.5551830494837
1776286436,200,POST,POST /v1/tweets/:id/like,94.300000,0.000000,96,110,130,140,160,200,370,480,1300,1300,1300,14634,0,180.0,187.32521720609398,67.672917000003,1308.786375000011,0.0
1776286436,200,,Aggregated,461.700000,0.000000,110,130,140,150,170,200,250,370,1200,1300,1300,75574,0,180.0,220.26157204337608,65.782334000005,2119.679750000003,7673.851575938815
1776286437,200,GET,GET /v1/timeline/home,229.700000,0.000000,110,130,140,150,170,190,210,220,270,290,290,38622,65,190.0,241.27394951628352,65.782334000005,1279.631582999997,10722.793796281912
1776286437,200,GET,GET /v1/timeline/user/:id,92.400000,0.000000,110,130,140,150,170,200,210,230,390,390,390,15220,39,190.0,230.21187921859527,67.35279200000832,2119.679750000003,10970.967936925099
1776286437,200,POST,POST /v1/tweets,44.000000,0.000000,90,100,120,120,140,160,260,320,590,590,590,7501,0,140.0,149.9661171163846,65.81116600000314,587.9982920000089,214.55472603652845
1776286437,200,POST,POST /v1/tweets/:id/like,95.000000,0.000000,95,110,120,130,150,170,270,390,560,560,560,14729,0,180.0,186.6981227547003,67.672917000003,1308.786375000011,0.0
1776286437,200,,Aggregated,461.100000,0.000000,100,120,140,140,160,190,210,240,470,590,590,76072,104,180.0,219.49047973589632,65.782334000005,2119.679750000003,7660.154182879377
1776286438,200,GET,GET /v1/timeline/home,230.600000,0.000000,110,130,140,150,170,190,210,220,270,290,290,38882,134,190.0,240.34690448785756,65.782334000005,1279.631582999997,10704.040275705982
1776286438,200,GET,GET /v1/timeline/user/:id,93.600000,0.000000,110,120,140,150,170,190,210,230,390,390,390,15315,96,190.0,229.4195452393091,67.35279200000832,2119.679750000003,10931.230950048972
1776286438,200,POST,POST /v1/tweets,44.300000,0.000000,89,100,110,120,140,160,260,320,590,590,590,7544,0,140.0,149.62265558019632,65.81116600000314,587.9982920000089,214.55434782608697
1776286438,200,POST,POST /v1/tweets/:id/like,95.900000,0.000000,95,110,120,130,150,170,270,390,560,560,560,14824,0,170.0,186.13003282798027,67.672917000003,1308.786375000011,0.0
1776286438,200,,Aggregated,464.400000,0.000000,100,120,130,140,160,180,210,240,470,590,590,76565,230,180.0,218.72492125613633,65.782334000005,2119.679750000003,7643.504133742572
1776286439,200,GET,GET /v1/timeline/home,237.500000,0.800000,110,120,130,140,160,180,200,220,260,290,290,39165,198,190.0,239.33392737160418,65.782334000005,1279.631582999997,10686.923120132771
1776286439,200,GET,GET /v1/timeline/user/:id,97.500000,0.700000,110,120,130,140,170,190,210,220,390,390,390,15405,154,190.0,228.65453142726517,67.35279200000832,2119.679750000003,10891.542551119766
1776286439,200,POST,POST /v1/tweets,45.600000,0.000000,88,100,110,120,140,150,260,320,590,590,590,7592,0,140.0,149.20901186433107,65.81116600000314,587.9982920000089,214.554531085353
1776286439,200,POST,POST /v1/tweets/:id/like,98.600000,0.000000,94,110,120,130,140,160,270,390,560,560,560,14915,0,170.0,185.57413431518466,67.672917000003,1308.786375000011,0.0
1776286439,200,,Aggregated,479.200000,1.500000,100,120,130,140,160,180,210,230,470,590,590,77077,352,180.0,217.91934498658546,65.782334000005,2119.679750000003,7628.299687325662
1776286440,200,GET,GET /v1/timeline/home,241.000000,11.000000,100,120,130,140,160,180,210,220,280,290,290,39391,198,190.0,238.61030664692146,65.782334000005,1279.631582999997,10687.238074687111
1776286440,200,GET,GET /v1/timeline/user/:id,96.100000,6.800000,110,120,140,150,170,200,220,230,430,430,430,15491,160,190.0,228.15250067064872,67.35279200000832,2119.679750000003,10887.858563036601
1776286440,200,POST,POST /v1/tweets,46.700000,0.000000,86,98,110,120,140,160,260,320,590,590,590,7637,0,140.0,148.92742477307877,65.81116600000314,587.9982920000089,214.55479900484482
1776286440,200,POST,POST /v1/tweets/:id/like,95.900000,0.000000,94,110,120,130,150,170,270,390,560,560,560,14996,0,170.0,185.1392681619752,67.672917000003,1308.786375000011,0.0
1776286440,200,,Aggregated,479.700000,17.800000,100,120,130,140,160,190,210,250,470,590,590,77515,358,180.0,217.3400785056703,65.782334000005,2119.679750000003,7627.986415532478
1776286441,200,GET,GET /v1/timeline/home,244.900000,17.500000,110,120,130,140,170,200,240,290,750,790,790,39611,198,190.0,238.22543031485944,65.782334000005,1279.631582999997,10687.538941203202
1776286441,200,GET,GET /v1/timeline/user/:id,96.100000,13.100000,110,120,140,150,180,210,250,290,800,800,800,15573,160,190.0,227.88686336698248,67.35279200000832,2119.679750000003,10887.936043151609
1776286441,200,POST,POST /v1/tweets,45.300000,0.000000,86,95,110,120,140,170,260,320,590,590,590,7683,0,140.0,148.63388599154013,65.81116600000314,587.9982920000089,214.55342964987636
1776286441,200,POST,POST /v1/tweets/:id/like,94.300000,0.000000,94,110,120,130,150,200,340,400,560,560,560,15093,0,170.0,184.84246433399449,67.672917000003,1308.786375000011,0.0
1776286441,200,,Aggregated,480.600000,30.600000,100,120,130,140,170,200,250,330,750,800,800,77960,358,180.0,216.99603775887715,65.782334000005,2119.679750000003,7626.351295536172
1776286442,200,GET,GET /v1/timeline/home,246.000000,19.800000,110,130,140,160,200,250,390,540,750,790,790,39804,198,190.0,238.34275182320593,65.782334000005,1279.631582999997,10687.754823635816
1776286442,200,GET,GET /v1/timeline/user/:id,97.300000,16.000000,110,130,150,170,210,290,430,540,920,920,920,15647,160,190.0,228.2519744522923,67.35279200000832,2119.679750000003,10888.438422700838
1776286442,200,POST,POST /v1/tweets,46.200000,0.000000,86,97,110,120,140,160,180,190,220,220,220,7722,0,140.0,148.61017849857586,65.81116600000314,587.9982920000089,214.55374255374255
1776286442,200,POST,POST /v1/tweets/:id/like,92.500000,0.000000,94,110,120,130,150,190,250,310,470,470,470,15177,0,170.0,184.64552795249244,67.672917000003,1308.786375000011,0.0
1776286442,200,,Aggregated,482.000000,35.800000,100,120,140,150,190,230,350,470,760,920,920,78350,358,180.0,217.08215078400852,65.782334000005,2119.679750000003,7625.316821952776
1776286443,200,GET,GET /v1/timeline/home,245.900000,19.800000,110,130,150,160,200,250,420,540,750,790,790,40041,198,190.0,237.7827078416844,65.782334000005,1279.631582999997,10688.067006318524
1776286443,200,GET,GET /v1/timeline/user/:id,97.300000,16.000000,110,140,160,170,230,320,440,560,920,920,920,15734,160,190.0,227.8732013053272,67.35279200000832,2119.679750000003,10888.75575187492
1776286443,200,POST,POST /v1/tweets,45.500000,0.000000,87,98,110,120,140,170,180,190,220,220,220,7773,0,140.0,148.2968555194908,65.81116600000314,587.9982920000089,214.55358291521935
1776286443,200,POST,POST /v1/tweets/:id/like,91.700000,0.000000,95,110,120,130,150,190,250,310,470,470,470,15263,0,170.0,184.22217293631522,67.672917000003,1308.786375000011,0.0
1776286443,200,,Aggregated,480.400000,35.800000,100,120,140,150,190,240,360,480,760,920,920,78811,358,180.0,216.60566212212822,65.782334000005,2119.679750000003,7625.233774473107
1776286444,200,GET,GET /v1/timeline/home,239.000000,19.800000,110,130,140,160,200,250,420,540,750,790,790,40296,198,180.0,237.0677613898872,65.782334000005,1279.631582999997,10688.403563629145
1776286444,200,GET,GET /v1/timeline/user/:id,95.000000,16.000000,110,130,160,170,230,320,440,560,920,920,920,15824,160,190.0,227.31004733145983,67.35279200000832,2119.679750000003,10888.946726491406
1776286444,200,POST,POST /v1/tweets,45.000000,0.000000,88,98,110,120,140,160,180,190,220,220,220,7808,0,140.0,148.08847297630666,65.81116600000314,587.9982920000089,214.55366290983608
1776286444,200,POST,POST /v1/tweets/:id/like,90.000000,0.000000,94,110,120,130,150,180,230,310,470,470,470,15374,0,170.0,183.62296950409666,67.672917000003,1308.786375000011,0.0
1776286444,200,,Aggregated,468.900000,35.800000,100,120,140,150,190,240,360,480,760,920,920,79302,358,180.0,215.99872679245192,65.782334000005,2119.679750000003,7625.051549771759
1776286445,200,GET,GET /v1/timeline/home,239.100000,19.800000,110,130,140,160,200,250,420,540,750,790,790,40531,198,180.0,236.3677341038929,65.782334000005,1279.631582999997,10688.70304211591
1776286445,200,GET,GET /v1/timeline/user/:id,91.500000,16.000000,110,130,150,170,230,320,460,560,920,920,920,15920,160,190.0,226.6577919498757,67.35279200000832,2119.679750000003,10889.309610552764
1776286445,200,POST,POST /v1/tweets,44.400000,0.000000,88,98,110,120,140,160,180,190,220,220,220,7858,0,140.0,147.73968294998767,65.81116600000314,587.9982920000089,214.55383049121914
1776286445,200,POST,POST /v1/tweets/:id/like,88.600000,0.000000,94,110,120,130,150,180,230,310,470,470,470,15463,0,170.0,183.12308540748754,67.672917000003,1308.786375000011,0.0
1776286445,200,,Aggregated,463.600000,35.800000,100,120,140,150,190,250,360,480,760,920,920,79772,358,180.0,215.37862128421062,65.782334000005,2119.679750000003,7625.076417790703
1776286446,200,GET,GET /v1/timeline/home,239.300000,19.800000,110,130,150,160,210,250,420,540,750,790,790,40773,198,180.0,235.70162450260912,65.782334000005,1279.631582999997,10689.00956515341
1776286446,200,GET,GET /v1/timeline/user/:id,91.400000,16.000000,110,140,160,180,240,330,460,560,920,920,920,16016,160,190.0,226.08749317644998,67.35279200000832,2119.679750000003,10889.586913086912
1776286446,200,POST,POST /v1/tweets,45.900000,0.000000,88,96,110,120,140,160,180,190,220,220,220,7908,0,140.0,147.35846504590324,65.28366599999913,587.9982920000089,214.5532372281234
1776286446,200,POST,POST /v1/tweets/:id/like,90.000000,0.000000,94,110,120,130,150,180,230,310,470,470,470,15558,0,170.0,182.57983242511767,67.672917000003,1308.786375000011,0.0
1776286446,200,,Aggregated,466.600000,35.800000,100,120,140,150,190,250,370,480,760,920,920,80255,358,180.0,214.77998132218607,65.28366599999913,2119.679750000003,7624.787215749798
1776286447,200,GET,GET /v1/timeline/home,239.600000,19.800000,110,130,150,160,210,260,420,540,750,790,790,41031,198,180.0,234.93226880828803,65.782334000005,1279.631582999997,10689.335478053179
1776286447,200,GET,GET /v1/timeline/user/:id,89.600000,16.000000,120,140,160,180,240,330,460,560,920,920,920,16117,160,180.0,225.40709115412454,67.35279200000832,2119.679750000003,10890.111869454613
1776286447,200,POST,POST /v1/tweets,45.900000,0.000000,89,98,110,120,140,160,180,190,220,220,220,7964,0,140.0,146.98045175703191,65.28366599999913,587.9982920000089,214.55210949271722
1776286447,200,POST,POST /v1/tweets/:id/like,91.600000,0.000000,94,110,120,120,150,190,230,310,470,470,470,15648,0,170.0,182.0555401513919,67.672917000003,1308.786375000011,0.0
1776286447,200,,Aggregated,466.800000,35.800000,110,130,140,150,200,250,370,480,760,920,920,80760,358,180.0,214.11279618234332,65.28366599999913,2119.679750000003,7625.2940812283305
1776286448,200,GET,GET /v1/timeline/home,238.500000,19.800000,110,140,150,170,210,260,420,540,750,790,790,41265,198,180.0,234.22334871493658,65.782334000005,1279.631582999997,10689.622755361686
1776286448,200,GET,GET /v1/timeline/user/:id,90.300000,16.000000,120,140,170,180,240,330,460,560,920,920,920,16216,160,180.0,224.7555530831294,67.35279200000832,2119.679750000003,10890.333004440059
1776286448,200,POST,POST /v1/tweets,45.100000,0.000000,89,100,110,120,140,160,180,190,220,220,220,8021,0,140.0,146.58367516531635,65.28366599999913,587.9982920000089,214.55142750280513
1776286448,200,POST,POST /v1/tweets/:id/like,92.300000,0.000000,93,110,120,120,150,180,230,310,470,470,470,15738,0,170.0,181.54997259480132,67.672917000003,1308.786375000011,0.0
1776286448,200,,Aggregated,466.200000,35.800000,110,130,140,160,200,250,370,480,760,920,920,81240,358,180.0,213.47665756666717,65.28366599999913,2119.679750000003,7624.64106351551
1776286449,200,GET,GET /v1/timeline/home,239.300000,19.000000,120,140,160,170,210,260,430,540,750,790,790,41502,198,180.0,233.55320123061213,65.782334000005,1279.631582999997,10689.907040624548
1776286449,200,GET,GET /v1/timeline/user/:id,90.100000,15.300000,120,150,170,180,240,330,460,560,920,920,920,16327,160,180.0,224.04148441005862,67.35279200000832,2119.679750000003,10890.681325411895
1776286449,200,POST,POST /v1/tweets,45.900000,0.000000,90,99,110,120,140,160,180,190,220,220,220,8078,0,140.0,146.19318204258505,65.28366599999913,587.9982920000089,214.55162168853676
1776286449,200,POST,POST /v1/tweets/:id/like,89.900000,0.000000,93,110,120,130,150,180,230,310,470,470,470,15846,0,170.0,180.96283501293595,67.672917000003,1308.786375000011,0.0
1776286449,200,,Aggregated,465.200000,34.300000,110,130,150,160,200,250,360,480,760,920,920,81753,358,180.0,212.82810271905646,65.28366599999913,2119.679750000003,7622.935231734616
1776286450,200,GET,GET /v1/timeline/home,237.600000,8.800000,120,140,150,160,200,240,360,480,600,610,610,41750,198,180.0,232.88335630026023,65.782334000005,1279.631582999997,10690.216766467065
1776286450,200,GET,GET /v1/timeline/user/:id,89.500000,9.200000,120,140,170,180,230,310,420,470,920,920,920,16424,160,180.0,223.52275415526196,67.35279200000832,2119.679750000003,10890.69307111544
1776286450,200,POST,POST /v1/tweets,46.800000,0.000000,90,98,110,120,140,150,180,190,220,220,220,8130,0,130.0,145.90419051291525,65.28366599999913,587.9982920000089,214.55141451414514
1776286450,200,POST,POST /v1/tweets/:id/like,90.200000,0.000000,92,100,120,120,140,160,200,230,280,280,280,15929,0,160.0,180.56155225958827,67.672917000003,1308.786375000011,0.0
1776286450,200,,Aggregated,464.100000,18.000000,110,130,140,150,190,230,340,450,610,920,920,82233,358,170.0,212.27954561544686,65.28366599999913,2119.679750000003,7623.820072233775
1776286451,200,GET,GET /v1/timeline/home,233.800000,2.300000,110,130,140,150,190,220,340,480,600,610,610,41993,198,180.0,232.16015979617683,65.782334000005,1279.631582999997,10690.509965946705
1776286451,200,GET,GET /v1/timeline/user/:id,90.700000,2.900000,110,130,150,160,200,260,360,470,920,920,920,16526,160,180.0,222.82260527302563,67.35279200000832,2119.679750000003,10890.992617693331
1776286451,200,POST,POST /v1/tweets,48.100000,0.000000,89,96,110,110,130,140,180,190,220,220,220,8184,0,130.0,145.57305042803048,65.28366599999913,587.9982920000089,214.55107526881721
1776286451,200,POST,POST /v1/tweets/:id/like,91.100000,0.000000,91,100,110,120,130,160,190,220,280,280,280,16013,0,160.0,180.11241372559678,67.672917000003,1308.786375000011,0.0
1776286451,200,,Aggregated,463.700000,5.200000,100,120,130,140,180,210,280,430,610,920,920,82716,358,170.0,211.65165011308622,65.28366599999913,2119.679750000003,7624.486375066493
1776286452,200,GET,GET /v1/timeline/home,231.100000,0.000000,110,120,140,150,170,190,220,230,270,310,310,42240,198,180.0,231.537979810697,65.782334000005,1279.631582999997,10690.81287878788
1776286452,200,GET,GET /v1/timeline/user/:id,91.600000,0.000000,110,130,140,150,180,210,250,280,460,460,460,16635,160,180.0,222.15244810345789,67.35279200000832,2119.679750000003,10891.198857829877
1776286452,200,POST,POST /v1/tweets,49.000000,0.000000,87,94,100,110,120,130,150,160,190,190,190,8235,0,130.0,145.23597095118413,65.28366599999913,587.9982920000089,214.55142683667273
1776286452,200,POST,POST /v1/tweets/:id/like,92.700000,0.000000,89,96,100,110,130,140,150,160,220,220,220,16104,0,160.0,179.61515061133764,67.672917000003,1308.786375000011,0.0
1776286452,200,,Aggregated,464.400000,0.000000,98,120,130,140,160,190,220,230,350,460,460,83214,358,170.0,211.0727864017235,65.28366599999913,2119.679750000003,7625.181580022592
1776286453,200,GET,GET /v1/timeline/home,233.500000,0.000000,110,130,140,150,170,200,220,230,270,310,310,42483,198,180.0,230.88734333930836,65.782334000005,1279.631582999997,10691.104959630911
1776286453,200,GET,GET /v1/timeline/user/:id,93.000000,0.000000,110,130,140,150,180,210,250,280,460,460,460,16725,160,180.0,221.60108317590567,67.35279200000832,2119.679750000003,10891.256621823617
1776286453,200,POST,POST /v1/tweets,50.000000,0.000000,87,94,99,110,120,130,150,160,190,190,190,8285,0,130.0,144.89609261593262,65.28366599999913,587.9982920000089,214.55111647555825
1776286453,200,POST,POST /v1/tweets/:id/like,91.500000,0.000000,89,97,110,110,130,140,150,160,220,220,220,16211,0,160.0,179.06305694602324,67.672917000003,1308.786375000011,0.0
1776286453,200,,Aggregated,468.000000,0.000000,98,120,130,140,160,190,220,230,350,460,460,83704,358,170.0,210.48361448289236,65.28366599999913,2119.679750000003,7623.578741756666
1776286454,200,GET,GET /v1/timeline/home,241.000000,0.000000,110,120,140,150,170,190,220,230,310,400,400,42731,198,180.0,230.2191154458082,65.782334000005,1279.631582999997,10691.396784535817
1776286454,200,GET,GET /v1/timeline/user/:id,95.900000,0.000000,110,130,140,150,180,210,240,310,460,460,460,16821,160,180.0,221.00258625325606,67.35279200000832,2119.679750000003,10891.559122525414
1776286454,200,POST,POST /v1/tweets,50.900000,0.000000,86,93,97,100,120,130,140,160,190,190,190,8340,0,130.0,144.53587463860927,65.28366599999913,587.9982920000089,214.54928057553957
1776286454,200,POST,POST /v1/tweets/:id/like,90.800000,0.000000,88,96,100,110,120,130,150,160,220,220,220,16303,0,160.0,178.59521228135822,67.672917000003,1308.786375000011,0.0
1776286454,200,,Aggregated,478.600000,0.000000,97,120,130,140,160,190,220,230,350,460,460,84195,358,170.0,209.8942272794114,65.28366599999913,2119.679750000003,7623.378264742562
1776286455,200,GET,GET /v1/timeline/home,242.300000,0.000000,110,120,140,150,170,190,220,230,310,400,400,42980,198,180.0,229.55983294534275,65.782334000005,1279.631582999997,10691.684434620754
1776286455,200,GET,GET /v1/timeline/user/:id,98.400000,0.000000,110,130,140,150,180,200,230,260,440,440,440,16921,160,180.0,220.37975457449446,67.35279200000832,2119.679750000003,10891.947048046806
1776286455,200,POST,POST /v1/tweets,52.000000,0.000000,86,94,99,110,120,130,140,150,190,190,190,8386,0,130.0,144.25750767958522,65.28366599999913,587.9982920000089,214.54948724063917
1776286455,200,POST,POST /v1/tweets/:id/like,92.600000,0.000000,89,96,110,110,130,130,150,160,220,220,220,16386,0,160.0,178.1778162902468,67.672917000003,1308.786375000011,0.0
1776286455,200,,Aggregated,485.300000,0.000000,97,120,130,130,160,180,210,230,340,440,440,84673,358,170.0,209.33346644478215,65.28366599999913,2119.679750000003,7624.9860640345805
1776286456,200,GET,GET /v1/timeline/home,242.300000,0.000000,110,120,130,140,170,190,220,230,310,400,400,43212,198,180.0,228.95069313965644,65.782334000005,1279.631582999997,10691.950962695548
1776286456,200,GET,GET /v1/timeline/user/:id,98.900000,0.000000,100,130,140,150,170,200,230,270,440,440,440,17018,160,180.0,219.78768378516986,67.35279200000832,2119.679750000003,10892.443412856976
1776286456,200,POST,POST /v1/tweets,52.000000,0.000000,87,94,100,110,120,140,150,160,190,190,190,8442,0,130.0,143.94736170196657,65.28366599999913,587.9982920000089,214.54927742241176
1776286456,200,POST,POST /v1/tweets/:id/like,93.400000,0.000000,89,97,110,110,130,140,160,160,220,220,220,16488,0,160.0,177.71141638482422,67.672917000003,1308.786375000011,0.0
1776286456,200,,Aggregated,486.600000,0.000000,98,120,130,130,160,180,210,230,340,440,440,85160,358,170.0,208.77258825091712,65.28366599999913,2119.679750000003,7623.290418036637
1776286457,200,GET,GET /v1/timeline/home,242.600000,0.000000,110,120,130,140,170,190,220,230,310,400,400,43460,198,180.0,228.2729870960848,65.782334000005,1279.631582999997,10692.227680625863
1776286457,200,GET,GET /v1/timeline/user/:id,99.500000,0.000000,100,120,140,150,170,200,230,270,440,440,440,17110,160,180.0,219.2000084888382,67.35279200000832,2119.679750000003,10892.482407948568
1776286457,200,POST,POST /v1/tweets,52.300000,0.000000,87,94,100,110,120,140,150,160,190,190,190,8485,0,130.0,143.6812078941664,65.28366599999913,587.9982920000089,214.54873305833826
1776286457,200,POST,POST /v1/tweets/:id/like,92.600000,0.000000,90,97,110,110,130,140,160,160,220,220,220,16590,0,160.0,177.1891642667861,67.672917000003,1308.786375000011,0.0
1776286457,200,,Aggregated,486.900000,0.000000,98,120,130,130,160,180,210,230,340,440,440,85645,358,170.0,208.1844760185426,65.28366599999913,2119.679750000003,7623.0373635355245
1776286458,200,GET,GET /v1/timeline/home,243.700000,0.000000,100,120,130,140,160,190,210,230,310,400,400,43732,198,180.0,227.53823904015027,65.782334000005,1279.631582999997,10692.533476630386
1776286458,200,GET,GET /v1/timeline/user/:id,99.700000,0.000000,100,120,140,140,170,200,230,270,440,440,440,17196,160,180.0,218.6848366648652,67.35279200000832,2119.679750000003,10892.56228192603
1776286458,200,POST,POST /v1/tweets,54.300000,0.000000,87,93,98,110,120,130,150,160,190,190,190,8536,0,130.0,143.35913053830868,65.28366599999913,587.9982920000089,214.5488519212746
1776286458,200,POST,POST /v1/tweets/:id/like,91.600000,0.000000,89,97,110,110,130,130,160,160,220,220,220,16681,0,160.0,176.726276823031,67.04258300001698,1308.786375000011,0.0
1776286458,200,,Aggregated,489.300000,0.000000,97,110,120,130,160,180,210,230,340,440,440,86145,358,170.0,207.5905889251039,65.28366599999913,2119.679750000003,7623.7246967322535
1776286459,200,GET,GET /v1/timeline/home,243.600000,0.000000,100,120,130,140,160,190,210,230,280,400,400,43958,198,180.0,226.951765016899,65.782334000005,1279.631582999997,10692.785818281087
1776286459,200,GET,GET /v1/timeline/user/:id,97.300000,0.000000,100,120,130,140,160,190,220,230,440,440,440,17311,160,180.0,217.95524275691872,67.35279200000832,2119.679750000003,10892.593495465311
1776286459,200,POST,POST /v1/tweets,53.000000,0.000000,87,93,97,100,120,130,140,150,190,190,190,8592,0,130.0,143.02291471520041,65.28366599999913,587.9982920000089,214.5489990689013
1776286459,200,POST,POST /v1/tweets/:id/like,94.500000,0.000000,89,96,100,110,120,130,150,160,220,220,220,16779,0,160.0,176.23237562446988,67.04258300001698,1308.786375000011,0.0
1776286459,200,,Aggregated,488.400000,0.000000,97,110,120,130,150,180,210,220,310,440,440,86640,358,170.0,207.0085965814178,65.28366599999913,2119.679750000003,7622.790512465374
1776286460,200,GET,GET /v1/timeline/home,243.600000,0.000000,100,120,130,140,160,190,210,230,280,400,400,44187,198,180.0,226.33601175929223,65.782334000005,1279.631582999997,10693.037499717111
1776286460,200,GET,GET /v1/timeline/user/:id,97.700000,0.000000,100,120,130,140,160,190,220,230,440,440,440,17420,160,180.0,217.27264265895644,67.35279200000832,2119.679750000003,10892.751033295062
1776286460,200,POST,POST /v1/tweets,51.200000,0.000000,86,92,96,100,120,130,140,150,190,190,190,8650,0,130.0,142.67055622647416,65.28366599999913,587.9982920000089,214.5492485549133
1776286460,200,POST,POST /v1/tweets/:id/like,93.900000,0.000000,88,95,100,110,120,130,140,160,220,220,220,16888,0,160.0,175.6797259508515,67.04258300001698,1308.786375000011,0.0
1776286460,200,,Aggregated,486.400000,0.000000,96,110,120,130,150,170,210,220,310,440,440,87145,358,170.0,206.4028723385623,65.28366599999913,2119.679750000003,7620.641712089047
1776286461,200,GET,GET /v1/timeline/home,244.700000,0.000000,100,120,130,140,160,180,210,220,270,400,400,44413,198,180.0,225.721152108906,65.782334000005,1279.631582999997,10693.291378650396
1776286461,200,GET,GET /v1/timeline/user/:id,96.900000,0.000000,100,120,130,140,160,180,220,230,440,440,440,17514,160,180.0,216.69684466449823,67.35279200000832,2119.679750000003,10892.9029918922
1776286461,200,POST,POST /v1/tweets,50.500000,0.000000,86,92,97,110,120,130,140,160,190,190,190,8711,0,130.0,142.34488557456112,65.28366599999913,587.9982920000089,214.54964986798302
1776286461,200,POST,POST /v1/tweets/:id/like,94.400000,0.000000,89,95,100,110,120,130,150,160,220,220,220,16993,0,150.0,175.18067455628676,67.04258300001698,1308.786375000011,0.0
1776286461,200,,Aggregated,486.500000,0.000000,96,110,120,130,150,170,200,220,310,440,440,87631,358,170.0,205.82891404916043,65.28366599999913,2119.679750000003,7617.947929385719
1776286462,200,GET,GET /v1/timeline/home,243.500000,0.000000,100,120,130,140,160,180,210,220,270,400,400,44669,198,180.0,225.05493922605896,65.782334000005,1279.631582999997,10693.564328729097
1776286462,200,GET,GET /v1/timeline/user/:id,99.200000,0.000000,100,120,130,140,150,170,210,220,440,440,440,17621,160,180.0,216.04699147551352,67.35279200000832,2119.679750000003,10893.098972816526
1776286462,200,POST,POST /v1/tweets,50.700000,0.000000,86,92,97,110,120,130,140,160,190,190,190,8759,0,130.0,142.05952604817924,65.28366599999913,587.9982920000089,214.5499486242722
1776286462,200,POST,POST /v1/tweets/:id/like,94.100000,0.000000,89,96,100,110,120,130,150,160,220,220,220,17078,0,150.0,174.77743767730288,67.04258300001698,1308.786375000011,0.0
1776286462,200,,Aggregated,487.500000,0.000000,95,110,120,130,150,170,190,220,280,440,440,88127,358,170.0,205.2616290851611,65.28366599999913,2119.679750000003,7619.655326971303
1776286463,200,GET,GET /v1/timeline/home,240.900000,0.000000,100,120,130,140,160,180,210,220,270,270,270,44928,198,180.0,224.4606196237718,65.782334000005,1279.631582999997,10693.83916488604
1776286463,200,GET,GET /v1/timeline/user/:id,98.600000,0.000000,100,120,130,140,160,180,210,220,280,280,280,17721,160,180.0,215.5250911256151,67.35279200000832,2119.679750000003,10893.348456633374
1776286463,200,POST,POST /v1/tweets,51.700000,0.000000,87,93,100,110,120,130,140,170,190,190,190,8800,0,130.0,141.84640926909123,65.28366599999913,587.9982920000089,214.55034090909092
1776286463,200,POST,POST /v1/tweets/:id/like,96.200000,0.000000,89,95,100,110,120,130,140,160,210,210,210,17171,0,150.0,174.34677571154748,67.04258300001698,1308.786375000011,0.0
1776286463,200,,Aggregated,487.400000,0.000000,96,110,120,130,150,170,190,210,260,280,280,88620,358,170.0,204.76014156629344,65.28366599999913,2119.679750000003,7621.099943579327
1776286464,200,GET,GET /v1/timeline/home,239.900000,0.000000,100,120,130,140,160,180,210,220,270,310,310,45183,198,170.0,223.85689075160647,65.782334000005,1279.631582999997,10694.116503994865
1776286464,200,GET,GET /v1/timeline/user/:id,98.600000,0.000000,100,120,130,140,160,180,210,230,280,280,280,17824,160,180.0,214.98649855335645,67.35279200000832,2119.679750000003,10893.656811041292
1776286464,200,POST,POST /v1/tweets,51.800000,0.000000,87,93,100,110,120,130,150,170,190,190,190,8846,0,130.0,141.5985715411488,65.28366599999913,587.9982920000089,214.54985304092244
1776286464,200,POST,POST /v1/tweets/:id/like,97.600000,0.000000,88,94,100,110,120,130,140,160,210,210,210,17265,0,150.0,173.9007641922375,66.06362499999818,1308.786375000011,0.0
1776286464,200,,Aggregated,487.900000,0.000000,96,110,120,130,150,170,200,210,270,310,310,89118,358,170.0,204.23958013731152,65.28366599999913,2119.679750000003,7622.014778159294
1776286465,200,GET,GET /v1/timeline/home,241.800000,0.000000,100,120,130,140,160,180,210,220,270,320,320,45420,198,170.0,223.26112601827037,65.782334000005,1279.631582999997,10694.366732716864
1776286465,200,GET,GET /v1/timeline/user/:id,98.400000,0.000000,100,120,130,140,160,180,210,240,280,280,280,17924,160,180.0,214.43793604987863,67.35279200000832,2119.679750000003,10893.654931934836
1776286465,200,POST,POST /v1/tweets,51.400000,0.000000,86,93,100,110,120,140,150,170,190,190,190,8897,0,130.0,141.31583774733076,65.28366599999913,587.9982920000089,214.54951107114758
1776286465,200,POST,POST /v1/tweets/:id/like,96.900000,0.000000,87,93,99,100,120,130,140,160,210,210,210,17375,0,150.0,173.36470438768234,66.06362499999818,1308.786375000011,0.0
1776286465,200,,Aggregated,488.500000,0.000000,95,110,120,130,150,170,200,220,270,320,320,89616,358,170.0,203.68689359804006,65.28366599999913,2119.679750000003,7620.345195054455
1776286466,200,GET,GET /v1/timeline/home,243.600000,0.000000,99,120,130,140,160,180,210,220,260,320,320,45669,198,170.0,222.617244404341,65.782334000005,1279.631582999997,10694.629858328406
1776286466,200,GET,GET /v1/timeline/user/:id,99.400000,0.000000,100,120,130,140,160,180,210,230,280,280,280,18021,160,170.0,213.86326607208395,67.35279200000832,2119.679750000003,10893.7131679707
1776286466,200,POST,POST /v1/tweets,50.400000,0.000000,86,92,99,110,120,130,140,150,180,180,180,8944,0,130.0,141.05205049250918,65.28366599999913,587.9982920000089,214.54986583184257
1776286466,200,POST,POST /v1/tweets/:id/like,94.800000,0.000000,87,93,98,100,120,130,140,150,170,170,170,17471,0,150.0,172.93447169291858,66.06362499999818,1308.786375000011,0.0
1776286466,200,,Aggregated,488.200000,0.000000,94,110,120,130,150,170,190,210,260,320,320,90105,358,170.0,203.13683532699582,65.28366599999913,2119.679750000003,7620.527051772931
1776286467,200,GET,GET /v1/timeline/home,243.800000,0.000000,98,120,130,140,160,180,200,220,260,320,320,45893,198,170.0,222.03860215498756,65.782334000005,1279.631582999997,10694.864968513717
1776286467,200,GET,GET /v1/timeline/user/:id,100.700000,0.000000,100,120,130,140,160,180,210,220,280,280,280,18121,160,170.0,213.29733178842363,67.35279200000832,2119.679750000003,10894.128193808288
1776286467,200,POST,POST /v1/tweets,50.000000,0.000000,86,92,100,110,120,130,140,160,180,180,180,8992,0,130.0,140.81221312277614,65.28366599999913,587.9982920000089,214.550378113879
1776286467,200,POST,POST /v1/tweets/:id/like,95.800000,0.000000,87,94,99,110,120,130,140,150,180,180,180,17581,0,150.0,172.4725555019612,66.06362499999818,1308.786375000011,0.0
1776286467,200,,Aggregated,490.300000,0.000000,94,110,120,130,150,170,190,210,260,320,320,90587,358,170.0,202.6074595330121,65.28366599999913,2119.679750000003,7618.766180577787
1776286468,200,GET,GET /v1/timeline/home,244.500000,0.000000,99,120,130,140,160,180,210,220,260,320,320,46147,198,170.0,221.4427986921546,65.782334000005,1279.631582999997,10695.124861854509
1776286468,200,GET,GET /v1/timeline/user/:id,99.900000,0.000000,100,120,130,140,160,180,210,220,280,280,280,18214,160,170.0,212.77465500680927,67.35279200000832,2119.679750000003,10894.39700230592
1776286468,200,POST,POST /v1/tweets,48.700000,0.000000,87,94,100,110,130,130,150,160,180,180,180,9041,0,130.0,140.58461529255655,65.28366599999913,587.9982920000089,214.55060280942374
1776286468,200,POST,POST /v1/tweets/:id/like,96.800000,0.000000,88,95,100,110,130,140,140,150,180,180,180,17681,0,150.0,172.06118920881062,66.06362499999818,1308.786375000011,0.0
1776286468,200,,Aggregated,489.900000,0.000000,95,110,120,130,150,170,200,210,260,320,320,91083,358,160.0,202.0974033661814,65.28366599999913,2119.679750000003,7618.5262452927545
1776286469,200,GET,GET /v1/timeline/home,243.500000,0.000000,99,120,130,140,160,180,210,220,260,320,320,46378,198,170.0,220.88650714338422,65.782334000005,1279.631582999997,10695.360709819312
1776286469,200,GET,GET /v1/timeline/user/:id,100.300000,0.000000,100,120,130,140,160,180,210,220,280,280,280,18312,160,170.0,212.22183446248496,67.35279200000832,2119.679750000003,10894.610310179118
1776286469,200,POST,POST /v1/tweets,50.000000,0.000000,87,95,100,110,130,130,150,160,180,180,180,9086,0,130.0,140.33278297930926,65.28366599999913,587.9982920000089,214.55128769535548
1776286469,200,POST,POST /v1/tweets/:id/like,97.400000,0.000000,88,96,100,110,130,140,150,160,180,180,180,17786,0,150.0,171.62553525604298,66.06362499999818,1308.786375000011,0.0
1776286469,200,,Aggregated,491.200000,0.000000,95,110,120,130,150,170,200,210,260,320,320,91562,358,160.0,201.59101043213164,65.28366599999913,2119.679750000003,7617.581048906752
1776286470,200,GET,GET /v1/timeline/home,239.800000,0.000000,99,120,130,140,160,180,210,220,260,320,320,46602,198,170.0,220.3406651226526,65.782334000005,1279.631582999997,10695.5787734432
1776286470,200,GET,GET /v1/timeline/user/:id,101.700000,0.000000,100,120,130,140,160,180,210,220,280,280,280,18417,160,170.0,211.64506178704588,67.35279200000832,2119.679750000003,10894.656838790248
1776286470,200,POST,POST /v1/tweets,50.400000,0.000000,87,94,100,110,130,130,150,160,180,180,180,9138,0,120.0,140.0535010381926,65.28366599999913,587.9982920000089,214.5515430072226
1776286470,200,POST,POST /v1/tweets/:id/like,99.200000,0.000000,88,96,110,110,130,140,150,160,180,180,180,17898,0,150.0,171.1541726837066,66.06362499999818,1308.786375000011,0.0
1776286470,200,,Aggregated,491.100000,0.000000,95,110,120,130,150,170,200,210,260,320,320,92055,358,160.0,201.0679382342926,65.28366599999913,2119.679750000003,7615.478018575852
1776286471,200,GET,GET /v1/timeline/home,240.800000,0.000000,100,120,130,140,160,180,210,220,260,320,320,46862,198,170.0,219.72619253006357,65.782334000005,1279.631582999997,10695.84390337587
1776286471,200,GET,GET /v1/timeline/user/:id,100.900000,0.000000,100,120,130,140,160,180,210,220,280,280,280,18511,160,170.0,211.11769293809226,67.35279200000832,2119.679750000003,10894.705958619199
1776286471,200,POST,POST /v1/tweets,50.100000,0.000000,86,95,100,110,130,130,150,160,180,180,180,9181,0,120.0,139.83412508909748,65.28366599999913,587.9982920000089,214.5521185056094
1776286471,200,POST,POST /v1/tweets/:id/like,100.400000,0.000000,88,96,110,110,130,140,150,160,180,180,180,17988,0,140.0,170.77136734589612,66.06362499999818,1308.786375000011,0.0
1776286471,200,,Aggregated,492.200000,0.000000,95,110,120,130,150,170,200,210,260,320,320,92542,358,160.0,200.56256517669655,65.28366599999913,2119.679750000003,7616.761492079272
1776286472,200,GET,GET /v1/timeline/home,241.500000,0.000000,99,120,130,140,160,180,210,220,260,320,320,47084,198,170.0,219.21327542736046,65.782334000005,1279.631582999997,10696.061507093706
1776286472,200,GET,GET /v1/timeline/user/:id,99.200000,0.000000,100,120,130,140,160,180,210,220,280,280,280,18620,160,170.0,210.51445239549003,67.35279200000832,2119.679750000003,10894.83447905478
1776286472,200,POST,POST /v1/tweets,48.800000,0.000000,86,94,100,110,130,130,140,150,160,160,160,9224,0,120.0,139.61065458131006,65.28366599999913,587.9982920000089,214.55225498699045
1776286472,200,POST,POST /v1/tweets/:id/like,100.000000,0.000000,88,96,110,110,130,140,150,160,180,180,180,18102,0,140.0,170.3135975321501,66.06362499999818,1308.786375000011,0.0
1776286472,200,,Aggregated,489.500000,0.000000,94,110,120,130,150,170,200,210,250,320,320,93030,358,160.0,200.06452095249756,65.28366599999913,2119.679750000003,7615.330624529722
1776286473,200,GET,GET /v1/timeline/home,243.300000,0.000000,98,120,130,130,160,170,200,220,260,320,320,47324,198,170.0,218.64286736129318,65.782334000005,1279.631582999997,10696.30094666554
1776286473,200,GET,GET /v1/timeline/user/:id,99.600000,0.000000,100,120,130,140,160,180,210,220,280,280,280,18729,160,170.0,209.9171613664918,67.35279200000832,2119.679750000003,10895.228896363928
1776286473,200,POST,POST /v1/tweets,47.600000,0.000000,86,95,100,110,130,130,140,150,160,160,160,9263,0,120.0,139.40155855100983,65.28366599999913,587.9982920000089,214.55165713051926
1776286473,200,POST,POST /v1/tweets/:id/like,100.300000,0.000000,89,97,110,110,130,140,150,150,170,180,180,18209,0,140.0,169.87504806595535,66.06362499999818,1308.786375000011,0.0
1776286473,200,,Aggregated,490.800000,0.000000,94,110,120,130,150,170,190,210,250,320,320,93525,358,160.0,199.55225829810058,65.28366599999913,2119.679750000003,7615.459823576583
1776286474,200,GET,GET /v1/timeline/home,242.800000,0.000000,100,120,130,140,160,180,210,220,300,320,320,47561,198,170.0,218.2402597148046,65.782334000005,1279.631582999997,10696.53850844179
1776286474,200,GET,GET /v1/timeline/user/:id,99.100000,0.000000,100,120,130,140,170,190,210,220,270,270,270,18821,160,170.0,209.5865270723673,67.35279200000832,2119.679750000003,10895.424632059932
1776286474,200,POST,POST /v1/tweets,46.300000,0.000000,87,96,100,110,130,150,160,170,190,190,190,9313,0,120.0,139.28366674090012,65.28366599999913,587.9982920000089,214.55137979168904
1776286474,200,POST,POST /v1/tweets/:id/like,100.900000,0.000000,90,100,110,120,130,150,160,180,210,210,210,18315,0,140.0,169.57264767616604,66.06362499999818,1308.786375000011,0.0
1776286474,200,,Aggregated,489.100000,0.000000,96,110,120,130,150,170,200,220,270,320,320,94010,358,160.0,199.20460428541503,65.28366599999913,2119.679750000003,7614.072673119881
1776286475,200,GET,GET /v1/timeline/home,240.400000,0.000000,100,120,140,140,180,230,360,380,440,590,590,47749,198,170.0,218.30743010085692,65.782334000005,1279.631582999997,10696.719261136359
1776286475,200,GET,GET /v1/timeline/user/:id,100.500000,0.000000,100,120,140,140,180,220,330,360,560,560,560,18889,160,170.0,209.6107106861679,67.35279200000832,2119.679750000003,10895.340939170947
1776286475,200,POST,POST /v1/tweets,46.000000,0.000000,88,99,110,120,140,180,360,370,390,390,390,9356,0,120.0,139.59672402554546,65.28366599999913,587.9982920000089,214.55098332620778
1776286475,200,POST,POST /v1/tweets/:id/like,102.100000,0.000000,91,100,120,120,140,170,340,370,380,380,380,18389,0,140.0,169.69073725118162,66.06362499999818,1308.786375000011,0.0
1776286475,200,,Aggregated,489.000000,0.000000,98,120,130,140,170,210,350,380,440,590,590,94383,358,160.0,199.29233136615574,65.28366599999913,2119.679750000003,7613.310469046332
1776286476,200,GET,GET /v1/timeline/home,237.200000,0.000000,100,120,130,140,180,230,360,380,440,590,590,47991,198,170.0,217.74739566489163,65.782334000005,1279.631582999997,10696.949365506032
1776286476,200,GET,GET /v1/timeline/user/:id,100.400000,0.000000,100,120,130,140,170,210,330,360,560,560,560,18981,160,170.0,209.100145622782,67.35279200000832,2119.679750000003,10895.362836520731
1776286476,200,POST,POST /v1/tweets,47.100000,0.000000,88,98,110,120,140,180,360,370,390,390,390,9409,0,120.0,139.33709690455973,65.28366599999913,587.9982920000089,214.55096184504197
1776286476,200,POST,POST /v1/tweets/:id/like,104.900000,0.000000,90,100,110,120,140,170,340,370,380,380,380,18504,0,140.0,169.21215227680392,66.06362499999818,1308.786375000011,0.0
1776286476,200,,Aggregated,489.600000,0.000000,97,120,130,140,170,210,350,380,440,590,590,94885,358,160.0,198.77714643963594,65.28366599999913,2119.679750000003,7611.117552827107
1776286477,200,GET,GET /v1/timeline/home,231.000000,0.000000,100,120,140,150,180,230,360,380,440,590,590,48240,198,170.0,217.18501291676668,65.782334000005,1279.631582999997,10697.183271144278
1776286477,200,GET,GET /v1/timeline/user/:id,96.800000,0.000000,100,120,140,140,170,220,330,360,560,560,560,19072,160,170.0,208.63080863449164,67.35279200000832,2119.679750000003,10895.552432885906
1776286477,200,POST,POST /v1/tweets,45.100000,0.000000,88,98,110,120,140,180,360,370,390,390,390,9447,0,120.0,139.13579395914078,65.28366599999913,587.9982920000089,214.54980417063618
1776286477,200,POST,POST /v1/tweets/:id/like,102.300000,0.000000,92,100,110,120,140,170,340,370,380,380,380,18612,0,140.0,168.80377415683319,66.06362499999818,1308.786375000011,0.0
1776286477,200,,Aggregated,475.200000,0.000000,98,120,130,140,170,220,350,380,440,590,590,95371,358,160.0,198.3014070893758,65.28366599999913,2119.679750000003,7610.897956401841
1776286478,200,GET,GET /v1/timeline/home,231.000000,0.000000,100,120,140,140,180,230,360,380,440,590,590,48494,198,170.0,216.65846656505573,65.782334000005,1279.631582999997,10697.425165999917
1776286478,200,GET,GET /v1/timeline/user/:id,95.100000,0.000000,100,120,140,150,180,220,330,360,560,560,560,19160,160,170.0,208.21261957353994,67.35279200000832,2119.679750000003,10895.740657620041
1776286478,200,POST,POST /v1/tweets,46.000000,0.000000,88,98,110,110,140,180,360,370,390,390,390,9502,0,120.0,138.86825429593802,65.28366599999913,587.9982920000089,214.54967375289414
1776286478,200,POST,POST /v1/tweets/:id/like,102.600000,0.000000,91,100,110,120,140,170,340,370,380,380,380,18717,0,140.0,168.41102323983444,66.06362499999818,1308.786375000011,0.0
1776286478,200,,Aggregated,474.700000,0.000000,97,110,130,140,170,220,350,380,440,590,590,95873,358,160.0,197.84156898120264,65.28366599999913,2119.679750000003,7609.670897958758
1776286479,200,GET,GET /v1/timeline/home,229.900000,0.000000,100,120,140,150,190,230,360,380,440,590,590,48743,198,170.0,216.14496464751483,65.782334000005,1279.631582999997,10697.653816958333
1776286479,200,GET,GET /v1/timeline/user/:id,95.200000,0.000000,100,120,140,150,180,220,330,360,560,560,560,19264,160,170.0,207.74359818122008,67.35279200000832,2119.679750000003,10896.048847591363
1776286479,200,POST,POST /v1/tweets,45.900000,0.000000,89,98,110,120,140,180,360,370,390,390,390,9557,0,120.0,138.62953915831355,65.28366599999913,587.9982920000089,214.55038191901224
1776286479,200,POST,POST /v1/tweets/:id/like,103.900000,0.000000,91,100,110,120,140,170,340,370,380,380,380,18803,0,140.0,168.0857583264894,66.06362499999818,1308.786375000011,0.0
1776286479,200,,Aggregated,474.900000,0.000000,98,120,130,140,170,220,350,370,440,590,590,96367,358,160.0,197.40082919179625,65.28366599999913,2119.679750000003,7610.36125437131
1776286480,200,GET,GET /v1/timeline/home,233.200000,0.000000,100,120,140,150,190,240,360,380,440,590,590,48984,198,170.0,215.67589618005516,65.782334000005,1279.631582999997,10697.873019761555
1776286480,200,GET,GET /v1/timeline/user/:id,94.500000,0.000000,100,120,140,150,190,220,340,360,560,560,560,19352,160,170.0,207.31726362634475,67.35279200000832,2119.679750000003,10896.140037205458
1776286480,200,POST,POST /v1/tweets,45.500000,0.000000,90,99,110,120,150,180,360,370,390,390,390,9606,0,120.0,138.44538912606737,65.28366599999913,587.9982920000089,214.55090568394752
1776286480,200,POST,POST /v1/tweets/:id/like,102.900000,0.000000,92,100,110,120,140,180,340,370,380,380,380,18901,0,140.0,167.7509903808782,66.06362499999818,1308.786375000011,0.0
1776286480,200,,Aggregated,476.100000,0.000000,99,120,130,140,170,220,350,380,440,590,590,96843,358,160.0,196.99141560375875,65.28366599999913,2119.679750000003,7609.715622192621
1776286481,200,GET,GET /v1/timeline/home,233.000000,0.000000,100,120,140,150,190,240,360,380,440,590,590,49231,198,170.0,215.17066591064204,65.782334000005,1279.631582999997,10698.094940179968
1776286481,200,GET,GET /v1/timeline/user/:id,94.400000,0.000000,100,130,140,150,190,230,340,360,560,560,560,19449,160,170.0,206.87143864224518,67.35279200000832,2119.679750000003,10896.142732274153
1776286481,200,POST,POST /v1/tweets,46.700000,0.000000,89,98,110,120,150,170,360,370,390,390,390,9662,0,120.0,138.18818628244702,65.28366599999913,587.9982920000089,214.55112813082178
1776286481,200,POST,POST /v1/tweets/:id/like,102.400000,0.000000,92,100,120,120,140,180,340,370,380,380,380,18993,0,140.0,167.41952085557725,66.06362499999818,1308.786375000011,0.0
1776286481,200,,Aggregated,476.500000,0.000000,99,120,130,140,170,220,350,370,440,590,590,97335,358,160.0,196.55296531638945,65.28366599999913,2119.679750000003,7609.492834026814
1776286482,200,GET,GET /v1/timeline/home,235.300000,0.000000,100,130,140,150,190,240,360,380,440,590,590,49480,198,170.0,214.65679085375547,65.782334000005,1279.631582999997,10698.323464025869
1776286482,200,GET,GET /v1/timeline/user/:id,94.400000,0.000000,110,130,150,150,190,230,340,360,560,560,560,19538,160,170.0,206.50039545296485,67.35279200000832,2119.679750000003,10896.124731292864
1776286482,200,POST,POST /v1/tweets,46.200000,0.000000,89,98,110,120,150,170,360,370,390,390,390,9723,0,120.0,137.88708889828277,65.28366599999913,587.9982920000089,214.55096163735473
1776286482,200,POST,POST /v1/tweets/:id/like,101.700000,0.000000,92,100,110,120,150,180,340,370,380,380,380,19089,0,140.0,167.07715516721566,66.06362499999818,1308.786375000011,0.0
1776286482,200,,Aggregated,477.600000,0.000000,100,120,130,140,180,220,350,380,440,590,590,97830,358,160.0,196.1140214468851,65.28366599999913,2119.679750000003,7608.377890217725
1776286483,200,GET,GET /v1/timeline/home,236.000000,0.000000,100,120,140,150,190,240,360,380,440,590,590,49700,198,170.0,214.2236406779442,65.782334000005,1279.631582999997,10698.522152917505
1776286483,200,GET,GET /v1/timeline/user/:id,92.900000,0.000000,110,130,140,150,180,220,340,360,560,560,560,19659,160,170.0,205.94831354952066,67.35279200000832,2119.679750000003,10896.0781830205
1776286483,200,POST,POST /v1/tweets,47.000000,0.000000,89,98,110,110,140,160,360,370,390,390,390,9776,0,120.0,137.63851735392842,65.28366599999913,587.9982920000089,214.5505319148936
1776286483,200,POST,POST /v1/tweets/:id/like,99.300000,0.000000,92,100,110,120,140,170,340,370,380,380,380,19187,0,140.0,166.69676470808247,66.06362499999818,1308.786375000011,0.0
1776286483,200,,Aggregated,475.200000,0.000000,99,120,130,140,180,220,350,380,440,590,590,98322,358,160.0,195.67968316215843,65.28366599999913,2119.679750000003,7607.859868595025
1776286484,200,GET,GET /v1/timeline/home,237.600000,0.000000,100,120,140,150,180,230,360,380,440,590,590,49958,198,170.0,213.70761020330698,65.782334000005,1279.631582999997,10698.758857440249
1776286484,200,GET,GET /v1/timeline/user/:id,92.200000,0.000000,100,130,140,150,180,210,320,360,560,560,560,19750,160,170.0,205.52580654359636,67.35279200000832,2119.679750000003,10896.200354430379
1776286484,200,POST,POST /v1/tweets,48.300000,0.000000,88,96,100,110,130,160,360,370,390,390,390,9815,0,120.0,137.45330864625618,65.28366599999913,587.9982920000089,214.55017829852267
1776286484,200,POST,POST /v1/tweets/:id/like,99.400000,0.000000,91,100,110,120,140,160,340,370,380,380,380,19270,0,140.0,166.38169218998328,66.06362499999818,1308.786375000011,0.0
1776286484,200,,Aggregated,477.500000,0.000000,98,120,130,140,170,220,350,370,440,590,590,98793,358,160.0,195.26503803545555,65.28366599999913,2119.679750000003,7609.793831546769
1776286485,200,GET,GET /v1/timeline/home,237.300000,0.000000,100,120,130,140,170,190,220,230,300,320,320,50208,198,170.0,213.24281674489748,65.782334000005,1279.631582999997,10698.970084448694
1776286485,200,GET,GET /v1/timeline/user/:id,90.700000,0.000000,100,120,140,150,170,200,220,230,280,280,280,19850,160,170.0,205.10085026816262,67.35279200000832,2119.679750000003,10896.157481108312
1776286485,200,POST,POST /v1/tweets,50.500000,0.000000,87,95,100,110,120,140,150,160,180,180,180,9856,0,120.0,137.30535036901426,65.28366599999913,587.9982920000089,214.55022321428572
1776286485,200,POST,POST /v1/tweets/:id/like,98.200000,0.000000,90,100,110,110,130,140,160,170,240,240,240,19364,0,140.0,166.06351142651198,66.06362499999818,1308.786375000011,0.0
1776286485,200,,Aggregated,476.700000,0.000000,98,110,130,130,160,180,210,230,270,320,320,99278,358,160.0,194.8738148376353,65.28366599999913,2119.679750000003,7610.721640242551
1776286486,200,GET,GET /v1/timeline/home,237.900000,0.000000,110,120,140,150,170,200,220,230,300,320,320,50428,198,170.0,212.86805757225758,65.782334000005,1279.631582999997,10699.160942333625
1776286486,200,GET,GET /v1/timeline/user/:id,92.600000,0.000000,110,130,140,150,170,200,230,230,280,280,280,19950,160,170.0,204.6847002149388,67.35279200000832,2119.679750000003,10896.135438596491
1776286486,200,POST,POST /v1/tweets,50.300000,0.000000,89,98,110,110,130,140,160,170,190,190,190,9909,0,120.0,137.15246916772676,65.28366599999913,587.9982920000089,214.5501059642749
1776286486,200,POST,POST /v1/tweets/:id/like,95.400000,0.000000,92,100,110,120,140,150,170,190,240,240,240,19458,0,130.0,165.83323048458095,66.06362499999818,1308.786375000011,0.0
1776286486,200,,Aggregated,476.200000,0.000000,99,120,130,140,160,190,220,230,270,320,320,99745,358,160.0,194.53403170378243,65.28366599999913,2119.679750000003,7609.816702591608
1776286487,200,GET,GET /v1/timeline/home,244.800000,0.000000,110,130,140,150,170,200,220,230,300,320,320,50670,198,170.0,212.42285235916341,65.782334000005,1279.631582999997,10699.369074403
1776286487,200,GET,GET /v1/timeline/user/:id,95.000000,0.000000,110,130,140,150,170,200,220,230,280,280,280,20039,160,170.0,204.2830362581979,67.35279200000832,2119.679750000003,10896.123608962524
1776286487,200,POST,POST /v1/tweets,51.200000,0.000000,90,100,110,120,130,150,160,170,190,190,190,9953,0,120.0,137.03653500472265,65.28366599999913,587.9982920000089,214.54968351250878
1776286487,200,POST,POST /v1/tweets/:id/like,96.900000,0.000000,92,100,110,120,140,150,180,200,240,240,240,19564,0,130.0,165.54879591422903,66.06362499999818,1308.786375000011,0.0
1776286487,200,,Aggregated,487.900000,0.000000,100,120,130,140,160,190,220,230,270,320,320,100226,358,160.0,194.15934955784724,65.28366599999913,2119.679750000003,7609.002304791172
1776286488,200,GET,GET /v1/timeline/home,244.900000,0.000000,110,130,140,150,180,200,220,240,270,310,310,50912,198,160.0,211.99468950370834,65.782334000005,1279.631582999997,10699.587130735386
1776286488,200,GET,GET /v1/timeline/user/:id,96.200000,0.000000,110,130,140,150,170,200,220,230,280,280,280,20111,160,170.0,203.99713104112317,67.35279200000832,2119.679750000003,10896.076028044354
1776286488,200,POST,POST /v1/tweets,49.300000,0.000000,90,100,110,120,130,150,170,180,220,220,220,10004,0,120.0,136.86892554958055,65.28366599999913,587.9982920000089,214.5501799280288
1776286488,200,POST,POST /v1/tweets/:id/like,96.400000,0.000000,94,110,120,120,140,160,180,200,240,240,240,19681,0,130.0,165.21886984157186,66.06362499999818,1308.786375000011,0.0
1776286488,200,,Aggregated,486.800000,0.000000,100,120,130,140,170,190,220,230,270,310,310,100708,358,160.0,193.79363350409906,65.28366599999913,2119.679750000003,7606.29468363983
1776286489,200,GET,GET /v1/timeline/home,243.800000,0.000000,110,130,140,150,180,200,220,230,270,300,300,51167,198,160.0,211.53982065944467,65.782334000005,1279.631582999997,10699.80243125452
1776286489,200,GET,GET /v1/timeline/user/:id,97.800000,0.000000,110,130,140,150,170,190,220,230,260,260,260,20201,160,170.0,203.63144750626353,67.35279200000832,2119.679750000003,10896.053957724866
1776286489,200,POST,POST /v1/tweets,49.800000,0.000000,89,100,110,120,130,150,170,180,220,220,220,10053,0,120.0,136.6471142264999,65.28366599999913,587.9982920000089,214.5498856062867
1776286489,200,POST,POST /v1/tweets/:id/like,93.600000,0.000000,94,110,120,130,140,160,180,200,240,240,240,19780,0,130.0,164.9145007297258,66.06362499999818,1308.786375000011,0.0
1776286489,200,,Aggregated,485.000000,0.000000,100,120,130,140,170,190,210,230,260,300,300,101201,358,160.0,193.40855464381593,65.28366599999913,2119.679750000003,7606.09921838717
1776286490,200,GET,GET /v1/timeline/home,241.800000,0.000000,110,130,140,150,180,200,220,230,290,300,300,51406,198,160.0,211.1361160509435,65.782334000005,1279.631582999997,10699.993113644321
1776286490,200,GET,GET /v1/timeline/user/:id,95.000000,0.000000,110,130,140,150,170,200,220,230,270,270,270,20315,160,170.0,203.16184166625786,67.35279200000832,2119.679750000003,10896.231503814915
1776286490,200,POST,POST /v1/tweets,49.700000,0.000000,89,100,110,120,130,150,170,190,220,220,220,10103,0,120.0,136.46896902167705,65.28366599999913,587.9982920000089,214.55072750668117
1776286490,200,POST,POST /v1/tweets/:id/like,94.000000,0.000000,93,110,120,130,140,160,180,210,240,240,240,19861,0,130.0,164.65403440078433,66.06362499999818,1308.786375000011,0.0
1776286490,200,,Aggregated,480.500000,0.000000,100,120,130,140,170,190,220,230,270,300,300,101685,358,160.0,193.04554031002397,65.28366599999913,2119.679750000003,7607.497615184147
1776286491,200,GET,GET /v1/timeline/home,240.900000,0.000000,110,130,140,150,180,200,220,230,290,300,300,51646,198,160.0,210.7037570191071,65.782334000005,1279.631582999997,10700.189075630253
1776286491,200,GET,GET /v1/timeline/user/:id,94.800000,0.000000,110,130,140,150,170,200,220,240,270,270,270,20423,160,160.0,202.70820102502225,67.35279200000832,2119.679750000003,10896.284532145131
1776286491,200,POST,POST /v1/tweets,49.000000,0.000000,89,100,110,120,140,150,170,190,220,220,220,10145,0,120.0,136.3075279019224,65.28366599999913,587.9982920000089,214.55101034992606
1776286491,200,POST,POST /v1/tweets/:id/like,95.900000,0.000000,93,110,120,130,140,160,180,210,240,240,240,19962,0,130.0,164.3292591623574,66.06362499999818,1308.786375000011,0.0
1776286491,200,,Aggregated,480.600000,0.000000,100,120,130,140,170,190,220,230,270,300,300,102176,358,160.0,192.65871013258274,65.28366599999913,2119.679750000003,7607.7885609145005
1776286492,200,GET,GET /v1/timeline/home,241.000000,0.000000,110,130,140,150,180,200,220,230,290,300,300,51894,198,160.0,210.20994693765772,65.782334000005,1279.631582999997,10700.39287778934
1776286492,200,GET,GET /v1/timeline/user/:id,93.600000,0.000000,110,130,140,150,170,190,220,240,270,270,270,20519,160,160.0,202.25439500545983,67.35279200000832,2119.679750000003,10896.333349578439
1776286492,200,POST,POST /v1/tweets,49.900000,0.000000,90,100,110,120,140,150,170,190,220,220,220,10200,0,120.0,136.09829979382383,65.28366599999913,587.9982920000089,214.5507843137255
1776286492,200,POST,POST /v1/tweets/:id/like,96.400000,0.000000,93,110,120,130,140,160,180,210,240,240,240,20054,0,130.0,164.02973448902847,66.06362499999818,1308.786375000011,0.0
1776286492,200,,Aggregated,480.900000,0.000000,100,120,130,140,170,190,220,230,270,300,300,102667,358,150.0,192.23653044152246,65.28366599999913,2119.679750000003,7607.668189388995
1776286493,200,GET,GET /v1/timeline/home,240.400000,0.000000,110,130,140,150,180,200,220,230,270,300,300,52115,198,160.0,209.81602832602536,65.782334000005,1279.631582999997,10700.569375419745
1776286493,200,GET,GET /v1/timeline/user/:id,96.200000,0.000000,110,130,140,150,170,190,220,230,270,270,270,20634,160,160.0,201.7697363247568,67.35279200000832,2119.679750000003,10896.36759716972
1776286493,200,POST,POST /v1/tweets,49.200000,0.000000,91,100,110,120,140,150,170,190,220,220,220,10256,0,120.0,135.900511166342,65.28366599999913,587.9982920000089,214.55099453978158
1776286493,200,POST,POST /v1/tweets/:id/like,96.000000,0.000000,94,110,120,130,150,160,180,210,240,240,240,20135,0,130.0,163.79295345914963,66.06362499999818,1308.786375000011,0.0
1776286493,200,,Aggregated,481.800000,0.000000,100,120,130,140,170,190,220,230,260,300,300,103140,358,150.0,191.87168718206092,65.28366599999913,2119.679750000003,7608.069197207679
1776286494,200,GET,GET /v1/timeline/home,239.100000,0.000000,110,130,140,150,180,200,220,230,270,300,300,52357,198,160.0,209.33159344837983,65.782334000005,1279.631582999997,10700.762935233111
1776286494,200,GET,GET /v1/timeline/user/:id,98.200000,0.000000,100,120,140,140,170,190,220,230,270,270,270,20743,160,160.0,201.25255469093335,67.35279200000832,2119.679750000003,10896.495058573977
1776286494,200,POST,POST /v1/tweets,48.000000,0.000000,92,100,110,120,140,150,170,190,220,220,220,10312,0,120.0,135.67726562267288,65.28366599999913,587.9982920000089,214.5505236617533
1776286494,200,POST,POST /v1/tweets/:id/like,95.800000,0.000000,93,110,120,130,140,160,180,210,240,240,240,20227,0,130.0,163.4574392163928,66.06362499999818,1308.786375000011,0.0
1776286494,200,,Aggregated,481.100000,0.000000,100,120,130,140,160,190,220,230,270,300,300,103639,358,150.0,191.43289269736061,65.28366599999913,2119.679750000003,7608.1232644081865
1776286495,200,GET,GET /v1/timeline/home,240.400000,0.000000,110,130,140,150,180,200,220,240,270,300,300,52610,198,160.0,208.92689992107648,65.782334000005,1279.631582999997,10700.960349743395
1776286495,200,GET,GET /v1/timeline/user/:id,97.700000,0.000000,110,120,130,140,170,190,210,220,270,270,270,20842,160,160.0,200.84757223179307,67.35279200000832,2119.679750000003,10896.555033106228
1776286495,200,POST,POST /v1/tweets,47.600000,0.000000,92,100,110,120,140,150,170,190,220,220,220,10358,0,120.0,135.51213987738964,65.28366599999913,587.9982920000089,214.55068546051362
1776286495,200,POST,POST /v1/tweets/:id/like,95.300000,0.000000,94,110,120,130,140,160,180,210,220,220,220,20313,0,130.0,163.18367586771913,66.06362499999818,1308.786375000011,0.0
1776286495,200,,Aggregated,481.000000,0.000000,100,120,130,140,160,190,210,230,270,300,300,104123,358,150.0,191.08260478524198,65.28366599999913,2119.679750000003,7609.32589341452
1776286496,200,GET,GET /v1/timeline/home,239.200000,0.000000,110,120,140,150,170,200,220,230,270,300,300,52861,198,160.0,208.48817707706695,65.782334000005,1279.631582999997,10701.15816953898
1776286496,200,GET,GET /v1/timeline/user/:id,97.800000,0.000000,100,120,130,140,170,190,210,220,270,270,270,20940,160,160.0,200.43635225835862,67.30812500001093,2119.679750000003,10896.660171919772
1776286496,200,POST,POST /v1/tweets,48.300000,0.000000,90,100,110,120,130,150,170,180,220,220,220,10417,0,120.0,135.2638710339831,65.28366599999913,587.9982920000089,214.55169434578093
1776286496,200,POST,POST /v1/tweets/:id/like,95.600000,0.000000,92,110,120,120,140,150,170,180,220,220,220,20402,0,130.0,162.91110035736585,66.06362499999818,1308.786375000011,0.0
1776286496,200,,Aggregated,480.900000,0.000000,100,120,130,140,160,180,210,230,270,300,300,104620,358,150.0,190.69763676938248,65.28366599999913,2119.679750000003,7609.3000477920095
1776286497,200,GET,GET /v1/timeline/home,237.400000,0.000000,100,120,140,140,170,200,220,230,270,300,300,53102,198,160.0,208.04322546706047,65.782334000005,1279.631582999997,10701.337746224248
1776286497,200,GET,GET /v1/timeline/user/:id,97.800000,0.000000,100,120,130,140,170,190,210,220,270,270,270,21038,160,160.0,200.0406452450818,67.30812500001093,2119.679750000003,10896.773457553
1776286497,200,POST,POST /v1/tweets,49.700000,0.000000,89,98,110,110,130,140,160,170,220,220,220,10466,0,120.0,135.05604848394822,65.28366599999913,587.9982920000089,214.55188228549588
1776286497,200,POST,POST /v1/tweets/:id/like,95.300000,0.000000,90,100,110,120,140,150,160,180,220,220,220,20505,0,130.0,162.55732010241297,66.06362499999818,1308.786375000011,0.0
1776286497,200,,Aggregated,480.200000,0.000000,98,110,130,130,160,180,210,220,270,300,300,105111,358,150.0,190.3007383199739,65.28366599999913,2119.679750000003,7608.663764972267
1776286498,200,GET,GET /v1/timeline/home,238.200000,0.000000,100,120,130,140,170,190,220,230,270,300,300,53362,198,160.0,207.54720379365168,65.782334000005,1279.631582999997,10701.53897904876
1776286498,200,GET,GET /v1/timeline/user/:id,98.800000,0.000000,100,120,130,140,160,190,210,220,270,270,270,21121,160,160.0,199.67433658420663,67.30812500001093,2119.679750000003,10896.714218076795
1776286498,200,POST,POST /v1/tweets,50.900000,0.000000,88,96,100,110,130,140,160,160,210,210,210,10518,0,120.0,134.82099924500872,65.28366599999913,587.9982920000089,214.55219623502566
1776286498,200,POST,POST /v1/tweets/:id/like,94.100000,0.000000,90,98,110,120,130,140,160,170,220,220,220,20603,0,130.0,162.22601836688736,66.06362499999818,1308.786375000011,0.0
1776286498,200,,Aggregated,482.000000,0.000000,97,110,130,130,160,180,210,220,270,300,300,105604,358,150.0,189.8871773635828,65.28366599999913,2119.679750000003,7608.250482936252
1776286499,200,GET,GET /v1/timeline/home,241.300000,0.000000,100,120,130,140,170,190,220,240,300,320,320,53593,198,160.0,207.19112335351326,65.782334000005,1279.631582999997,10701.71410445394
1776286499,200,GET,GET /v1/timeline/user/:id,97.500000,0.000000,100,120,130,140,160,190,210,230,320,320,320,21217,160,160.0,199.32499218772827,67.30812500001093,2119.679750000003,10896.6783711175
1776286499,200,POST,POST /v1/tweets,50.500000,0.000000,88,98,110,110,130,140,160,170,230,230,230,10573,0,120.0,134.65241122226448,65.28366599999913,587.9982920000089,214.55225574576752
1776286499,200,POST,POST /v1/tweets/:id/like,93.900000,0.000000,90,99,110,120,130,150,160,180,220,220,220,20706,0,130.0,161.94531970196945,66.06362499999818,1308.786375000011,0.0
1776286499,200,,Aggregated,483.200000,0.000000,98,110,130,130,160,180,210,230,300,320,320,106089,358,150.0,189.55774836914108,65.28366599999913,2119.679750000003,7606.823044802006
1776286500,200,GET,GET /v1/timeline/home,243.800000,0.000000,100,120,140,150,170,200,240,280,640,680,680,53786,198,160.0,207.07030706202065,65.782334000005,1279.631582999997,10701.864202580597
1776286500,200,GET,GET /v1/timeline/user/:id,99.700000,0.000000,100,120,130,140,170,200,260,400,730,730,730,21291,160,160.0,199.31664016067978,67.30812500001093,2119.679750000003,10896.647691512846
1776286500,200,POST,POST /v1/tweets,51.800000,0.000000,89,99,110,110,130,150,170,200,230,230,230,10609,0,120.0,134.60825769535316,65.28366599999913,587.9982920000089,214.55151286643417
1776286500,200,POST,POST /v1/tweets/:id/like,93.200000,0.000000,91,100,110,120,140,150,170,180,250,250,250,20778,0,130.0,161.81943870309837,66.06362499999818,1308.786375000011,0.0
1776286500,200,,Aggregated,488.500000,0.000000,99,120,130,140,160,190,220,260,630,730,730,106464,358,150.0,189.4675892748897,65.28366599999913,2119.679750000003,7607.145805154794
1776286501,200,GET,GET /v1/timeline/home,242.200000,0.000000,110,130,140,150,180,210,260,390,900,1000,1000,54028,198,160.0,206.92192480543127,65.782334000005,1279.631582999997,10702.05038128378
1776286501,200,GET,GET /v1/timeline/user/:id,99.600000,0.000000,110,120,140,150,180,210,310,410,810,810,810,21374,160,160.0,199.1731426418561,67.30812500001093,2119.679750000003,10896.600495929633
1776286501,200,POST,POST /v1/tweets,51.400000,0.000000,90,100,110,120,140,160,180,220,410,410,410,10656,0,120.0,134.58238095673812,65.28366599999913,587.9982920000089,214.55133258258257
1776286501,200,POST,POST /v1/tweets/:id/like,90.700000,0.000000,93,110,120,120,140,160,190,260,380,380,380,20892,0,130.0,161.66958295031483,66.06362499999818,1308.786375000011,0.0
1776286501,200,,Aggregated,483.900000,0.000000,100,120,130,140,170,200,250,330,870,1000,1000,106950,358,150.0,189.32599609806323,65.28366599999913,2119.679750000003,7605.428480598411
1776286502,200,GET,GET /v1/timeline/home,240.500000,0.000000,110,130,150,160,190,230,330,580,980,1000,1000,54228,198,160.0,206.7982406477806,65.782334000005,1279.631582999997,10702.17522313196
1776286502,200,GET,GET /v1/timeline/user/:id,100.800000,0.000000,110,130,150,160,190,250,360,420,950,950,950,21464,160,160.0,199.09400318510217,67.30812500001093,2119.679750000003,10896.679183749535
1776286502,200,POST,POST /v1/tweets,51.400000,0.000000,91,100,110,120,140,160,180,220,410,410,410,10696,0,120.0,134.49220129151098,65.28366599999913,587.9982920000089,214.55132759910248
1776286502,200,POST,POST /v1/tweets/:id/like,91.400000,0.000000,94,110,120,120,140,160,200,260,380,380,380,20976,0,130.0,161.46321132060342,66.06362499999818,1308.786375000011,0.0
1776286502,200,,Aggregated,484.100000,0.000000,100,120,130,150,180,210,310,410,940,1000,1000,107364,358,150.0,189.19739935069356,65.28366599999913,2119.679750000003,7605.330660184047
1776286503,200,GET,GET /v1/timeline/home,237.900000,0.000000,110,130,150,160,190,230,350,640,1100,1200,1200,54485,198,160.0,206.53483933219877,65.782334000005,1279.631582999997,10702.368945581353
1776286503,200,GET,GET /v1/timeline/user/:id,96.600000,0.000000,110,130,150,160,200,260,410,520,1100,1100,1100,21570,160,160.0,198.9681959216056,67.30812500001093,2119.679750000003,10896.719146963374
1776286503,200,POST,POST /v1/tweets,50.900000,0.000000,91,100,110,120,140,170,200,220,410,410,410,10736,0,120.0,134.40008162667675,65.28366599999913,587.9982920000089,214.5519746646796
1776286503,200,POST,POST /v1/tweets/:id/like,91.800000,0.000000,94,110,120,120,150,180,230,290,380,380,380,21061,0,130.0,161.26456136109286,66.06362499999818,1308.786375000011,0.0
1776286503,200,,Aggregated,477.200000,0.000000,100,120,140,150,180,220,320,430,1100,1200,1200,107852,358,150.0,189.00073165276382,65.28366599999913,2119.679750000003,7607.315895857286
1776286504,200,GET,GET /v1/timeline/home,234.200000,0.000000,110,130,150,160,190,230,350,630,1100,1200,1200,54725,198,160.0,206.12082147290732,65.782334000005,1279.631582999997,10702.543389675651
1776286504,200,GET,GET /v1/timeline/user/:id,93.100000,0.000000,110,130,150,160,200,260,410,710,1100,1100,1100,21662,160,160.0,198.58554140642744,67.30812500001093,2119.679750000003,10896.67122149386
1776286504,200,POST,POST /v1/tweets,51.000000,0.000000,90,100,110,120,140,170,200,220,410,410,410,10789,0,120.0,134.17376557206424,65.28366599999913,587.9982920000089,214.55232180925017
1776286504,200,POST,POST /v1/tweets/:id/like,92.000000,0.000000,95,110,120,120,150,170,230,270,380,380,380,21173,0,130.0,160.9220775551871,66.06362499999818,1308.786375000011,0.0
1776286504,200,,Aggregated,470.300000,0.000000,110,130,140,150,180,220,320,430,1100,1200,1200,108349,358,150.0,188.61757706932116,65.28366599999913,2119.679750000003,7605.563355453211
1776286505,200,GET,GET /v1/timeline/home,232.200000,0.000000,110,130,150,160,190,230,350,640,1100,1200,1200,54971,198,160.0,205.73746822391544,65.782334000005,1279.631582999997,10702.713194229686
1776286505,200,GET,GET /v1/timeline/user/:id,93.900000,0.000000,110,140,150,160,200,250,410,710,1100,1100,1100,21767,160,160.0,198.21178399940436,67.30812500001093,2119.679750000003,10896.745761933202
1776286505,200,POST,POST /v1/tweets,48.600000,0.000000,90,100,120,120,140,170,200,220,410,410,410,10832,0,120.0,134.0432981180762,65.28366599999913,587.9982920000089,214.55262186115215
1776286505,200,POST,POST /v1/tweets/:id/like,91.700000,0.000000,96,110,120,120,150,170,230,270,380,380,380,21272,0,130.0,160.65096072057068,66.06362499999818,1308.786375000011,0.0
1776286505,200,,Aggregated,466.400000,0.000000,100,120,140,150,180,220,320,430,1100,1200,1200,108842,358,150.0,188.28572159382273,65.28366599999913,2119.679750000003,7606.000863637199
1776286506,200,GET,GET /v1/timeline/home,235.400000,0.000000,110,130,150,160,190,230,350,640,1100,1200,1200,55202,198,160.0,205.39568295119483,65.782334000005,1279.631582999997,10702.886109198942
1776286506,200,GET,GET /v1/timeline/user/:id,92.800000,0.000000,120,140,160,170,210,250,410,520,1100,1100,1100,21885,160,160.0,197.83277852702906,67.30812500001093,2119.679750000003,10896.92168151702
1776286506,200,POST,POST /v1/tweets,47.200000,0.000000,90,100,120,120,140,170,200,220,410,410,410,10885,0,120.0,133.84741603913653,65.28366599999913,587.9982920000089,214.55305466237942
1776286506,200,POST,POST /v1/tweets/:id/like,92.100000,0.000000,97,110,120,130,150,170,230,270,380,380,380,21365,0,130.0,160.42031886782027,66.06362499999818,1308.786375000011,0.0
1776286506,200,,Aggregated,467.500000,0.000000,110,130,140,150,180,220,320,430,1100,1200,1200,109337,358,150.0,187.9705139571493,65.28366599999913,2119.679750000003,7606.164976174579
1776286507,200,GET,GET /v1/timeline/home,235.500000,0.000000,110,140,150,160,200,230,350,640,1100,1200,1200,55446,198,160.0,205.01355682620672,65.782334000005,1279.631582999997,10703.061032355805
1776286507,200,GET,GET /v1/timeline/user/:id,92.200000,0.000000,120,140,160,170,200,250,410,520,1100,1100,1100,21981,160,160.0,197.4943002015845,67.30812500001093,2119.679750000003,10897.177289477277
1776286507,200,POST,POST /v1/tweets,48.000000,0.000000,90,110,120,130,140,170,200,220,410,410,410,10931,0,120.0,133.68315745357245,65.28366599999913,587.9982920000089,214.55310584575977
1776286507,200,POST,POST /v1/tweets/:id/like,94.000000,0.000000,98,110,120,130,150,170,230,270,380,380,380,21447,0,130.0,160.19951118557276,66.06362499999818,1308.786375000011,0.0
1776286507,200,,Aggregated,469.700000,0.000000,110,130,140,150,190,220,320,430,1100,1200,1200,109805,358,150.0,187.65441824178131,65.28366599999913,2119.679750000003,7607.286152725285
1776286508,200,GET,GET /v1/timeline/home,234.400000,0.000000,110,140,150,160,200,230,350,640,1100,1200,1200,55686,198,160.0,204.6465886546323,65.782334000005,1279.631582999997,10703.235499048234
1776286508,200,GET,GET /v1/timeline/user/:id,92.100000,0.000000,120,140,160,170,200,250,410,520,1100,1100,1100,22081,160,160.0,197.1310110115043,67.30812500001093,2119.679750000003,10897.078257325302
1776286508,200,POST,POST /v1/tweets,46.900000,0.000000,90,100,120,120,140,160,190,200,410,410,410,10978,0,110.0,133.52887396347242,65.28366599999913,587.9982920000089,214.55356166879213
1776286508,200,POST,POST /v1/tweets/:id/like,95.600000,0.000000,97,110,120,130,150,170,230,270,380,380,380,21550,0,130.0,159.90439793563706,66.06362499999818,1308.786375000011,0.0
1776286508,200,,Aggregated,469.000000,0.000000,110,130,140,150,180,220,310,430,1100,1200,1200,110295,358,150.0,187.32145195929834,65.28366599999913,2119.679750000003,7606.819221179564
1776286509,200,GET,GET /v1/timeline/home,233.500000,0.000000,120,140,150,160,200,230,350,630,1100,1200,1200,55951,198,160.0,204.2420218464345,65.2688340000509,1279.631582999997,10703.414737895659
1776286509,200,GET,GET /v1/timeline/user/:id,93.200000,0.000000,120,140,160,170,210,250,410,520,1100,1100,1100,22158,160,160.0,196.87371079759143,67.30812500001093,2119.679750000003,10897.255257694738
1776286509,200,POST,POST /v1/tweets,47.200000,0.000000,93,110,120,130,140,160,190,200,410,410,410,11028,0,110.0,133.36475165043535,65.28366599999913,587.9982920000089,214.55350018135655
1776286509,200,POST,POST /v1/tweets/:id/like,95.300000,0.000000,98,110,120,130,150,170,230,270,380,380,380,21644,0,130.0,159.65012550115418,65.42529099999683,1308.786375000011,0.0
1776286509,200,,Aggregated,469.200000,0.000000,110,130,140,150,190,220,310,430,1100,1200,1200,110781,358,150.0,187.00035968018724,65.2688340000509,2119.679750000003,7606.848069614825
1776286510,200,GET,GET /v1/timeline/home,230.600000,0.000000,110,130,150,160,190,210,240,340,1100,1200,1200,56176,198,160.0,203.91650021519592,65.2688340000509,1279.631582999997,10703.568338792367
1776286510,200,GET,GET /v1/timeline/user/:id,94.700000,0.000000,110,130,150,160,190,220,280,400,1100,1100,1100,22262,160,160.0,196.4945951929761,67.30812500001093,2119.679750000003,10897.377908543707
1776286510,200,POST,POST /v1/tweets,46.000000,0.000000,89,100,110,120,130,150,170,180,200,200,200,11075,0,110.0,133.1971898747631,65.28366599999913,587.9982920000089,214.55404063205418
1776286510,200,POST,POST /v1/tweets/:id/like,94.400000,0.000000,95,110,120,120,140,160,180,220,290,290,290,21749,0,130.0,159.36319630102457,65.42529099999683,1308.786375000011,0.0
1776286510,200,,Aggregated,465.700000,0.000000,110,130,140,150,180,200,230,290,1100,1200,1200,111262,358,150.0,186.68300972918718,65.2688340000509,2119.679750000003,7605.98648235696
1776286511,200,GET,GET /v1/timeline/home,232.600000,0.000000,110,130,140,150,180,210,240,320,1100,1200,1200,56414,198,160.0,203.52557669420443,65.2688340000509,1279.631582999997,10703.733949019746
1776286511,200,GET,GET /v1/timeline/user/:id,95.600000,0.000000,110,130,140,150,180,210,230,320,1100,1100,1100,22364,160,160.0,196.100237551826,67.30812500001093,2119.679750000003,10897.402164192452
1776286511,200,POST,POST /v1/tweets,45.500000,0.000000,88,100,110,120,130,150,160,170,200,200,200,11126,0,110.0,133.0246442593027,65.28366599999913,587.9982920000089,214.55374797770986
1776286511,200,POST,POST /v1/tweets/:id/like,94.500000,0.000000,92,110,120,120,140,150,180,220,300,300,300,21858,0,130.0,159.05869009923063,65.42529099999683,1308.786375000011,0.0
1776286511,200,,Aggregated,468.200000,0.000000,100,120,130,140,170,200,230,250,1100,1200,1200,111762,358,150.0,186.3246419753924,65.2688340000509,2119.679750000003,7604.884254039835
1776286512,200,GET,GET /v1/timeline/home,236.000000,0.000000,110,130,140,150,170,200,220,230,260,280,280,56645,198,160.0,203.12821704249012,65.2688340000509,1279.631582999997,10703.894783299496
1776286512,200,GET,GET /v1/timeline/user/:id,93.100000,0.000000,110,130,140,150,170,200,220,230,250,250,250,22470,160,160.0,195.6740797128188,67.30812500001093,2119.679750000003,10897.516644414774
1776286512,200,POST,POST /v1/tweets,45.600000,0.000000,87,97,110,110,130,140,160,170,200,200,200,11164,0,110.0,132.8917421537981,65.28366599999913,587.9982920000089,214.55365460408456
1776286512,200,POST,POST /v1/tweets/:id/like,93.300000,0.000000,91,100,110,120,130,140,160,180,300,300,300,21984,0,130.0,158.68535406140757,65.42529099999683,1308.786375000011,0.0
1776286512,200,,Aggregated,468.000000,0.000000,99,120,130,140,160,180,220,230,250,300,300,112263,358,150.0,185.948501809232,65.2688340000509,2119.679750000003,7603.436537416602
1776286513,200,GET,GET /v1/timeline/home,236.600000,0.000000,100,130,140,150,170,200,220,230,260,280,280,56890,198,160.0,202.76131389955802,65.2688340000509,1279.631582999997,10704.063139391808
1776286513,200,GET,GET /v1/timeline/user/:id,96.900000,0.000000,110,130,140,150,170,200,220,230,260,260,260,22570,160,160.0,195.35820421032528,67.30812500001093,2119.679750000003,10897.594550287993
1776286513,200,POST,POST /v1/tweets,46.200000,0.000000,87,97,110,110,130,140,160,160,200,200,200,11211,0,110.0,132.76062789421124,65.28366599999913,587.9982920000089,214.55338506823657
1776286513,200,POST,POST /v1/tweets/:id/like,95.500000,0.000000,91,100,110,120,130,140,160,180,300,300,300,22066,0,120.0,158.4533710206192,65.42529099999683,1308.786375000011,0.0
1776286513,200,,Aggregated,475.200000,0.000000,99,120,130,140,160,180,220,230,260,300,300,112737,358,150.0,185.64568243820418,65.2688340000509,2119.679750000003,7604.5860631381
1776286514,200,GET,GET /v1/timeline/home,240.000000,0.000000,100,120,140,150,170,200,220,230,250,280,280,57140,198,160.0,202.36408688083378,65.2688340000509,1279.631582999997,10704.224693734686
1776286514,200,GET,GET /v1/timeline/user/:id,99.500000,0.000000,100,130,140,150,180,200,220,230,260,260,260,22658,160,160.0,195.0390563758073,67.30812500001093,2119.679750000003,10897.790890634655
1776286514,200,POST,POST /v1/tweets,46.900000,0.000000,87,97,110,110,130,140,150,160,200,200,200,11260,0,110.0,132.58144562557752,62.52783300004694,587.9982920000089,214.55328596802843
1776286514,200,POST,POST /v1/tweets/:id/like,96.700000,0.000000,91,100,110,120,130,150,160,180,300,300,300,22168,0,120.0,158.16259313496852,65.42529099999683,1308.786375000011,0.0
1776286514,200,,Aggregated,483.100000,0.000000,99,120,130,140,160,190,220,230,250,300,300,113226,358,150.0,185.3045617269341,62.52783300004694,2119.679750000003,7604.061037217601
1776286515,200,GET,GET /v1/timeline/home,240.500000,0.000000,110,120,140,150,170,200,220,230,250,280,280,57388,198,160.0,202.0050859848546,65.2688340000509,1279.631582999997,10704.390151251133
1776286515,200,GET,GET /v1/timeline/user/:id,99.100000,0.000000,110,130,140,150,170,200,220,240,260,260,260,22746,160,160.0,194.77579250510152,67.30812500001093,2119.679750000003,10897.780444913391
1776286515,200,POST,POST /v1/tweets,46.900000,0.000000,87,98,110,120,130,140,160,160,200,200,200,11300,0,110.0,132.46630499203565,62.52783300004694,587.9982920000089,214.55283185840707
1776286515,200,POST,POST /v1/tweets/:id/like,100.700000,0.000000,91,100,110,120,130,150,160,170,300,300,300,22276,0,120.0,157.89643718535567,65.42529099999683,1308.786375000011,0.0
1776286515,200,,Aggregated,487.200000,0.000000,99,120,130,140,160,190,220,230,250,300,300,113710,358,150.0,185.00754842996105,62.52783300004694,2119.679750000003,7603.6311933866855
1776286516,200,GET,GET /v1/timeline/home,238.600000,0.000000,110,120,140,150,170,200,220,230,250,280,280,57623,198,160.0,201.6947572778202,65.2688340000509,1279.631582999997,10704.538222584732
1776286516,200,GET,GET /v1/timeline/user/:id,98.000000,0.000000,110,130,140,150,170,200,220,230,260,260,260,22842,160,160.0,194.4638175031537,67.30812500001093,2119.679750000003,10897.96988004553
1776286516,200,POST,POST /v1/tweets,47.200000,0.000000,88,98,110,120,130,140,160,160,200,200,200,11348,0,110.0,132.31416199955956,62.52783300004694,587.9982920000089,214.55331335918223
1776286516,200,POST,POST /v1/tweets/:id/like,100.500000,0.000000,90,99,110,120,130,140,160,170,300,300,300,22368,0,120.0,157.6497663210829,65.42529099999683,1308.786375000011,0.0
1776286516,200,,Aggregated,484.300000,0.000000,99,120,130,140,160,180,210,230,250,300,300,114181,358,150.0,184.72434644527416,62.52783300004694,2119.679750000003,7603.662474492254
1776286517,200,GET,GET /v1/timeline/home,240.000000,0.000000,110,120,140,150,170,190,220,230,280,280,280,57892,198,160.0,201.2915492777557,65.2688340000509,1279.631582999997,10704.7163511366
1776286517,200,GET,GET /v1/timeline/user/:id,97.800000,0.000000,100,120,130,140,170,200,220,240,260,260,260,22941,160,160.0,194.12541021280853,67.30812500001093,2119.679750000003,10898.042456736846
1776286517,200,POST,POST /v1/tweets,46.100000,0.000000,87,98,110,120,130,140,160,170,200,200,200,11399,0,110.0,132.15681810167575,62.52783300004694,587.9982920000089,214.55320642161593
1776286517,200,POST,POST /v1/tweets/:id/like,99.600000,0.000000,90,98,110,120,130,140,160,170,300,300,300,22464,0,120.0,157.398768706908,65.42529099999683,1308.786375000011,0.0
1776286517,200,,Aggregated,483.500000,0.000000,98,120,130,140,160,180,210,230,260,300,300,114696,358,150.0,184.3905883051967,62.52783300004694,2119.679750000003,7604.233129315757
1776286518,200,GET,GET /v1/timeline/home,240.200000,0.000000,100,120,140,140,170,190,220,230,280,280,280,58139,198,160.0,200.9031084255118,65.2688340000509,1279.631582999997,10704.879426890728
1776286518,200,GET,GET /v1/timeline/user/:id,96.700000,0.000000,110,120,130,140,170,200,220,240,260,260,260,23022,160,160.0,193.8349788710816,67.30812500001093,2119.679750000003,10898.11124142125
1776286518,200,POST,POST /v1/tweets,46.200000,0.000000,87,96,110,110,130,140,160,160,170,170,170,11459,0,110.0,131.9396856908109,62.52783300004694,587.9982920000089,214.5531896326032
1776286518,200,POST,POST /v1/tweets/:id/like,99.800000,0.000000,90,98,110,120,130,140,160,160,240,300,300,22576,0,120.0,157.08405162663806,65.42529099999683,1308.786375000011,0.0
1776286518,200,,Aggregated,482.900000,0.000000,98,120,130,130,160,180,210,230,260,300,300,115196,358,150.0,184.0428583646552,62.52783300004694,2119.679750000003,7602.051000034723
1776286519,200,GET,GET /v1/timeline/home,240.700000,0.000000,100,120,130,140,170,190,220,230,250,280,280,58380,198,160.0,200.5472940133234,65.2688340000509,1279.631582999997,10705.031431997259
1776286519,200,GET,GET /v1/timeline/user/:id,96.200000,0.000000,100,120,130,140,170,200,220,240,260,260,260,23120,160,160.0,193.51685345415405,67.30812500001093,2119.679750000003,10898.195371972319
1776286519,200,POST,POST /v1/tweets,45.700000,0.000000,87,95,110,110,130,140,160,160,170,170,170,11510,0,110.0,131.78288484265875,62.52783300004694,587.9982920000089,214.55291051259775
1776286519,200,POST,POST /v1/tweets/:id/like,100.000000,0.000000,90,98,110,120,130,140,150,160,210,300,300,22680,0,120.0,156.8056768638881,65.42529099999683,1308.786375000011,0.0
1776286519,200,,Aggregated,482.600000,0.000000,97,110,130,130,160,180,210,220,250,300,300,115690,358,150.0,183.72577087189723,62.52783300004694,2119.679750000003,7601.30967240038
1776286520,200,GET,GET /v1/timeline/home,243.900000,0.000000,100,120,130,140,170,190,220,230,280,280,280,58639,198,150.0,200.1824157922511,65.2688340000509,1279.631582999997,10705.19662681833
1776286520,200,GET,GET /v1/timeline/user/:id,94.900000,0.000000,100,120,130,140,170,200,220,240,300,300,300,23215,160,160.0,193.18297250812137,67.30812500001093,2119.679750000003,10898.185052767607
1776286520,200,POST,POST /v1/tweets,46.600000,0.000000,86,95,110,110,130,140,150,160,170,170,170,11551,0,110.0,131.63601436741433,62.52783300004694,587.9982920000089,214.5526794216951
1776286520,200,POST,POST /v1/tweets/:id/like,100.800000,0.000000,89,96,100,110,130,140,150,160,210,300,300,22773,0,120.0,156.55777845773417,65.42529099999683,1308.786375000011,0.0
1776286520,200,,Aggregated,486.200000,0.000000,96,110,130,130,160,180,210,230,280,300,300,116178,358,140.0,183.41731891746983,62.52783300004694,2119.679750000003,7602.314457126134
1776286521,200,GET,GET /v1/timeline/home,242.700000,0.000000,100,120,130,140,170,190,220,230,280,280,280,58885,198,150.0,199.7972483312188,65.2688340000509,1279.631582999997,10705.354046021906
1776286521,200,GET,GET /v1/timeline/user/:id,94.200000,0.000000,100,120,130,140,170,200,230,240,300,300,300,23322,160,150.0,192.8137181460868,67.30812500001093,2119.679750000003,10898.181502444044
1776286521,200,POST,POST /v1/tweets,48.300000,0.000000,86,94,100,110,130,140,150,160,170,170,170,11591,0,110.0,131.48427382236238,62.52783300004694,587.9982920000089,214.5523250798033
1776286521,200,POST,POST /v1/tweets/:id/like,102.400000,0.000000,89,97,100,110,130,140,150,160,170,210,210,22877,0,120.0,156.26791774974774,65.42529099999683,1308.786375000011,0.0
1776286521,200,,Aggregated,487.600000,0.000000,96,110,130,130,160,180,210,230,280,300,300,116675,358,140.0,183.07981893998556,62.52783300004694,2119.679750000003,7602.648707949432
1776286522,200,GET,GET /v1/timeline/home,241.200000,0.000000,100,120,140,150,170,190,220,230,280,280,280,59107,198,150.0,199.49036786659502,65.2688340000509,1279.631582999997,10705.487742568563
1776286522,200,GET,GET /v1/timeline/user/:id,95.500000,0.000000,110,130,140,150,170,200,230,240,300,300,300,23430,160,150.0,192.47045921408608,67.30812500001093,2119.679750000003,10898.361416986769
1776286522,200,POST,POST /v1/tweets,47.500000,0.000000,86,94,100,110,130,140,150,160,170,170,170,11643,0,110.0,131.3102011867218,62.52783300004694,587.9982920000089,214.5522631624152
1776286522,200,POST,POST /v1/tweets/:id/like,103.100000,0.000000,89,97,110,110,130,140,150,160,210,210,210,22963,0,120.0,156.05284571314635,65.42529099999683,1308.786375000011,0.0
1776286522,200,,Aggregated,487.300000,0.000000,97,120,130,140,160,180,210,230,280,300,300,117143,358,140.0,182.79492757915358,62.52783300004694,2119.679750000003,7602.80942096412
1776286523,200,GET,GET /v1/timeline/home,244.600000,0.000000,100,120,140,150,170,190,220,230,280,280,280,59365,198,150.0,199.12149602942551,65.2688340000509,1279.631582999997,10705.640377326708
1776286523,200,GET,GET /v1/timeline/user/:id,94.500000,0.000000,100,130,140,140,170,190,220,230,300,300,300,23539,160,150.0,192.1011292347611,67.30812500001093,2119.679750000003,10898.445983261821
1776286523,200,POST,POST /v1/tweets,46.900000,0.000000,86,93,100,110,120,140,150,160,170,170,170,11682,0,110.0,131.17125161213855,62.52783300004694,587.9982920000089,214.55118986474918
1776286523,200,POST,POST /v1/tweets/:id/like,101.700000,0.000000,89,98,110,110,130,140,150,160,210,210,210,23061,0,120.0,155.7925707320143,65.42529099999683,1308.786375000011,0.0
1776286523,200,,Aggregated,487.700000,0.000000,97,110,130,140,160,180,210,230,280,300,300,117647,358,140.0,182.47631582469438,62.52783300004694,2119.679750000003,7603.978409989205
1776286524,200,GET,GET /v1/timeline/home,245.800000,0.000000,100,120,140,140,170,190,220,230,280,280,280,59616,198,150.0,198.74110121864646,65.2688340000509,1279.631582999997,10705.784822866344
1776286524,200,GET,GET /v1/timeline/user/:id,94.300000,0.000000,100,130,140,140,170,190,220,230,300,300,300,23636,160,150.0,191.77506141627356,67.30812500001093,2119.679750000003,10898.576112709427
1776286524,200,POST,POST /v1/tweets,46.400000,0.000000,86,93,100,110,120,130,140,160,170,170,170,11736,0,110.0,130.98502048168055,62.52783300004694,587.9982920000089,214.55138036809817
1776286524,200,POST,POST /v1/tweets/:id/like,100.900000,0.000000,88,97,110,110,130,140,150,160,210,210,210,23151,0,120.0,155.54933925571177,65.42529099999683,1308.786375000011,0.0
1776286524,200,,Aggregated,487.400000,0.000000,96,110,130,130,160,180,210,220,280,300,300,118139,358,140.0,182.15244580847826,62.52783300004694,2119.679750000003,7604.2017284723925
1776286525,200,GET,GET /v1/timeline/home,245.500000,0.000000,100,120,130,140,170,190,220,230,280,290,290,59867,198,150.0,198.38412267066715,65.2688340000509,1279.631582999997,10705.937327743164
1776286525,200,GET,GET /v1/timeline/user/:id,95.800000,0.000000,100,120,130,140,170,190,210,230,300,300,300,23733,160,150.0,191.4784508673172,67.30812500001093,2119.679750000003,10898.747777356424
1776286525,200,POST,POST /v1/tweets,47.500000,0.000000,85,92,100,110,120,130,150,160,170,170,170,11781,0,110.0,130.83250818037536,62.52783300004694,587.9982920000089,214.55114166878872
1776286525,200,POST,POST /v1/tweets/:id/like,98.000000,0.000000,88,96,100,110,130,140,150,150,210,210,210,23243,0,120.0,155.31022709835148,65.42529099999683,1308.786375000011,0.0
1776286525,200,,Aggregated,486.800000,0.000000,96,110,130,130,160,180,210,220,280,300,300,118624,358,140.0,181.85387218167278,62.52783300004694,2119.679750000003,7604.86881238198
1776286526,200,GET,GET /v1/timeline/home,245.200000,0.000000,100,120,130,140,170,190,210,220,280,290,290,60105,198,150.0,198.04627035622397,65.2688340000509,1279.631582999997,10706.0803593711
1776286526,200,GET,GET /v1/timeline/user/:id,97.500000,0.000000,100,120,130,140,170,190,210,230,300,300,300,23831,160,150.0,191.14662881066826,67.30812500001093,2119.679750000003,10898.815198690781
1776286526,200,POST,POST /v1/tweets,46.700000,0.000000,85,91,98,100,120,130,150,160,170,170,170,11843,0,110.0,130.6349559060206,62.52783300004694,587.9982920000089,214.55078949590475
1776286526,200,POST,POST /v1/tweets/:id/like,98.100000,0.000000,88,95,100,110,130,140,150,150,210,210,210,23336,0,120.0,155.06144889458275,65.42529099999683,1308.786375000011,0.0
1776286526,200,,Aggregated,487.500000,0.000000,95,110,120,130,150,180,200,220,280,300,300,119115,358,140.0,181.54229228180145,62.52783300004694,2119.679750000003,7604.076312806951
1776286527,200,GET,GET /v1/timeline/home,245.200000,0.000000,100,120,130,140,170,180,210,220,280,290,290,60336,198,150.0,197.71493825419043,65.2688340000509,1279.631582999997,10706.218227923628
1776286527,200,GET,GET /v1/timeline/user/:id,96.900000,0.000000,100,120,130,140,160,190,210,230,300,300,300,23927,160,150.0,190.84362070138468,67.30812500001093,2119.679750000003,10898.965102185815
1776286527,200,POST,POST /v1/tweets,47.300000,0.000000,86,91,99,100,120,130,150,160,170,170,170,11888,0,110.0,130.48882312079425,62.52783300004694,587.9982920000089,214.54988223418573
1776286527,200,POST,POST /v1/tweets/:id/like,97.100000,0.000000,88,95,100,110,130,140,150,150,210,210,210,23455,0,120.0,154.7620000723932,65.42529099999683,1308.786375000011,0.0
1776286527,200,,Aggregated,486.500000,0.000000,95,110,120,130,150,170,200,220,260,300,300,119606,358,140.0,181.23537003147646,62.52783300004694,2119.679750000003,7602.465511763624
1776286528,200,GET,GET /v1/timeline/home,247.100000,0.000000,100,120,130,140,170,190,210,220,280,290,290,60579,198,150.0,197.38018058526606,65.2688340000509,1279.631582999997,10706.356872843724
1776286528,200,GET,GET /v1/timeline/user/:id,97.900000,0.000000,100,120,130,140,170,190,220,230,300,300,300,24025,160,150.0,190.53743193307102,67.30812500001093,2119.679750000003,10898.866139438085
1776286528,200,POST,POST /v1/tweets,47.900000,0.000000,86,93,100,100,120,130,150,160,170,170,170,11943,0,110.0,130.32988495126872,62.52783300004694,587.9982920000089,214.54969438164616
1776286528,200,POST,POST /v1/tweets/:id/like,96.300000,0.000000,88,96,100,110,130,140,150,150,210,210,210,23553,0,120.0,154.53656241565753,65.42529099999683,1308.786375000011,0.0
1776286528,200,,Aggregated,489.200000,0.000000,96,110,130,130,160,180,200,220,260,300,300,120100,358,140.0,180.94159227656758,62.52783300004694,2119.679750000003,7601.8985761865115
1776286529,200,GET,GET /v1/timeline/home,245.700000,0.000000,100,120,130,140,160,180,210,220,280,290,290,60850,198,150.0,196.98528403925775,65.2688340000509,1279.631582999997,10706.511766639276
1776286529,200,GET,GET /v1/timeline/user/:id,97.600000,0.000000,100,120,130,140,160,180,210,230,300,300,300,24112,160,150.0,190.22825139204673,67.30812500001093,2119.679750000003,10898.893372594559
1776286529,200,POST,POST /v1/tweets,48.600000,0.000000,86,93,99,100,120,130,150,160,170,170,170,12009,0,110.0,130.1402108568575,62.52783300004694,587.9982920000089,214.54925472562246
1776286529,200,POST,POST /v1/tweets/:id/like,96.400000,0.000000,89,98,100,110,130,140,150,150,190,190,190,23637,0,120.0,154.34651236231258,65.42529099999683,1308.786375000011,0.0
1776286529,200,,Aggregated,488.300000,0.000000,96,110,120,130,150,170,200,220,260,300,300,120608,358,140.0,180.62218456687577,62.52783300004694,2119.679750000003,7601.9988723799415
1776286530,200,GET,GET /v1/timeline/home,243.200000,0.000000,100,120,130,140,160,180,200,220,250,290,290,61086,198,150.0,196.664940145137,65.2688340000509,1279.631582999997,10706.646351046065
1776286530,200,GET,GET /v1/timeline/user/:id,99.300000,0.000000,100,120,130,140,160,180,210,220,260,260,260,24212,160,150.0,189.9474056364626,67.30812500001093,2119.679750000003,10899.000206509168
1776286530,200,POST,POST /v1/tweets,48.500000,0.000000,86,93,99,100,120,130,140,160,170,170,170,12058,0,110.0,129.98144184126735,62.52783300004694,587.9982920000089,214.5493448333057
1776286530,200,POST,POST /v1/tweets/:id/like,98.500000,0.000000,89,98,110,110,130,140,150,150,190,190,190,23735,0,120.0,154.11462237737447,65.42529099999683,1308.786375000011,0.0
1776286530,200,,Aggregated,489.500000,0.000000,96,110,120,130,150,170,200,210,240,290,290,121091,358,140.0,180.34129627160348,62.52783300004694,2119.679750000003,7601.71959930961
1776286531,200,GET,GET /v1/timeline/home,244.700000,0.000000,100,120,130,140,170,180,210,220,250,290,290,61346,198,150.0,196.31885677629882,65.2688340000509,1279.631582999997,10706.789619535097
1776286531,200,GET,GET /v1/timeline/user/:id,99.200000,0.000000,100,120,130,140,160,180,210,220,260,260,260,24307,160,150.0,189.6527793733505,67.30812500001093,2119.679750000003,10899.054346484552
1776286531,200,POST,POST /v1/tweets,48.200000,0.000000,87,93,99,100,120,130,140,160,170,170,170,12109,0,110.0,129.81772728061785,62.52783300004694,587.9982920000089,214.54950862994468
1776286531,200,POST,POST /v1/tweets/:id/like,97.200000,0.000000,89,98,110,110,130,140,150,150,190,190,190,23823,0,120.0,153.89109978478695,65.42529099999683,1308.786375000011,0.0
1776286531,200,,Aggregated,489.300000,0.000000,97,110,120,130,150,170,200,210,240,290,290,121585,358,140.0,180.04998335189998,62.52783300004694,2119.679750000003,7602.418143685488
1776286532,200,GET,GET /v1/timeline/home,244.900000,0.000000,100,120,130,140,160,190,210,220,250,290,290,61600,198,150.0,195.98837853377964,65.2688340000509,1279.631582999997,10706.94137987013
1776286532,200,GET,GET /v1/timeline/user/:id,99.200000,0.000000,100,120,130,140,160,180,210,230,260,260,260,24393,160,150.0,189.40083030902446,67.30812500001093,2119.679750000003,10899.076087402123
1776286532,200,POST,POST /v1/tweets,50.000000,0.000000,87,93,99,100,120,130,140,160,170,170,170,12157,0,110.0,129.681379707247,62.52783300004694,587.9982920000089,214.54955992432343
1776286532,200,POST,POST /v1/tweets/:id/like,95.200000,0.000000,89,98,100,110,130,140,150,150,190,190,190,23925,0,120.0,153.64355090603885,65.42529099999683,1308.786375000011,0.0
1776286532,200,,Aggregated,489.300000,0.000000,96,110,120,130,150,170,200,210,240,290,290,122075,358,140.0,179.76978955508278,62.52783300004694,2119.679750000003,7602.0236002457505
1776286533,200,GET,GET /v1/timeline/home,243.500000,0.000000,100,120,130,140,160,190,210,220,290,310,310,61852,198,150.0,195.66558964576453,65.2688340000509,1279.631582999997,10707.071929767833
1776286533,200,GET,GET /v1/timeline/user/:id,99.200000,0.000000,100,120,130,140,170,180,210,230,260,260,260,24499,160,150.0,189.07140503114547,67.30812500001093,2119.679750000003,10899.19033429936
1776286533,200,POST,POST /v1/tweets,50.500000,0.000000,87,93,99,110,120,140,140,160,170,170,170,12204,0,110.0,129.52471506374977,62.52783300004694,587.9982920000089,214.54941002949852
1776286533,200,POST,POST /v1/tweets/:id/like,96.200000,0.000000,89,98,100,110,130,140,150,150,190,190,190,24017,0,120.0,153.4149495623093,65.42529099999683,1308.786375000011,0.0
1776286533,200,,Aggregated,489.400000,0.000000,96,110,120,130,150,180,200,220,260,310,310,122572,358,140.0,179.48352697927547,62.52783300004694,2119.679750000003,7602.808455438436
1776286534,200,GET,GET /v1/timeline/home,244.200000,0.000000,100,120,130,140,160,190,210,220,290,310,310,62047,198,150.0,195.41777560249187,65.2688340000509,1279.631582999997,10707.175189775493
1776286534,200,GET,GET /v1/timeline/user/:id,98.600000,0.000000,110,120,130,140,160,180,210,220,260,260,260,24610,160,150.0,188.75466166830688,67.30812500001093,2119.679750000003,10899.1681023974
1776286534,200,POST,POST /v1/tweets,51.000000,0.000000,87,93,100,110,120,140,150,160,170,170,170,12246,0,110.0,129.4254025782298,62.52783300004694,587.9982920000089,214.54973052425282
1776286534,200,POST,POST /v1/tweets/:id/like,93.900000,0.000000,91,100,110,110,130,140,150,160,190,190,190,24126,0,120.0,153.2191789500117,65.42529099999683,1308.786375000011,0.0
1776286534,200,,Aggregated,487.700000,0.000000,98,110,130,130,150,170,200,210,260,310,310,123029,358,140.0,179.24105973214242,62.52783300004694,2119.679750000003,7601.492347332743
1776286535,200,GET,GET /v1/timeline/home,246.600000,0.000000,100,120,130,140,160,190,210,220,280,310,310,62302,198,150.0,195.05974679619936,65.2688340000509,1279.631582999997,10707.31604121858
1776286535,200,GET,GET /v1/timeline/user/:id,95.600000,0.000000,110,120,130,140,160,180,210,220,260,260,260,24702,160,150.0,188.4702095762705,67.30812500001093,2119.679750000003,10899.322888834911
1776286535,200,POST,POST /v1/tweets,50.800000,0.000000,88,95,100,110,130,140,150,160,220,220,220,12304,0,110.0,129.30549429169403,62.52783300004694,587.9982920000089,214.54917100130038
1776286535,200,POST,POST /v1/tweets/:id/like,95.000000,0.000000,91,100,110,120,130,140,150,160,190,190,190,24238,0,120.0,152.96153191137805,65.42529099999683,1308.786375000011,0.0
1776286535,200,,Aggregated,488.000000,0.000000,98,110,130,130,150,170,200,220,260,310,310,123546,358,140.0,178.93464680428957,62.52783300004694,2119.679750000003,7600.101104042219
1776286536,200,GET,GET /v1/timeline/home,247.800000,0.000000,100,120,130,140,160,190,210,220,280,310,310,62542,198,150.0,194.7648928475396,65.2688340000509,1279.631582999997,10707.442374724185
1776286536,200,GET,GET /v1/timeline/user/:id,94.900000,0.000000,110,120,130,140,160,190,210,230,250,250,250,24799,160,150.0,188.188102935926,67.30812500001093,2119.679750000003,10899.49792330336
1776286536,200,POST,POST /v1/tweets,52.200000,0.000000,88,95,110,110,130,140,150,160,220,220,220,12348,0,110.0,129.19724811159725,62.52783300004694,587.9982920000089,214.54964366699062
1776286536,200,POST,POST /v1/tweets/:id/like,95.100000,0.000000,92,100,110,120,130,140,160,160,190,190,190,24334,0,120.0,152.77693574549943,65.42529099999683,1308.786375000011,0.0
1776286536,200,,Aggregated,490.000000,0.000000,98,110,130,130,150,180,210,220,260,310,310,124023,358,140.0,178.68350440879277,62.52783300004694,2119.679750000003,7600.290018786838
1776286537,200,GET,GET /v1/timeline/home,242.800000,0.000000,100,120,130,140,160,190,210,230,280,310,310,62782,198,150.0,194.46369953919628,65.2688340000509,1279.631582999997,10707.5722181517
1776286537,200,GET,GET /v1/timeline/user/:id,97.800000,0.000000,110,120,140,140,160,180,210,230,250,250,250,24898,160,150.0,187.91816495509798,67.30812500001093,2119.679750000003,10899.52209012772
1776286537,200,POST,POST /v1/tweets,51.400000,0.000000,89,98,110,110,130,140,160,170,220,220,220,12391,0,110.0,129.10088633677688,62.52783300004694,587.9982920000089,214.54959244613025
1776286537,200,POST,POST /v1/tweets/:id/like,97.800000,0.000000,92,100,110,120,130,150,160,170,190,190,190,24436,0,120.0,152.56678937935766,65.42529099999683,1308.786375000011,0.0
1776286537,200,,Aggregated,489.800000,0.000000,99,120,130,130,150,180,210,220,260,310,310,124507,358,140.0,178.42705714051985,62.52783300004694,2119.679750000003,7600.195844410355
1776286538,200,GET,GET /v1/timeline/home,241.700000,0.000000,100,120,130,140,170,190,220,230,280,310,310,63051,198,150.0,194.14765529469497,65.2688340000509,1279.631582999997,10707.705064154414
1776286538,200,GET,GET /v1/timeline/user/:id,96.500000,0.000000,110,120,140,140,160,190,210,230,250,250,250,24987,160,150.0,187.67542910357486,67.30812500001093,2119.679750000003,10899.6205626926
1776286538,200,POST,POST /v1/tweets,51.800000,0.000000,89,97,110,110,120,140,160,170,220,220,220,12428,0,110.0,128.99170886103977,62.52783300004694,587.9982920000089,214.54916317991632
1776286538,200,POST,POST /v1/tweets/:id/like,98.500000,0.000000,92,100,110,120,130,150,160,170,190,190,190,24525,0,120.0,152.38060418695142,65.42529099999683,1308.786375000011,0.0
1776286538,200,,Aggregated,488.500000,0.000000,99,120,130,130,160,180,210,220,260,310,310,124991,358,140.0,178.1799732493277,62.52783300004694,2119.679750000003,7601.721307934171
1776286539,200,GET,GET /v1/timeline/home,242.200000,0.000000,100,120,130,140,170,200,220,230,260,310,310,63306,198,150.0,193.79907943256268,65.2688340000509,1279.631582999997,10707.844043218653
1776286539,200,GET,GET /v1/timeline/user/:id,96.500000,0.000000,110,120,130,140,160,180,210,230,250,250,250,25086,160,150.0,187.35362700857146,67.30812500001093,2119.679750000003,10899.600932791198
1776286539,200,POST,POST /v1/tweets,50.500000,0.000000,89,98,110,110,130,140,160,170,220,220,220,12486,0,110.0,128.81721718084268,62.52783300004694,587.9982920000089,214.54925516578567
1776286539,200,POST,POST /v1/tweets/:id/like,98.800000,0.000000,92,100,110,120,140,150,160,170,190,190,190,24620,0,120.0,152.17096057652242,65.42529099999683,1308.786375000011,0.0
1776286539,200,,Aggregated,488.000000,0.000000,99,120,130,130,160,180,210,220,260,310,310,125498,358,140.0,177.87899753628503,62.52783300004694,2119.679750000003,7601.531705684552
1776286541,200,GET,GET /v1/timeline/home,242.600000,0.000000,100,120,130,140,170,200,220,230,260,310,310,63518,198,150.0,193.53794794146242,65.2688340000509,1279.631582999997,10707.9471488397
1776286541,200,GET,GET /v1/timeline/user/:id,95.800000,0.000000,110,120,130,140,170,190,210,230,250,250,250,25174,160,150.0,187.1199137786217,67.30812500001093,2119.679750000003,10899.626439977756
1776286541,200,POST,POST /v1/tweets,49.800000,0.000000,89,99,110,120,130,140,160,170,220,220,220,12539,0,110.0,128.68235846255695,62.52783300004694,587.9982920000089,214.54900709785468
1776286541,200,POST,POST /v1/tweets/:id/like,97.500000,0.000000,92,100,110,120,130,150,160,170,190,190,190,24700,0,120.0,152.00382851287372,65.42529099999683,1308.786375000011,0.0
1776286541,200,,Aggregated,485.700000,0.000000,100,120,130,130,160,180,210,220,260,310,310,125931,358,140.0,177.6507988012379,62.52783300004694,2119.679750000003,7601.1848790210515
1776286542,200,GET,GET /v1/timeline/home,244.300000,0.000000,100,120,130,140,160,190,220,230,260,300,300,63785,198,150.0,193.19365779984022,65.2688340000509,1279.631582999997,10708.08284079329
1776286542,200,GET,GET /v1/timeline/user/:id,96.600000,0.000000,110,120,130,140,160,190,210,220,250,250,250,25282,160,150.0,186.82531491140037,67.30812500001093,2119.679750000003,10899.724942646943
1776286542,200,POST,POST /v1/tweets,47.500000,0.000000,89,99,110,120,130,140,160,170,220,220,220,12581,0,110.0,128.57829575773005,62.52783300004694,587.9982920000089,214.54908194897067
1776286542,200,POST,POST /v1/tweets/:id/like,98.000000,0.000000,92,100,120,120,140,150,160,180,200,200,200,24807,0,120.0,151.77639820639263,65.42529099999683,1308.786375000011,0.0
1776286542,200,,Aggregated,486.400000,0.000000,100,120,130,130,160,180,210,220,250,300,300,126455,358,140.0,177.36693466914468,62.52783300004694,2119.679750000003,7601.764675180894
1776286543,200,GET,GET /v1/timeline/home,241.600000,0.000000,100,120,130,140,160,190,210,220,250,260,260,64006,198,150.0,192.94382971874214,65.2688340000509,1279.631582999997,10708.193950567134
1776286543,200,GET,GET /v1/timeline/user/:id,95.500000,0.000000,110,130,140,140,160,190,210,230,250,250,250,25392,160,150.0,186.5559366358312,67.30812500001093,2119.679750000003,10899.77579552615
1776286543,200,POST,POST /v1/tweets,48.100000,0.000000,90,100,110,120,130,140,160,170,220,220,220,12633,0,110.0,128.4404342509303,62.52783300004694,587.9982920000089,214.5488007599145
1776286543,200,POST,POST /v1/tweets/:id/like,95.600000,0.000000,93,110,120,120,140,150,170,180,200,200,200,24905,0,120.0,151.5988235550285,65.42529099999683,1308.786375000011,0.0
1776286543,200,,Aggregated,480.800000,0.000000,100,120,130,140,160,180,210,220,250,260,260,126936,358,140.0,177.1345230239231,62.52783300004694,2119.679750000003,7601.20189701897
1776286544,200,GET,GET /v1/timeline/home,241.600000,0.000000,100,120,140,150,170,200,230,470,880,880,880,64052,198,150.0,193.1294486475022,65.2688340000509,1279.631582999997,10708.216371073502
1776286544,200,GET,GET /v1/timeline/user/:id,95.500000,0.000000,110,130,140,150,170,200,230,400,850,850,850,25407,160,150.0,186.70669586684872,67.30812500001093,2119.679750000003,10899.798716889047
1776286544,200,POST,POST /v1/tweets,48.100000,0.000000,89,99,110,120,130,150,200,460,890,890,890,12639,0,110.0,128.59626916172184,62.52783300004694,891.6423339999824,214.54885671334756
1776286544,200,POST,POST /v1/tweets/:id/like,95.600000,0.000000,92,100,120,120,140,160,180,210,890,890,890,24917,0,120.0,151.77070164666637,65.42529099999683,1308.786375000011,0.0
1776286544,200,,Aggregated,480.800000,0.000000,100,120,130,140,160,190,220,410,880,890,890,127015,358,140.0,177.30963496849733,62.52783300004694,2119.679750000003,7601.665504074322
1776286545,200,GET,GET /v1/timeline/home,238.900000,0.000000,110,130,150,160,230,630,870,1000,1200,1200,1200,64202,198,150.0,194.26695768855808,65.2688340000509,1279.631582999997,10708.291875642504
1776286545,200,GET,GET /v1/timeline/user/:id,99.400000,0.000000,120,140,150,160,230,610,830,860,1300,1300,1300,25470,160,150.0,187.7897888289763,67.30812500001093,2119.679750000003,10899.839183352964
1776286545,200,POST,POST /v1/tweets,47.400000,0.000000,90,100,110,120,150,460,860,1000,1200,1200,1200,12660,0,110.0,129.45043478293854,62.52783300004694,1170.6487090000337,214.54936808846762
1776286545,200,POST,POST /v1/tweets/:id/like,97.400000,0.000000,97,110,130,140,180,580,850,990,1100,1100,1100,24975,0,120.0,152.82967016240184,65.42529099999683,1308.786375000011,0.0
1776286545,200,,Aggregated,483.100000,0.000000,110,130,140,160,220,610,850,990,1200,1300,1300,127307,358,140.0,178.39629129311587,62.52783300004694,2119.679750000003,7602.322370333131
1776286546,200,GET,GET /v1/timeline/home,219.300000,0.000000,120,140,170,190,320,640,870,1000,1200,1200,1200,64395,198,150.0,194.35624332272388,65.2688340000509,1279.631582999997,10708.386536221757
1776286546,200,GET,GET /v1/timeline/user/:id,90.600000,0.000000,120,150,170,200,320,610,830,860,1300,1300,1300,25555,160,150.0,187.94754297816567,67.30812500001093,2119.679750000003,10899.995578164742
1776286546,200,POST,POST /v1/tweets,43.200000,0.000000,92,110,120,140,250,460,860,1000,1200,1200,1200,12700,0,110.0,129.67798502448835,62.52783300004694,1170.6487090000337,214.54897637795276
1776286546,200,POST,POST /v1/tweets/:id/like,89.800000,0.000000,100,120,140,160,290,580,850,990,1100,1100,1100,25062,0,120.0,152.99393368342456,65.42529099999683,1308.786375000011,0.0
1776286546,200,,Aggregated,442.900000,0.000000,110,140,160,180,310,610,850,1000,1200,1300,1300,127712,358,140.0,178.5252296210121,62.52783300004694,2119.679750000003,7601.7970903282385
1776286547,200,GET,GET /v1/timeline/home,210.000000,0.000000,110,140,160,190,320,640,870,1000,1200,1200,1200,64642,198,150.0,194.03327959275376,65.2688340000509,1279.631582999997,10708.51769747223
1776286547,200,GET,GET /v1/timeline/user/:id,82.700000,0.000000,120,140,170,200,320,610,840,860,1300,1300,1300,25642,160,150.0,187.67978250421268,67.30812500001093,2119.679750000003,10900.066141486623
1776286547,200,POST,POST /v1/tweets,39.800000,0.000000,92,110,120,130,250,460,860,1000,1200,1200,1200,12754,0,110.0,129.55215901677923,62.52783300004694,1170.6487090000337,214.5491610475145
1776286547,200,POST,POST /v1/tweets/:id/like,81.100000,0.000000,100,120,140,150,290,580,850,990,1100,1100,1100,25168,0,120.0,152.78214591191139,65.42529099999683,1308.786375000011,0.0
1776286547,200,,Aggregated,413.600000,0.000000,110,130,160,180,310,610,850,1000,1200,1300,1300,128206,358,140.0,178.24995340950295,62.52783300004694,2119.679750000003,7600.703999812801
1776286548,200,GET,GET /v1/timeline/home,203.400000,0.000000,110,140,160,190,330,650,880,1000,1200,1200,1200,64877,198,150.0,193.7247137895216,65.2688340000509,1279.631582999997,10708.635618169767
1776286548,200,GET,GET /v1/timeline/user/:id,83.500000,0.000000,120,140,170,200,320,610,830,860,1300,1300,1300,25743,160,150.0,187.38470595124963,67.30812500001093,2119.679750000003,10900.148778308667
1776286548,200,POST,POST /v1/tweets,38.600000,0.000000,92,110,120,130,250,460,860,1000,1200,1200,1200,12797,0,110.0,129.4238570057046,62.52783300004694,1170.6487090000337,214.5493475033211
1776286548,200,POST,POST /v1/tweets/:id/like,80.900000,0.000000,100,120,130,150,280,570,850,990,1100,1100,1100,25272,0,120.0,152.54640046225023,65.42529099999683,1308.786375000011,0.0
1776286548,200,,Aggregated,406.400000,0.000000,110,130,150,180,310,610,850,1000,1200,1300,1300,128689,358,140.0,177.9756814678001,62.52783300004694,2119.679750000003,7600.434155211401
1776286549,200,GET,GET /v1/timeline/home,203.300000,0.000000,110,140,160,190,330,650,880,1000,1200,1200,1200,65128,198,150.0,193.39787273742175,65.2688340000509,1279.631582999997,10708.752610244443
1776286549,200,GET,GET /v1/timeline/user/:id,82.400000,0.000000,120,140,170,200,320,610,840,860,1300,1300,1300,25834,160,150.0,187.1182593549981,67.30812500001093,2119.679750000003,10900.121351707052
1776286549,200,POST,POST /v1/tweets,39.100000,0.000000,93,110,120,130,250,460,860,1000,1200,1200,1200,12845,0,110.0,129.2750655039317,62.52783300004694,1170.6487090000337,214.54939665239394
1776286549,200,POST,POST /v1/tweets/:id/like,81.300000,0.000000,99,120,130,150,280,570,850,990,1100,1100,1100,25371,0,120.0,152.31178172011298,65.42529099999683,1308.786375000011,0.0
1776286549,200,,Aggregated,406.100000,0.000000,110,130,150,180,310,610,850,1000,1200,1300,1300,129178,358,140.0,177.69643591198758,62.52783300004694,2119.679750000003,7600.282261685426
1776286550,200,GET,GET /v1/timeline/home,203.600000,0.000000,120,140,170,200,330,650,880,1000,1200,1200,1200,65333,198,150.0,193.21731907906877,65.2688340000509,1279.631582999997,10708.850489033108
1776286550,200,GET,GET /v1/timeline/user/:id,82.500000,0.000000,120,150,180,200,320,610,840,860,1300,1300,1300,25916,160,150.0,186.94594651354444,67.30812500001093,2119.679750000003,10900.263196480939
1776286550,200,POST,POST /v1/tweets,39.300000,0.000000,93,110,120,130,260,460,860,1000,1200,1200,1200,12880,0,110.0,129.1969487337735,62.52783300004694,1170.6487090000337,214.54930124223603
1776286550,200,POST,POST /v1/tweets/:id/like,81.700000,0.000000,100,120,130,150,280,560,850,990,1100,1100,1100,25463,0,120.0,152.1855072189446,65.42529099999683,1308.786375000011,0.0
1776286550,200,,Aggregated,407.100000,0.000000,110,130,160,190,310,610,850,1000,1200,1300,1300,129592,358,140.0,177.53807740635764,62.52783300004694,2119.679750000003,7599.974882708809
1776286551,200,GET,GET /v1/timeline/home,201.800000,0.000000,120,150,190,220,330,650,880,1000,1200,1200,1200,65570,198,150.0,193.109234928455,65.2688340000509,1279.631582999997,10708.966631081286
1776286551,200,GET,GET /v1/timeline/user/:id,83.300000,0.000000,130,160,200,220,330,620,840,860,1300,1300,1300,26005,160,150.0,186.86343095766273,67.30812500001093,2119.679750000003,10900.34312632186
1776286551,200,POST,POST /v1/tweets,40.600000,0.000000,99,110,130,150,260,460,860,1000,1200,1200,1200,12930,0,110.0,129.24107270123764,62.52783300004694,1170.6487090000337,214.5494972931168
1776286551,200,POST,POST /v1/tweets/:id/like,82.700000,0.000000,110,130,150,180,280,570,850,990,1100,1100,1100,25552,0,120.0,152.15432581692178,65.42529099999683,1308.786375000011,0.0
1776286551,200,,Aggregated,408.400000,0.000000,120,140,180,210,320,620,850,1000,1200,1300,1300,130057,358,140.0,177.4644229807984,62.52783300004694,2119.679750000003,7599.933029364048
1776286552,200,GET,GET /v1/timeline/home,201.800000,0.000000,120,160,210,240,350,730,890,1100,1200,1200,1200,65570,198,150.0,193.109234928455,65.2688340000509,1279.631582999997,10708.966631081286
1776286552,200,GET,GET /v1/timeline/user/:id,83.300000,0.000000,130,170,220,250,350,680,850,860,1300,1300,1300,26005,160,150.0,186.86343095766273,67.30812500001093,2119.679750000003,10900.34312632186
1776286552,200,POST,POST /v1/tweets,40.600000,0.000000,100,120,140,180,280,560,890,1000,1200,1200,1200,12930,0,110.0,129.24107270123764,62.52783300004694,1170.6487090000337,214.5494972931168
1776286552,200,POST,POST /v1/tweets/:id/like,82.700000,0.000000,110,130,160,200,320,600,860,990,1100,1100,1100,25552,0,120.0,152.15432581692178,65.42529099999683,1308.786375000011,0.0
1776286552,200,,Aggregated,408.400000,0.000000,120,150,200,230,340,670,860,1000,1200,1300,1300,130057,358,140.0,177.4644229807984,62.52783300004694,2119.679750000003,7599.933029364048
1776286553,200,GET,GET /v1/timeline/home,198.400000,0.000000,130,170,230,280,760,1100,1200,1300,1400,1500,1500,65682,198,150.0,194.50676334365272,65.2688340000509,1451.7896659999678,10709.021710666544
1776286553,200,GET,GET /v1/timeline/user/:id,80.600000,0.000000,130,190,240,290,800,1000,1100,1200,1400,1400,1400,26056,160,150.0,188.30276396511422,67.30812500001093,2119.679750000003,10900.460853546208
1776286553,200,POST,POST /v1/tweets,36.900000,0.000000,100,130,160,230,610,1000,1100,1100,1200,1200,1200,12956,0,110.0,130.68538541177855,62.52783300004694,1170.6487090000337,214.54908922506948
1776286553,200,POST,POST /v1/tweets/:id/like,83.600000,0.000000,110,130,180,230,550,920,1100,1100,1100,1100,1100,25591,0,120.0,153.2826168044619,65.42529099999683,1308.786375000011,0.0
1776286553,200,,Aggregated,399.500000,0.000000,120,160,220,270,700,1000,1100,1200,1400,1500,1500,130285,358,140.0,178.82200827302236,62.52783300004694,2119.679750000003,7600.200099781248
1776286554,200,GET,GET /v1/timeline/home,179.000000,0.000000,120,150,190,230,340,940,1100,1300,1400,1500,1500,65883,198,150.0,194.3975869588939,65.2688340000509,1451.7896659999678,10709.115204225673
1776286554,200,GET,GET /v1/timeline/user/:id,72.400000,0.000000,120,160,210,240,350,990,1100,1100,1400,1400,1400,26119,160,150.0,188.21633124510967,67.30812500001093,2119.679750000003,10900.461120257283
1776286554,200,POST,POST /v1/tweets,34.900000,0.000000,100,120,140,180,310,920,1100,1100,1100,1100,1100,13004,0,110.0,130.76111870524474,62.52783300004694,1170.6487090000337,214.54921562596124
1776286554,200,POST,POST /v1/tweets/:id/like,74.500000,0.000000,110,120,150,180,310,710,1100,1100,1100,1100,1100,25662,0,120.0,153.19579137510655,65.42529099999683,1308.786375000011,0.0
1776286554,200,,Aggregated,360.800000,0.000000,110,140,180,220,340,920,1100,1100,1400,1500,1500,130668,358,140.0,178.7373080120208,62.52783300004694,2119.679750000003,7599.777902776502
1776286555,200,GET,GET /v1/timeline/home,159.100000,0.000000,120,140,180,230,540,980,1100,1300,1400,1500,1500,66012,198,150.0,195.00985344006878,65.2688340000509,1451.7896659999678,10709.175907410774
1776286555,200,GET,GET /v1/timeline/user/:id,62.500000,0.000000,120,150,190,230,530,1000,1100,1100,1400,1400,1400,26177,160,150.0,188.8685938227458,67.30812500001093,2119.679750000003,10900.474347709822
1776286555,200,POST,POST /v1/tweets,30.600000,0.000000,98,110,130,150,490,980,1100,1100,1100,1100,1100,13025,0,110.0,131.3020485364301,62.52783300004694,1170.6487090000337,214.54925143953935
1776286555,200,POST,POST /v1/tweets/:id/like,66.000000,0.000000,100,120,140,160,470,740,1100,1100,1100,1100,1100,25718,0,120.0,153.9365475629514,65.42529099999683,1308.786375000011,0.0
1776286555,200,,Aggregated,318.200000,0.000000,110,140,160,220,520,930,1100,1100,1400,1500,1500,130932,358,140.0,179.37672179600648,62.52783300004694,2119.679750000003,7599.901788714753
1776286556,200,GET,GET /v1/timeline/home,180.500000,0.000000,130,190,240,310,570,990,1100,1300,1400,1500,1500,66231,198,150.0,195.34268746571576,65.2688340000509,1451.7896659999678,10709.284700517885
1776286556,200,GET,GET /v1/timeline/user/:id,70.400000,0.000000,130,190,260,360,580,1000,1100,1100,1400,1400,1400,26252,160,150.0,189.30649986332546,67.30812500001093,2119.679750000003,10900.545520341308
1776286556,200,POST,POST /v1/tweets,35.900000,0.000000,100,140,210,270,550,980,1100,1100,1100,1100,1100,13072,0,110.0,131.80329936582018,62.52783300004694,1170.6487090000337,214.54949510403918
1776286556,200,POST,POST /v1/tweets/:id/like,74.000000,0.000000,110,140,210,260,570,900,1100,1100,1100,1100,1100,25795,0,120.0,154.30487863996836,65.42529099999683,1308.786375000011,0.0
1776286556,200,,Aggregated,360.800000,0.000000,120,170,240,300,570,940,1100,1100,1400,1500,1500,131350,358,140.0,179.75365696065282,62.52783300004694,2119.679750000003,7599.941735820327
1776286557,200,GET,GET /v1/timeline/home,180.500000,0.000000,150,220,260,330,580,990,1100,1300,1400,1500,1500,66435,198,150.0,195.31421024116557,65.2688340000509,1451.7896659999678,10709.38585083164
1776286557,200,GET,GET /v1/timeline/user/:id,70.500000,0.000000,150,220,290,380,590,1000,1100,1200,1400,1400,1400,26322,160,150.0,189.31203852891193,67.30812500001093,2119.679750000003,10900.591520401185
1776286557,200,POST,POST /v1/tweets,36.900000,0.000000,120,190,240,300,550,980,1100,1100,1100,1100,1100,13113,0,110.0,131.96639253527047,62.52783300004694,1170.6487090000337,214.54983604057043
1776286557,200,POST,POST /v1/tweets/:id/like,75.300000,0.000000,120,180,240,290,570,910,1100,1100,1100,1100,1100,25877,0,120.0,154.3982069846189,65.42529099999683,1308.786375000011,0.0
1776286557,200,,Aggregated,363.200000,0.000000,140,210,260,320,570,980,1100,1100,1400,1500,1500,131747,358,140.0,179.77341983487855,62.52783300004694,2119.679750000003,7599.5416290314015
1776286558,200,GET,GET /v1/timeline/home,172.100000,0.000000,160,220,260,340,580,990,1100,1300,1400,1500,1500,66663,198,150.0,195.05072954115238,65.2688340000509,1451.7896659999678,10709.490616983934
1776286558,200,GET,GET /v1/timeline/user/:id,66.000000,0.000000,160,230,300,410,610,1000,1100,1200,1400,1400,1400,26405,160,150.0,189.0850678026518,67.30812500001093,2119.679750000003,10900.687331944708
1776286558,200,POST,POST /v1/tweets,35.000000,0.000000,120,190,240,300,550,980,1100,1100,1100,1100,1100,13155,0,110.0,131.8529094152795,62.52783300004694,1170.6487090000337,214.54982896237172
1776286558,200,POST,POST /v1/tweets/:id/like,69.600000,0.000000,130,190,240,290,570,910,1100,1100,1100,1100,1100,25964,0,120.0,154.21844979956796,65.42529099999683,1308.786375000011,0.0
1776286558,200,,Aggregated,342.700000,0.000000,150,220,260,320,580,990,1100,1100,1400,1500,1500,132187,358,140.0,179.54950829268205,62.52783300004694,2119.679750000003,7599.702126532867
1776286559,200,GET,GET /v1/timeline/home,172.500000,0.000000,190,240,290,350,580,1000,1100,1300,1400,1500,1500,66869,198,150.0,195.10217087358635,65.2688340000509,1451.7896659999678,10709.58393276406
1776286559,200,GET,GET /v1/timeline/user/:id,64.700000,0.000000,200,250,310,410,610,1000,1100,1200,1400,1400,1400,26489,160,150.0,189.16940348499472,67.30812500001093,2119.679750000003,10900.812827966325
1776286559,200,POST,POST /v1/tweets,34.000000,0.000000,170,220,260,300,550,1000,1100,1100,1100,1100,1100,13196,0,110.0,132.05219318225232,62.52783300004694,1170.6487090000337,214.55016671718704
1776286559,200,POST,POST /v1/tweets/:id/like,66.900000,0.000000,170,220,260,310,580,910,1100,1100,1100,1100,1100,26029,0,120.0,154.34748543501414,65.42529099999683,1308.786375000011,0.0
1776286559,200,,Aggregated,338.100000,0.000000,180,230,290,340,580,990,1100,1200,1400,1500,1500,132583,358,140.0,179.64042775228154,62.52783300004694,2119.679750000003,7600.687893621354
1776286560,200,GET,GET /v1/timeline/home,170.000000,0.000000,190,240,290,350,580,1000,1100,1300,1400,1500,1500,67055,198,150.0,195.12926460089247,65.2688340000509,1451.7896659999678,10709.670554022818
1776286560,200,GET,GET /v1/timeline/user/:id,63.800000,0.000000,200,260,320,410,610,1000,1100,1200,1400,1400,1400,26562,160,150.0,189.2304513622475,67.30812500001093,2119.679750000003,10900.896882764851
1776286560,200,POST,POST /v1/tweets,34.400000,0.000000,170,210,250,300,550,980,1100,1100,1100,1100,1100,13235,0,110.0,132.14000025341912,62.52783300004694,1170.6487090000337,214.55035889686437
1776286560,200,POST,POST /v1/tweets/:id/like,66.000000,0.000000,180,230,270,310,580,910,1100,1100,1100,1100,1100,26110,0,120.0,154.4582686587507,65.42529099999683,1308.786375000011,0.0
1776286560,200,,Aggregated,334.200000,0.000000,190,240,290,350,580,990,1100,1200,1400,1500,1500,132962,358,140.0,179.6942764468853,62.52783300004694,2119.679750000003,7600.112483265895
1776286561,200,GET,GET /v1/timeline/home,165.000000,0.000000,210,250,290,330,570,980,1100,1300,1400,1500,1500,67247,198,150.0,195.25815992265586,65.2688340000509,1451.7896659999678,10709.753208321561
1776286561,200,GET,GET /v1/timeline/user/:id,60.500000,0.000000,220,270,310,360,570,1000,1100,1100,1400,1400,1400,26657,160,150.0,189.38292099624954,67.30812500001093,2119.679750000003,10900.995085718572
1776286561,200,POST,POST /v1/tweets,33.100000,0.000000,180,220,250,290,540,920,1100,1100,1100,1100,1100,13282,0,110.0,132.39756291876242,62.52783300004694,1170.6487090000337,214.55067007980725
1776286561,200,POST,POST /v1/tweets/:id/like,62.600000,0.000000,190,230,260,300,570,910,1100,1100,1100,1100,1100,26182,0,120.0,154.56717300252012,65.42529099999683,1308.786375000011,0.0
1776286561,200,,Aggregated,321.200000,0.000000,200,250,290,320,570,930,1100,1100,1400,1500,1500,133368,358,140.0,179.8354039916233,62.52783300004694,2119.679750000003,7600.295888069102
1776286562,200,GET,GET /v1/timeline/home,163.100000,0.000000,210,260,300,320,530,680,1100,1300,1400,1500,1500,67422,198,150.0,195.49522805348164,65.2688340000509,1451.7896659999678,10709.827563703242
1776286562,200,GET,GET /v1/timeline/user/:id,61.300000,0.000000,220,270,310,370,550,740,1100,1100,1400,1400,1400,26716,160,150.0,189.6728226389438,67.30812500001093,2119.679750000003,10900.919187004043
1776286562,200,POST,POST /v1/tweets,33.200000,0.000000,190,220,260,290,420,580,1000,1000,1100,1100,1100,13320,0,110.0,132.73561999001518,62.52783300004694,1170.6487090000337,214.5509009009009
1776286562,200,POST,POST /v1/tweets/:id/like,60.000000,0.000000,190,230,270,300,480,630,980,1000,1100,1100,1100,26260,0,120.0,154.88683364779064,65.42529099999683,1308.786375000011,0.0
1776286562,200,,Aggregated,317.600000,0.000000,210,250,290,320,520,660,1100,1100,1400,1500,1500,133718,358,140.0,180.10548396851453,62.52783300004694,2119.679750000003,7599.311753092328
1776286563,200,GET,GET /v1/timeline/home,162.700000,0.000000,210,250,280,300,420,550,630,670,1400,1400,1400,67648,198,150.0,195.418503084361,65.2688340000509,1451.7896659999678,10709.934247871333
1776286563,200,GET,GET /v1/timeline/user/:id,62.100000,0.000000,220,260,300,320,460,570,680,870,1400,1400,1400,26807,160,150.0,189.73886674939476,67.30812500001093,2119.679750000003,10900.966837020182
1776286563,200,POST,POST /v1/tweets,34.900000,0.000000,190,220,240,270,350,500,570,610,660,660,660,13366,0,110.0,132.65672221659455,62.52783300004694,1170.6487090000337,214.55072572198114
1776286563,200,POST,POST /v1/tweets/:id/like,61.100000,0.000000,190,230,260,290,380,550,620,650,740,740,740,26353,0,120.0,154.82202729795398,65.42529099999683,1308.786375000011,0.0
1776286563,200,,Aggregated,320.800000,0.000000,200,240,280,300,420,550,620,670,1300,1400,1400,134174,358,140.0,180.05809867881877,62.52783300004694,2119.679750000003,7599.054474041171
1776286564,200,GET,GET /v1/timeline/home,172.400000,0.000000,190,230,250,270,330,430,540,570,1400,1400,1400,67910,198,150.0,195.1247516081557,65.2688340000509,1451.7896659999678,10710.058665881314
1776286564,200,GET,GET /v1/timeline/user/:id,66.400000,0.000000,190,240,270,290,390,520,570,690,1400,1400,1400,26899,160,150.0,189.4822739381026,67.30812500001093,2119.679750000003,10901.00267667943
1776286564,200,POST,POST /v1/tweets,36.000000,0.000000,170,210,220,240,290,350,530,550,570,570,570,13408,0,110.0,132.53531702304616,62.52783300004694,1170.6487090000337,214.55071599045345
1776286564,200,POST,POST /v1/tweets/:id/like,65.600000,0.000000,170,210,230,250,310,390,520,570,580,580,580,26449,0,120.0,154.62107190426786,65.42529099999683,1308.786375000011,0.0
1776286564,200,,Aggregated,340.400000,0.000000,180,220,250,270,320,440,550,570,1300,1400,1400,134666,358,140.0,179.8108789881027,62.52783300004694,2119.679750000003,7599.7122584765275
1776286565,200,GET,GET /v1/timeline/home,189.300000,0.000000,180,220,240,250,300,340,410,460,1300,1400,1400,68119,198,150.0,195.0369736362523,65.2688340000509,1451.7896659999678,10710.15147022123
1776286565,200,GET,GET /v1/timeline/user/:id,72.300000,0.000000,180,220,250,270,320,380,470,690,1400,1400,1400,26979,160,150.0,189.43910272778908,67.30812500001093,2119.679750000003,10900.995292635012
1776286565,200,POST,POST /v1/tweets,39.300000,0.000000,160,200,220,230,270,300,360,360,450,450,450,13462,0,110.0,132.66597287253026,62.52783300004694,1170.6487090000337,214.55132966869706
1776286565,200,POST,POST /v1/tweets/:id/like,71.500000,0.000000,160,200,220,240,290,320,380,400,490,490,490,26533,0,120.0,154.67722619021524,65.42529099999683,1308.786375000011,0.0
1776286565,200,,Aggregated,372.400000,0.000000,170,210,240,250,300,340,410,460,1200,1400,1400,135093,358,140.0,179.77690427287737,62.52783300004694,2119.679750000003,7598.847090522825
1776286566,200,GET,GET /v1/timeline/home,187.400000,0.000000,160,200,230,250,290,320,380,450,1300,1400,1400,68345,198,150.0,194.80442586136311,65.2688340000509,1451.7896659999678,10710.258497329723
1776286566,200,GET,GET /v1/timeline/user/:id,71.700000,0.000000,160,210,240,250,300,350,440,620,1400,1400,1400,27071,160,150.0,189.22757963913486,67.30812500001093,2119.679750000003,10900.984152783421
1776286566,200,POST,POST /v1/tweets,38.200000,0.000000,130,180,200,220,260,290,350,360,450,450,450,13525,0,110.0,132.51293681900196,62.52783300004694,1170.6487090000337,214.5520887245841
1776286566,200,POST,POST /v1/tweets/:id/like,73.300000,0.000000,130,180,210,230,280,310,370,400,490,490,490,26642,0,120.0,154.48877888799558,65.42529099999683,1308.786375000011,0.0
1776286566,200,,Aggregated,370.600000,0.000000,150,200,220,240,290,320,380,440,1200,1400,1400,135583,358,140.0,179.5550755737579,62.52783300004694,2119.679750000003,7596.785555711262
1776286567,200,GET,GET /v1/timeline/home,197.700000,0.000000,150,190,220,240,280,320,380,450,1300,1400,1400,68598,198,150.0,194.52673959462172,65.2688340000509,1451.7896659999678,10710.37974868072
1776286567,200,GET,GET /v1/timeline/user/:id,76.200000,0.000000,150,200,230,250,300,350,440,620,1400,1400,1400,27159,160,150.0,189.01564053172137,67.30812500001093,2119.679750000003,10901.121285761626
1776286567,200,POST,POST /v1/tweets,39.100000,0.000000,120,160,190,210,250,290,350,360,450,450,450,13570,0,110.0,132.40970749653664,62.52783300004694,1170.6487090000337,214.55202652910833
1776286567,200,POST,POST /v1/tweets/:id/like,76.000000,0.000000,120,170,200,220,270,310,360,390,490,490,490,26727,0,120.0,154.3258789131956,65.42529099999683,1308.786375000011,0.0
1776286567,200,,Aggregated,389.000000,0.000000,140,190,220,230,280,320,380,440,1200,1400,1400,136054,358,140.0,179.333856853557,62.52783300004694,2119.679750000003,7597.613109500639
1776286568,200,GET,GET /v1/timeline/home,212.400000,0.000000,140,190,220,240,280,310,380,440,1300,1400,1400,68847,198,150.0,194.2473240676839,65.2688340000509,1451.7896659999678,10710.496041948089
1776286568,200,GET,GET /v1/timeline/user/:id,80.900000,0.000000,150,200,230,240,290,340,430,600,1400,1400,1400,27258,160,150.0,188.76154004017235,67.30812500001093,2119.679750000003,10901.107638124588
1776286568,200,POST,POST /v1/tweets,43.600000,0.000000,110,150,190,210,250,290,350,360,450,450,450,13625,0,110.0,132.2401074297249,62.52783300004694,1170.6487090000337,214.55163302752294
1776286568,200,POST,POST /v1/tweets/:id/like,82.100000,0.000000,120,160,200,220,270,310,360,390,490,490,490,26833,0,120.0,154.09911455118618,65.42529099999683,1308.786375000011,0.0
1776286568,200,,Aggregated,419.000000,0.000000,130,180,210,230,280,320,380,440,1200,1400,1400,136563,358,140.0,179.0772067323131,62.52783300004694,2119.679750000003,7596.868690640949
1776286569,200,GET,GET /v1/timeline/home,212.100000,0.000000,130,170,200,220,280,310,370,440,1300,1400,1400,69089,198,150.0,193.94828620940868,65.2688340000509,1451.7896659999678,10710.607404941453
1776286569,200,GET,GET /v1/timeline/user/:id,82.800000,0.000000,130,170,210,230,280,340,430,600,1400,1400,1400,27368,160,150.0,188.46369764118745,67.30812500001093,2119.679750000003,10901.331810874013
1776286569,200,POST,POST /v1/tweets,45.600000,0.000000,99,130,160,190,240,290,340,360,450,450,450,13666,0,110.0,132.10760619581455,62.52783300004694,1170.6487090000337,214.5521732767452
1776286569,200,POST,POST /v1/tweets/:id/like,85.300000,0.000000,110,130,170,200,250,300,360,390,490,490,490,26919,0,120.0,153.9073592507143,64.9275410000314,1308.786375000011,0.0
1776286569,200,,Aggregated,425.800000,0.000000,120,160,190,210,270,310,380,440,1200,1400,1400,137042,358,140.0,178.82096271878592,62.52783300004694,2119.679750000003,7598.144174778535
1776286570,200,GET,GET /v1/timeline/home,215.400000,0.000000,120,150,180,200,260,300,370,440,1300,1400,1400,69318,198,150.0,193.7264516583692,65.2688340000509,1451.7896659999678,10710.712037277475
1776286570,200,GET,GET /v1/timeline/user/:id,81.800000,0.000000,120,150,180,200,270,330,420,600,1400,1400,1400,27469,160,150.0,188.2544731000771,67.30812500001093,2119.679750000003,10901.314718409843
1776286570,200,POST,POST /v1/tweets,45.900000,0.000000,95,120,140,150,220,280,340,360,450,450,450,13722,0,110.0,131.99464260996947,62.52783300004694,1170.6487090000337,214.55174172861098
1776286570,200,POST,POST /v1/tweets/:id/like,84.200000,0.000000,100,120,140,160,240,300,360,390,490,490,490,27020,0,120.0,153.7100809695403,64.9275410000314,1308.786375000011,0.0
1776286570,200,,Aggregated,427.300000,0.000000,110,140,170,190,250,300,380,440,1200,1400,1400,137529,358,140.0,178.6122866546826,62.52783300004694,2119.679750000003,7597.215350944164
1776286571,200,GET,GET /v1/timeline/home,220.500000,0.000000,110,140,160,170,220,280,360,440,1300,1400,1400,69555,198,150.0,193.45282392123968,65.2688340000509,1451.7896659999678,10710.820501761196
1776286571,200,GET,GET /v1/timeline/user/:id,86.200000,0.000000,110,140,160,170,230,300,410,590,1400,1400,1400,27564,160,150.0,187.96822887487363,67.30812500001093,2119.679750000003,10901.423196923524
1776286571,200,POST,POST /v1/tweets,46.500000,0.000000,93,110,130,140,190,270,340,360,450,450,450,13773,0,110.0,131.8725270653453,62.52783300004694,1170.6487090000337,214.55158643723226
1776286571,200,POST,POST /v1/tweets/:id/like,87.700000,0.000000,98,110,130,140,200,290,350,390,490,490,490,27115,0,120.0,153.5341479640782,64.9275410000314,1308.786375000011,0.0
1776286571,200,,Aggregated,440.900000,0.000000,110,130,150,160,220,290,370,430,1200,1400,1400,138007,358,140.0,178.3686781530347,62.52783300004694,2119.679750000003,7596.9549950364835
1776286572,200,GET,GET /v1/timeline/home,222.100000,0.000000,110,130,140,150,190,220,280,340,1300,1400,1400,69803,198,150.0,193.18945245201255,65.2688340000509,1451.7896659999678,10710.923914444938
1776286572,200,GET,GET /v1/timeline/user/:id,88.000000,0.000000,110,130,140,150,190,230,290,340,1400,1400,1400,27674,160,150.0,187.69266215411645,67.30812500001093,2119.679750000003,10901.40810869408
1776286572,200,POST,POST /v1/tweets,47.900000,0.000000,89,100,110,120,150,170,280,330,380,380,380,13823,0,110.0,131.73350259994217,62.52783300004694,1170.6487090000337,214.5515445272372
1776286572,200,POST,POST /v1/tweets/:id/like,89.200000,0.000000,95,110,120,120,150,170,280,320,380,380,380,27216,0,120.0,153.33555020197605,64.9275410000314,1308.786375000011,0.0
1776286572,200,,Aggregated,447.200000,0.000000,100,120,130,140,170,210,280,340,1200,1400,1400,138516,358,140.0,178.12774425118275,62.52783300004694,2119.679750000003,7596.999162551619
1776286573,200,GET,GET /v1/timeline/home,223.700000,0.000000,110,130,140,150,180,210,250,320,380,470,470,70027,198,150.0,192.92606247181538,65.2688340000509,1451.7896659999678,10711.02261984663
1776286573,200,GET,GET /v1/timeline/user/:id,88.500000,0.000000,110,130,150,150,180,220,260,320,500,500,500,27761,160,150.0,187.46647101271634,67.30812500001093,2119.679750000003,10901.56766687079
1776286573,200,POST,POST /v1/tweets,47.700000,0.000000,89,99,110,120,140,170,280,330,380,380,380,13876,0,110.0,131.5892314594985,62.52783300004694,1170.6487090000337,214.55145575093687
1776286573,200,POST,POST /v1/tweets/:id/like,88.800000,0.000000,96,110,120,120,140,160,270,320,380,380,380,27337,0,120.0,153.11029686904118,64.9275410000314,1308.786375000011,0.0
1776286573,200,,Aggregated,448.700000,0.000000,100,120,130,140,170,210,260,320,380,500,500,139001,358,140.0,177.88216228472342,62.52783300004694,2119.679750000003,7594.739009071877
1776286574,200,GET,GET /v1/timeline/home,233.300000,0.000000,110,130,140,150,180,210,240,300,380,470,470,70256,198,150.0,192.64647418795298,65.2688340000509,1451.7896659999678,10711.12330619449
1776286574,200,GET,GET /v1/timeline/user/:id,91.700000,0.000000,110,130,140,150,180,210,250,320,500,500,500,27873,160,150.0,187.1626386103046,67.30812500001093,2119.679750000003,10901.569870483982
1776286574,200,POST,POST /v1/tweets,50.000000,0.000000,89,99,110,120,140,160,270,330,380,380,380,13934,0,110.0,131.4191324743075,62.52783300004694,1170.6487090000337,214.5508109659825
1776286574,200,POST,POST /v1/tweets/:id/like,93.400000,0.000000,95,110,120,120,140,160,250,320,380,380,380,27428,0,120.0,152.91923712399662,64.9275410000314,1308.786375000011,0.0
1776286574,200,,Aggregated,468.400000,0.000000,100,120,130,140,170,200,240,320,380,500,500,139491,358,140.0,177.62305771890536,62.52783300004694,2119.679750000003,7594.537905671334
1776286575,200,GET,GET /v1/timeline/home,236.500000,0.000000,100,120,130,140,170,190,220,220,260,390,390,70515,198,150.0,192.33838938184516,65.2688340000509,1451.7896659999678,10711.23362405162
1776286575,200,GET,GET /v1/timeline/user/:id,96.100000,0.000000,110,130,140,150,170,200,230,240,260,260,260,27980,160,150.0,186.8736326626526,67.30812500001093,2119.679750000003,10901.582022873481
1776286575,200,POST,POST /v1/tweets,50.800000,0.000000,86,95,100,110,130,140,160,170,210,210,210,13981,0,110.0,131.2769221041414,62.52783300004694,1170.6487090000337,214.5507474429583
1776286575,200,POST,POST /v1/tweets/:id/like,96.600000,0.000000,92,100,110,120,130,150,160,160,250,250,250,27514,0,120.0,152.73189815799154,64.9275410000314,1308.786375000011,0.0
1776286575,200,,Aggregated,480.000000,0.000000,98,120,130,140,160,180,210,220,260,390,390,139990,358,140.0,177.3634821274289,62.52783300004694,2119.679750000003,7595.746396171155
1776286576,200,GET,GET /v1/timeline/home,235.100000,0.000000,100,120,130,140,160,190,210,220,250,390,390,70761,198,150.0,192.04350829930073,65.2688340000509,1451.7896659999678,10711.342010429475
1776286576,200,GET,GET /v1/timeline/user/:id,96.100000,0.000000,110,130,140,150,170,190,220,230,260,260,260,28078,160,150.0,186.61107667857462,67.30812500001093,2119.679750000003,10901.557767647268
1776286576,200,POST,POST /v1/tweets,51.000000,0.000000,86,95,100,110,130,140,160,170,180,180,180,14028,0,110.0,131.14361755795562,62.52783300004694,1170.6487090000337,214.5506130595951
1776286576,200,POST,POST /v1/tweets/:id/like,96.700000,0.000000,91,100,110,120,130,140,160,160,360,360,360,27620,0,120.0,152.5144971882686,64.9275410000314,1308.786375000011,0.0
1776286576,200,,Aggregated,478.900000,0.000000,97,120,130,130,160,180,210,220,250,390,390,140487,358,140.0,177.10528078178606,62.52783300004694,2119.679750000003,7595.357057948422
1776286577,200,GET,GET /v1/timeline/home,238.400000,0.000000,100,120,130,140,160,190,210,220,250,390,390,70995,198,150.0,191.81483515064193,65.2688340000509,1451.7896659999678,10711.436199732376
1776286577,200,GET,GET /v1/timeline/user/:id,99.100000,0.000000,110,120,140,140,170,190,220,230,250,250,250,28170,160,150.0,186.42097674636193,67.30812500001093,2119.679750000003,10901.650266240682
1776286577,200,POST,POST /v1/tweets,53.500000,0.000000,86,95,100,110,130,140,160,170,180,180,180,14072,0,110.0,131.06094654427247,62.52783300004694,1170.6487090000337,214.5500284252416
1776286577,200,POST,POST /v1/tweets/:id/like,98.800000,0.000000,91,100,110,120,130,150,160,180,360,360,360,27720,0,120.0,152.35322136111037,64.9275410000314,1308.786375000011,0.0
1776286577,200,,Aggregated,489.800000,0.000000,97,110,130,130,160,180,210,220,250,390,390,140957,358,140.0,176.9113564588191,62.52783300004694,2119.679750000003,7595.061252722461
1776286578,200,GET,GET /v1/timeline/home,239.000000,0.000000,100,120,140,150,180,210,230,240,280,390,390,71222,198,150.0,191.66778417786367,65.2688340000509,1451.7896659999678,10711.531717727668
1776286578,200,GET,GET /v1/timeline/user/:id,99.100000,0.000000,110,130,140,150,180,200,230,240,300,300,300,28257,160,150.0,186.30053474303762,67.30812500001093,2119.679750000003,10901.638885939767
1776286578,200,POST,POST /v1/tweets,51.200000,0.000000,87,97,110,110,130,160,180,230,240,240,240,14122,0,110.0,131.0216072666054,62.52783300004694,1170.6487090000337,214.54992210735023
1776286578,200,POST,POST /v1/tweets/:id/like,96.700000,0.000000,92,100,110,120,140,160,210,230,360,360,360,27796,0,120.0,152.3019891098713,64.9275410000314,1308.786375000011,0.0
1776286578,200,,Aggregated,486.000000,0.000000,99,120,130,140,170,200,230,240,290,390,390,141397,358,140.0,176.79958105240388,62.52783300004694,2119.679750000003,7595.452491919914
1776286579,200,GET,GET /v1/timeline/home,236.900000,0.000000,110,130,150,170,210,230,250,260,330,350,350,71424,198,150.0,191.73582610837832,65.2688340000509,1451.7896659999678,10711.615353382616
1776286579,200,GET,GET /v1/timeline/user/:id,99.200000,0.000000,120,140,160,170,210,220,250,260,300,300,300,28343,160,150.0,186.3841570046225,67.30812500001093,2119.679750000003,10901.627632925238
1776286579,200,POST,POST /v1/tweets,49.900000,0.000000,89,100,120,130,170,190,220,230,240,240,240,14163,0,110.0,131.19969805627352,62.52783300004694,1170.6487090000337,214.55030713831815
1776286579,200,POST,POST /v1/tweets/:id/like,96.400000,0.000000,95,110,120,130,170,210,230,240,360,360,360,27866,0,120.0,152.42481935448168,64.9275410000314,1308.786375000011,0.0
1776286579,200,,Aggregated,482.400000,0.000000,100,130,140,160,200,220,240,260,330,360,360,141796,358,140.0,176.89410946465156,62.52783300004694,2119.679750000003,7596.052942255071
1776286580,200,GET,GET /v1/timeline/home,237.600000,0.000000,120,150,160,180,210,230,250,260,330,350,350,71625,198,150.0,191.69591844218922,65.2688340000509,1451.7896659999678,10711.695427574172
1776286580,200,GET,GET /v1/timeline/user/:id,100.600000,0.000000,120,150,170,180,210,220,250,260,300,300,300,28427,160,150.0,186.35960787508407,67.30812500001093,2119.679750000003,10901.647940338411
1776286580,200,POST,POST /v1/tweets,50.200000,0.000000,93,110,140,160,180,200,220,230,240,240,240,14211,0,110.0,131.3278692992753,62.52783300004694,1170.6487090000337,214.55027795369784
1776286580,200,POST,POST /v1/tweets/:id/like,98.700000,0.000000,98,120,140,160,190,210,230,240,360,360,360,27954,0,120.0,152.5006634175069,64.9275410000314,1308.786375000011,0.0
1776286580,200,,Aggregated,487.100000,0.000000,110,140,160,170,200,220,240,260,330,360,360,142217,358,140.0,176.89283719437,62.52783300004694,2119.679750000003,7595.261501789519
1776286581,200,GET,GET /v1/timeline/home,232.700000,0.000000,130,160,170,180,210,230,250,270,350,1400,1400,71831,198,150.0,191.6417089313916,65.2688340000509,1451.7896659999678,10711.780359454831
1776286581,200,GET,GET /v1/timeline/user/:id,99.100000,0.000000,130,160,170,180,210,230,250,270,1400,1400,1400,28495,160,150.0,186.34812449921085,67.30812500001093,2119.679750000003,10901.699070012282
1776286581,200,POST,POST /v1/tweets,50.100000,0.000000,98,140,160,160,180,200,220,230,240,240,240,14250,0,110.0,131.39922652792995,62.52783300004694,1170.6487090000337,214.55024561403508
1776286581,200,POST,POST /v1/tweets/:id/like,95.600000,0.000000,100,140,160,170,190,210,240,250,360,360,360,28036,0,120.0,152.52726971422436,64.9275410000314,1308.786375000011,0.0
1776286581,200,,Aggregated,477.500000,0.000000,120,150,170,170,200,220,240,260,350,1400,1400,142612,358,140.0,176.87500991211635,62.52783300004694,2119.679750000003,7595.0070891650075
1776286582,200,GET,GET /v1/timeline/home,231.600000,0.000000,140,160,170,180,210,230,260,270,1500,1500,1500,72009,198,150.0,191.7127226943546,65.2688340000509,1465.495040999997,10711.847657931647
1776286582,200,GET,GET /v1/timeline/user/:id,96.300000,0.000000,140,160,180,180,210,230,250,270,1500,1500,1500,28559,160,150.0,186.36844715998512,67.30812500001093,2119.679750000003,10901.707167617913
1776286582,200,POST,POST /v1/tweets,48.400000,0.000000,120,150,160,170,190,210,230,260,1500,1500,1500,14303,0,110.0,131.88138007886465,62.52783300004694,1451.922457999956,214.5503041320003
1776286582,200,POST,POST /v1/tweets/:id/like,93.100000,0.000000,120,160,160,170,200,220,240,260,1500,1500,1500,28106,0,120.0,152.78463918732632,64.9275410000314,1454.2830839999965,0.0
1776286582,200,,Aggregated,469.400000,0.000000,140,160,170,180,210,230,250,270,1500,1500,1500,142977,358,140.0,177.00750735577589,62.52783300004694,2119.679750000003,7593.948719024738
1776286583,200,GET,GET /v1/timeline/home,229.900000,0.000000,150,170,180,200,230,290,400,480,1700,1800,1800,72131,198,150.0,192.066083723902,65.2688340000509,1798.0989999999792,10711.897991154981
1776286583,200,GET,GET /v1/timeline/user/:id,95.400000,0.000000,150,170,190,200,230,270,370,420,1500,1500,1500,28600,160,150.0,186.56916059968583,67.30812500001093,2119.679750000003,10901.766048951049
1776286583,200,POST,POST /v1/tweets,48.600000,0.000000,150,160,170,180,210,350,470,1400,1700,1700,1700,14328,0,110.0,132.52993121112516,62.52783300004694,1703.0504169999858,214.55067001675042
1776286583,200,POST,POST /v1/tweets/:id/like,93.800000,0.000000,140,160,170,190,220,320,450,1400,1600,1600,1600,28156,0,120.0,153.2972240151297,64.9275410000314,1641.9626660000404,0.0
1776286583,200,,Aggregated,467.700000,0.000000,150,170,180,190,230,280,410,480,1700,1800,1800,143215,358,140.0,177.39009302100177,62.52783300004694,2119.679750000003,7593.649443144922
1776286584,200,GET,GET /v1/timeline/home,224.600000,0.000000,160,180,200,220,330,420,480,1400,1800,1800,1800,72244,198,150.0,192.5223480474195,65.2688340000509,1798.0989999999792,10711.938029455734
1776286584,200,GET,GET /v1/timeline/user/:id,91.800000,0.000000,160,180,200,220,310,440,480,510,1800,1800,1800,28650,160,150.0,187.13579110338617,67.30812500001093,2119.679750000003,10901.860628272252
1776286584,200,POST,POST /v1/tweets,46.600000,0.000000,150,170,180,200,350,440,1400,1500,1700,1700,1700,14352,0,110.0,133.30515267161383,62.52783300004694,1703.0504169999858,214.55065496098103
1776286584,200,POST,POST /v1/tweets/:id/like,91.100000,0.000000,160,170,200,210,390,450,510,1500,3900,3900,3900,28210,0,120.0,154.07725365395217,64.9275410000314,3880.3539170000363,0.0
1776286584,200,,Aggregated,454.100000,0.000000,160,180,200,220,340,430,490,1400,1800,3900,3900,143456,358,140.0,177.96216124923845,62.52783300004694,3880.3539170000363,7593.204808443007
1776286585,200,GET,GET /v1/timeline/home,218.700000,0.000000,170,190,220,240,390,460,500,1400,1800,1800,1800,72377,199,150.0,192.89099469570144,23.60312499996553,1798.0989999999792,10711.842284151042
1776286585,200,GET,GET /v1/timeline/user/:id,87.300000,0.000000,170,200,220,250,410,470,520,1400,3600,3600,3600,28713,160,150.0,187.7690423876647,67.30812500001093,3612.904917000037,10901.889318427193
1776286585,200,POST,POST /v1/tweets,46.800000,0.000000,160,180,200,220,400,490,1400,1500,1700,1700,1700,14378,0,110.0,133.91743579440822,62.52783300004694,1703.0504169999858,214.55077201279732
1776286585,200,POST,POST /v1/tweets/:id/like,87.300000,0.000000,160,190,210,240,410,480,1400,1500,3900,3900,3900,28259,0,120.0,154.5871040786295,64.9275410000314,3945.4046660000017,0.0
1776286585,200,,Aggregated,440.100000,0.000000,170,190,220,240,400,470,1300,1500,1800,3900,3900,143727,359,140.0,178.4370779545788,23.60312499996553,3945.4046660000017,7593.575097232949
1776286586,200,GET,GET /v1/timeline/home,207.500000,0.000000,180,210,260,330,450,500,1400,1700,1800,2000,2000,72460,199,150.0,193.40745926670968,23.60312499996553,1996.9034169999986,10711.86647805686
1776286586,200,GET,GET /v1/timeline/user/:id,82.200000,0.000000,180,220,250,330,450,500,1400,1700,3600,3600,3600,28737,160,150.0,188.2207023580407,67.30812500001093,3612.904917000037,10901.907610397746
1776286586,200,POST,POST /v1/tweets,44.200000,0.000000,170,190,230,340,440,580,1500,1600,1700,1700,1700,14396,0,110.0,134.48258043755217,62.52783300004694,1703.0504169999858,214.5505696026674
1776286586,200,POST,POST /v1/tweets/:id/like,80.200000,0.000000,170,200,240,350,450,500,1500,1600,3900,3900,3900,28282,0,120.0,155.06145381896573,64.9275410000314,3945.4046660000017,0.0
1776286586,200,,Aggregated,414.100000,0.000000,180,210,250,340,450,500,1400,1600,2000,3900,3900,143875,359,140.0,178.93770347187316,23.60312499996553,3945.4046660000017,7593.8045803649
1776286587,200,GET,GET /v1/timeline/home,193.200000,0.000000,190,250,350,400,480,540,1600,1700,4000,4000,4000,72525,199,150.0,193.93314286811147,23.60312499996553,3959.9932919999787,10711.890947948983
1776286587,200,GET,GET /v1/timeline/user/:id,75.700000,0.000000,200,250,370,410,480,600,1700,1800,3600,3600,3600,28768,160,150.0,188.9168427809377,67.30812500001093,3612.904917000037,10901.890399054506
1776286587,200,POST,POST /v1/tweets,41.100000,0.000000,180,220,360,390,490,1400,1600,1700,2400,2400,2400,14411,0,110.0,135.21399156449945,62.52783300004694,2387.9276669999854,214.55048227048783
1776286587,200,POST,POST /v1/tweets/:id/like,77.100000,0.000000,190,240,380,410,480,1400,1600,1800,3900,3900,3900,28313,0,120.0,155.81952906474012,64.9275410000314,3945.4046660000017,0.0
1776286587,200,,Aggregated,387.100000,0.000000,190,240,360,400,480,600,1600,1700,3900,4000,4000,144017,359,140.0,179.56246886463228,23.60312499996553,3959.9932919999787,7593.529659692953
1776286588,200,GET,GET /v1/timeline/home,181.600000,0.100000,210,330,400,440,520,1400,1700,2400,4100,4100,4100,72637,199,150.0,195.0216054284977,23.60312499996553,4140.441416999976,10711.936285914891
1776286588,200,GET,GET /v1/timeline/user/:id,71.900000,0.000000,210,350,410,450,510,1400,1700,1800,4000,4000,4000,28801,160,150.0,189.50756707371318,67.30812500001093,4036.411375,10901.81663831117
1776286588,200,POST,POST /v1/tweets,39.400000,0.000000,190,340,400,420,640,1500,1700,1800,4000,4000,4000,14429,0,110.0,136.03258021567683,62.52783300004694,3984.101375000023,214.55021137986
1776286588,200,POST,POST /v1/tweets/:id/like,73.100000,0.000000,200,350,410,440,530,1500,1700,1800,3900,3900,3900,28349,0,120.0,156.48451557934976,64.9275410000314,3945.4046660000017,0.0
1776286588,200,,Aggregated,366.000000,0.100000,200,340,410,440,530,1400,1700,1800,4100,4100,4100,144216,359,140.0,180.4431229883699,23.60312499996553,4140.441416999976,7593.899997226383
1776286589,200,GET,GET /v1/timeline/home,167.800000,0.100000,220,360,430,460,580,1600,1900,3800,4100,4100,4100,72776,199,150.0,195.61792763537133,23.60312499996553,4140.441416999976,10711.993775420468
1776286589,200,GET,GET /v1/timeline/user/:id,65.200000,0.000000,230,380,430,460,580,1600,1800,2000,4000,4000,4000,28862,160,150.0,190.21884048361213,67.30812500001093,4036.411375,10901.721744854827
1776286589,200,POST,POST /v1/tweets,36.400000,0.000000,200,350,410,450,690,1500,1700,1800,4000,4000,4000,14455,0,110.0,136.33491388308553,62.52783300004694,3984.101375000023,214.55019024558976
1776286589,200,POST,POST /v1/tweets/:id/like,65.300000,0.000000,210,370,420,460,660,1600,1800,2000,3900,3900,3900,28398,0,120.0,157.12596518814667,64.9275410000314,3945.4046660000017,0.0
1776286589,200,,Aggregated,334.700000,0.100000,220,370,420,460,590,1600,1800,2400,4100,4100,4100,144491,359,140.0,181.0436000527558,23.60312499996553,4140.441416999976,7594.402938591331
1776286590,200,GET,GET /v1/timeline/home,148.300000,0.100000,280,390,440,470,610,1700,2000,3900,4100,4300,4300,72897,199,150.0,195.89251575926005,23.60312499996553,4300.45425000003,10712.041030495082
1776286590,200,GET,GET /v1/timeline/user/:id,58.700000,0.000000,280,400,450,470,690,1700,1800,3600,4000,4000,4000,28900,160,150.0,190.57111860432576,67.30812500001093,4036.411375,10901.755051903114
1776286590,200,POST,POST /v1/tweets,32.200000,0.000000,290,380,420,470,1300,1500,1700,1800,4000,4000,4000,14477,0,110.0,136.6276237633489,62.52783300004694,3984.101375000023,214.55025212405886
1776286590,200,POST,POST /v1/tweets/:id/like,57.200000,0.000000,300,400,440,470,1400,1700,1800,2000,3900,3900,3900,28443,0,120.0,157.3803183674363,64.9275410000314,3945.4046660000017,0.0
1776286590,200,,Aggregated,296.400000,0.100000,290,390,440,470,680,1700,1800,3600,4100,4300,4300,144717,359,140.0,181.3318998701932,23.60312499996553,4300.45425000003,7594.42511937091
1776286591,200,GET,GET /v1/timeline/home,139.200000,0.100000,310,400,450,480,690,1700,3800,4000,4300,7000,7000,73066,199,150.0,196.52839167572856,23.60312499996553,6970.655542000031,10712.105562094544
1776286591,200,GET,GET /v1/timeline/user/:id,52.800000,0.000000,320,410,450,480,1400,1700,2000,3900,4100,4100,4100,28958,160,150.0,191.28981043393935,67.30812500001093,4059.14875000002,10901.629463360729
1776286591,200,POST,POST /v1/tweets,30.000000,0.000000,310,390,440,480,1400,1600,1700,3900,6800,6800,6800,14511,0,110.0,137.62366344021788,62.52783300004694,6819.083416000012,214.54992764109986
1776286591,200,POST,POST /v1/tweets/:id/like,53.900000,0.000000,320,410,450,480,1400,1700,1900,3900,4100,4100,4100,28504,0,120.0,157.9850882576828,64.9275410000314,4071.4797500000373,0.0
1776286591,200,,Aggregated,275.900000,0.100000,310,400,450,480,1400,1700,2400,3900,4300,7000,7000,145039,359,140.0,182.01433912673684,23.60312499996553,6970.655542000031,7594.463730444915
1776286592,200,GET,GET /v1/timeline/home,130.700000,0.100000,310,390,450,470,660,1700,3900,4000,6800,7000,7000,73260,199,150.0,196.87854479374522,23.60312499996553,6970.655542000031,10712.176521976522
1776286592,200,GET,GET /v1/timeline/user/:id,50.000000,0.000000,320,400,450,470,1200,1700,3600,4000,6800,6800,6800,29042,160,150.0,191.6351417932998,67.30812500001093,6792.359583000007,10901.660319537223
1776286592,200,POST,POST /v1/tweets,28.200000,0.000000,310,380,420,470,710,1600,2400,4000,6900,6900,6900,14559,0,110.0,138.57431092870397,62.52783300004694,6888.390749999985,214.54983171921148
1776286592,200,POST,POST /v1/tweets/:id/like,52.200000,0.000000,310,400,440,470,1400,1700,1900,3900,4100,4100,4100,28580,0,120.0,158.1617011237575,64.9275410000314,4071.4797500000373,0.0
1776286592,200,,Aggregated,261.100000,0.100000,310,400,450,470,690,1700,3600,4000,6800,7000,7000,145441,359,140.0,182.38704897847802,23.60312499996553,6970.655542000031,7594.170158345996
1776286593,200,GET,GET /v1/timeline/home,126.900000,0.100000,260,330,410,450,580,1700,3900,4000,6800,7000,7000,73499,199,150.0,196.79865957948772,23.60312499996553,6970.655542000031,10712.275255445653
1776286593,200,GET,GET /v1/timeline/user/:id,47.300000,0.000000,270,360,420,460,660,1700,3600,4000,6800,6800,6800,29130,160,150.0,191.56388070720948,67.30812500001093,6792.359583000007,10901.699691040165
1776286593,200,POST,POST /v1/tweets,26.200000,0.000000,280,350,400,460,710,1600,3900,6500,6900,6900,6900,14594,0,110.0,139.33142478491166,62.52783300004694,6888.390749999985,214.54995203508292
1776286593,200,POST,POST /v1/tweets/:id/like,48.600000,0.000000,260,340,400,440,560,1700,1900,2500,4100,4100,4100,28683,0,120.0,157.91650179674332,64.9275410000314,4071.4797500000373,0.0
1776286593,200,,Aggregated,249.000000,0.100000,260,340,410,450,600,1700,3800,4000,6800,7000,7000,145906,359,140.0,182.36181075336734,23.60312499996553,6970.655542000031,7594.198819788083
1776286594,200,GET,GET /v1/timeline/home,120.300000,0.100000,220,280,320,380,540,1600,3800,4000,6800,7000,7000,73724,199,150.0,196.54220272476763,23.60312499996553,6970.655542000031,10712.359503011232
1776286594,200,GET,GET /v1/timeline/user/:id,46.300000,0.000000,220,290,340,400,580,1700,3600,4000,6800,6800,6800,29215,160,150.0,191.55861540889987,67.30812500001093,6792.359583000007,10901.729077528667
1776286594,200,POST,POST /v1/tweets,25.800000,0.000000,230,300,340,390,630,1600,4000,6800,6900,6900,6900,14632,0,110.0,139.69882196972398,62.52783300004694,6904.468833999999,214.54982230727174
1776286594,200,POST,POST /v1/tweets/:id/like,45.400000,0.000000,210,280,320,360,520,1600,1800,2500,4100,4100,4100,28757,0,120.0,157.7715745163608,64.9275410000314,4071.4797500000373,0.0
1776286594,200,,Aggregated,237.800000,0.100000,220,280,330,390,560,1700,2600,4000,6900,7000,7000,146328,359,140.0,182.24381276501998,23.60312499996553,6970.655542000031,7595.2059756164235
1776286595,200,GET,GET /v1/timeline/home,123.500000,0.100000,190,250,290,320,500,1400,3800,4000,6800,7000,7000,73965,199,150.0,196.30309753111285,23.60312499996553,6970.655542000031,10712.449266544987
1776286595,200,GET,GET /v1/timeline/user/:id,47.500000,0.000000,190,250,300,320,500,1700,2000,4000,6800,6800,6800,29317,160,150.0,191.34137722587616,67.30812500001093,6792.359583000007,10901.870859910632
1776286595,200,POST,POST /v1/tweets,25.300000,0.000000,200,270,310,330,580,1600,4000,6800,6900,6900,6900,14682,0,110.0,139.5836382488763,62.52783300004694,6904.468833999999,214.55026563138537
1776286595,200,POST,POST /v1/tweets/:id/like,46.800000,0.000000,180,240,290,310,470,1600,1800,2000,4100,4100,4100,28860,0,120.0,157.61879685519696,64.9275410000314,4071.4797500000373,0.0
1776286595,200,,Aggregated,243.100000,0.100000,190,250,290,320,500,1600,2400,4000,6800,7000,7000,146824,359,140.0,182.03671892218463,23.60312499996553,6970.655542000031,7594.851556966163
1776286596,200,GET,GET /v1/timeline/home,135.500000,0.100000,150,220,250,280,400,680,2600,4000,7000,12000,12000,74201,199,150.0,196.19727087091493,23.60312499996553,12410.169875000009,10712.536690880177
1776286596,200,GET,GET /v1/timeline/user/:id,52.600000,0.000000,150,220,260,290,390,1600,1800,4000,6800,6800,6800,29411,160,150.0,191.08048111553543,67.30812500001093,6792.359583000007,10901.96205501343
1776286596,200,POST,POST /v1/tweets,26.300000,0.000000,160,230,280,300,420,710,3900,6500,6900,6900,6900,14718,0,110.0,139.46816651263777,62.52783300004694,6904.468833999999,214.55027857045795
1776286596,200,POST,POST /v1/tweets/:id/like,52.600000,0.000000,130,210,250,280,360,630,1800,2000,4100,4100,4100,28952,0,120.0,157.41945042035036,64.9275410000314,4071.4797500000373,0.0
1776286596,200,,Aggregated,267.000000,0.100000,150,220,250,280,400,680,2000,4000,6900,12000,12000,147282,359,140.0,181.88374770362174,23.60312499996553,12410.169875000009,7595.471897448432
1776286597,200,GET,GET /v1/timeline/home,147.300000,0.100000,140,190,230,250,310,460,2000,3900,12000,12000,12000,74456,199,150.0,196.1145813329585,23.60312499996553,12419.568416999993,10712.636066938863
1776286597,200,GET,GET /v1/timeline/user/:id,56.300000,0.000000,130,190,230,250,310,420,1800,3900,12000,12000,12000,29506,160,150.0,191.2624835134213,67.30812500001093,12374.399374999995,10901.906459703112
1776286597,200,POST,POST /v1/tweets,27.600000,0.000000,120,200,240,280,320,630,3900,6500,6900,6900,6900,14759,0,110.0,139.32918142780696,62.52783300004694,6904.468833999999,214.54990175486145
1776286597,200,POST,POST /v1/tweets/:id/like,54.500000,0.000000,110,180,220,250,310,400,1700,1800,4100,4100,4100,29038,0,120.0,157.23665186228325,64.9275410000314,4071.4797500000373,0.0
1776286597,200,,Aggregated,285.700000,0.100000,130,190,230,250,310,450,1800,3900,7000,12000,12000,147759,359,140.0,181.83322431624356,23.60312499996553,12419.568416999993,7596.547249236934
1776286598,200,GET,GET /v1/timeline/home,157.400000,0.000000,130,170,200,220,280,320,540,3800,7000,12000,12000,74700,199,150.0,195.86905244907302,23.60312499996553,12419.568416999993,10712.72281124498
1776286598,200,GET,GET /v1/timeline/user/:id,60.200000,0.000000,130,170,200,230,290,330,1800,3900,12000,12000,12000,29592,160,150.0,191.02771617467607,67.30812500001093,12374.399374999995,10901.966342254664
1776286598,200,POST,POST /v1/tweets,30.300000,0.000000,110,150,210,240,310,330,3900,6800,12000,12000,12000,14810,0,110.0,139.98444396725205,62.52783300004694,12357.503124999994,214.55016880486158
1776286598,200,POST,POST /v1/tweets/:id/like,60.200000,0.000000,100,140,190,220,280,320,430,1800,4100,4100,4100,29125,0,120.0,157.05024118980194,64.9275410000314,4071.4797500000373,0.0
1776286598,200,,Aggregated,308.100000,0.000000,120,160,200,220,280,320,1500,3800,12000,12000,12000,148227,359,140.0,181.69138068499564,23.60312499996553,12419.568416999993,7596.651554710005
1776286599,200,GET,GET /v1/timeline/home,173.500000,0.000000,120,150,180,200,250,300,390,1500,12000,12000,12000,74937,199,150.0,195.75472212249966,23.60312499996553,12419.568416999993,10712.815298183808
1776286599,200,GET,GET /v1/timeline/user/:id,66.900000,0.000000,120,140,180,200,270,310,430,3800,12000,12000,12000,29697,160,150.0,190.74636508761884,67.30812500001093,12374.399374999995,10901.927467420952
1776286599,200,POST,POST /v1/tweets,32.000000,0.000000,96,120,160,200,280,320,630,6500,12000,12000,12000,14860,0,110.0,139.834820302692,62.52783300004694,12357.503124999994,214.5506056527591
1776286599,200,POST,POST /v1/tweets/:id/like,66.700000,0.000000,99,120,150,180,260,300,340,420,12000,12000,12000,29217,0,120.0,157.28699314840622,64.9275410000314,12374.681124999996,0.0
1776286599,200,,Aggregated,339.100000,0.000000,110,140,150,170,230,280,320,350,12000,12000,12000,148711,359,140.0,181.60906674163869,23.60312499996553,12419.568416999993,7596.808588470254
1776286601,200,GET,GET /v1/timeline/home,192.300000,0.000000,110,130,140,160,190,220,280,310,12000,12000,12000,75178,199,150.0,195.4998435278906,23.60312499996553,12419.568416999993,10712.905052009897
1776286601,200,GET,GET /v1/timeline/user/:id,73.200000,0.000000,110,130,140,150,190,230,290,320,12000,12000,12000,29805,160,150.0,190.47663462513066,67.30812500001093,12374.399374999995,10901.866297601073
1776286601,200,POST,POST /v1/tweets,34.800000,0.000000,91,110,120,130,180,220,310,6500,12000,12000,12000,14910,0,110.0,139.70622032132823,62.52783300004694,12357.503124999994,214.55124077800133
1776286601,200,POST,POST /v1/tweets/:id/like,72.300000,0.000000,94,110,120,130,170,210,270,320,12000,12000,12000,29309,0,120.0,157.11944929277635,64.9275410000314,12374.681124999996,0.0
1776286601,200,,Aggregated,372.600000,0.000000,100,120,140,150,190,220,280,320,12000,12000,12000,149202,359,140.0,181.38146282258165,23.60312499996553,12419.568416999993,7597.109019986327
1776286602,200,GET,GET /v1/timeline/home,216.100000,0.000000,100,120,130,140,160,190,210,220,12000,12000,12000,75404,199,150.0,195.2711321944162,23.60312499996553,12419.568416999993,10712.990690149063
1776286602,200,GET,GET /v1/timeline/user/:id,83.500000,0.000000,100,120,130,140,160,190,210,220,12000,12000,12000,29891,160,150.0,190.29536684262888,67.30812500001093,12374.399374999995,10901.82810879529
1776286602,200,POST,POST /v1/tweets,40.500000,0.000000,89,100,110,120,130,140,170,6500,12000,12000,12000,14953,0,110.0,139.6145587140376,62.52783300004694,12357.503124999994,214.5513274928108
1776286602,200,POST,POST /v1/tweets/:id/like,81.900000,0.000000,92,100,110,120,130,150,170,190,12000,12000,12000,29416,0,120.0,156.93607310341255,64.9275410000314,12374.681124999996,0.0
1776286602,200,,Aggregated,422.000000,0.000000,99,120,130,130,160,180,210,220,12000,12000,12000,149664,359,140.0,181.18205637388988,23.60312499996553,12419.568416999993,7596.196012401112
1776286603,200,GET,GET /v1/timeline/home,224.400000,0.000000,110,120,140,140,160,190,210,220,12000,12000,12000,75652,199,150.0,194.9855640045042,23.60312499996553,12419.568416999993,10713.07275419024
1776286603,200,GET,GET /v1/timeline/user/:id,89.200000,0.000000,110,130,140,140,170,190,210,220,12000,12000,12000,29987,160,150.0,190.01887226978423,67.30812500001093,12374.399374999995,10901.845499716545
1776286603,200,POST,POST /v1/tweets,42.800000,0.000000,88,98,110,120,130,140,160,180,12000,12000,12000,15001,0,110.0,139.44021724891704,62.52783300004694,12357.503124999994,214.5513632424505
1776286603,200,POST,POST /v1/tweets/:id/like,85.000000,0.000000,92,100,110,120,130,150,170,190,12000,12000,12000,29511,0,120.0,156.7245970710916,64.9275410000314,12374.681124999996,0.0
1776286603,200,,Aggregated,441.400000,0.000000,100,120,130,140,160,180,210,220,12000,12000,12000,150151,359,140.0,180.9244433532833,23.60312499996553,12419.568416999993,7596.336394696006
1776286604,200,GET,GET /v1/timeline/home,232.700000,0.000000,100,120,140,140,160,180,210,220,12000,12000,12000,75882,199,150.0,194.7050086256655,23.60312499996553,12419.568416999993,10713.160749584882
1776286604,200,GET,GET /v1/timeline/user/:id,92.400000,0.000000,100,120,130,140,160,180,210,220,12000,12000,12000,30091,160,150.0,189.72926006261056,67.30812500001093,12374.399374999995,10902.004586088864
1776286604,200,POST,POST /v1/tweets,43.700000,0.000000,88,96,110,110,130,140,150,160,12000,12000,12000,15040,0,110.0,139.31268656030613,62.52783300004694,12357.503124999994,214.55152925531914
1776286604,200,POST,POST /v1/tweets/:id/like,90.800000,0.000000,92,100,110,120,130,140,160,170,12000,12000,12000,29616,0,120.0,156.498230967416,64.9275410000314,12374.681124999996,0.0
1776286604,200,,Aggregated,459.600000,0.000000,99,120,130,130,150,170,200,210,12000,12000,12000,150629,359,140.0,180.66815183845608,23.60312499996553,12419.568416999993,7596.247329531498
1776286605,200,GET,GET /v1/timeline/home,238.000000,0.000000,100,120,130,140,160,180,210,220,12000,12000,12000,76136,199,150.0,194.41600408418833,23.60312499996553,12419.568416999993,10713.253401807293
1776286605,200,GET,GET /v1/timeline/user/:id,94.000000,0.000000,100,120,130,140,160,180,200,210,12000,12000,12000,30176,160,150.0,189.51186813345072,67.30812500001093,12374.399374999995,10901.97617311771
1776286605,200,POST,POST /v1/tweets,44.100000,0.000000,86,95,100,110,120,130,140,150,12000,12000,12000,15107,0,110.0,139.0959001445691,62.52783300004694,12357.503124999994,214.55199576355332
1776286605,200,POST,POST /v1/tweets/:id/like,92.600000,0.000000,90,99,110,110,130,140,150,150,12000,12000,12000,29713,0,120.0,156.29016171931465,64.9275410000314,12374.681124999996,0.0
1776286605,200,,Aggregated,468.700000,0.000000,97,110,120,130,150,170,200,210,12000,12000,12000,151132,359,140.0,180.41141755815312,23.60312499996553,12419.568416999993,7595.238142815552
1776286606,200,GET,GET /v1/timeline/home,236.700000,0.000000,100,120,130,140,160,180,200,210,340,12000,12000,76363,199,150.0,194.1572142687919,23.60312499996553,12419.568416999993,10713.34194570669
1776286606,200,GET,GET /v1/timeline/user/:id,95.000000,0.000000,100,120,130,140,160,180,200,210,12000,12000,12000,30273,160,150.0,189.25123550721796,67.30812500001093,12374.399374999995,10901.92878142239
1776286606,200,POST,POST /v1/tweets,44.500000,0.000000,86,95,100,110,120,130,140,150,12000,12000,12000,15158,0,110.0,138.9427060864894,62.52783300004694,12357.503124999994,214.55231560891937
1776286606,200,POST,POST /v1/tweets/:id/like,93.100000,0.000000,91,100,110,120,130,140,150,160,12000,12000,12000,29811,0,120.0,156.10365357297636,64.9275410000314,12374.681124999996,0.0
1776286606,200,,Aggregated,469.300000,0.000000,97,110,120,130,150,170,190,210,12000,12000,12000,151605,359,140.0,180.17433172547612,23.60312499996553,12419.568416999993,7594.665116585865
1776286607,200,GET,GET /v1/timeline/home,240.300000,0.000000,100,120,130,140,160,180,210,220,300,12000,12000,76596,199,150.0,193.93510473136652,23.60312499996553,12419.568416999993,10713.424865528226
1776286607,200,GET,GET /v1/timeline/user/:id,95.700000,0.000000,100,120,130,140,160,180,200,220,420,420,420,30380,160,150.0,188.9971722889075,67.30812500001093,12374.399374999995,10901.955793285057
1776286607,200,POST,POST /v1/tweets,47.500000,0.000000,86,95,100,110,130,140,140,150,12000,12000,12000,15206,0,110.0,138.80116504353592,62.52783300004694,12357.503124999994,214.55221623043536
1776286607,200,POST,POST /v1/tweets/:id/like,94.700000,0.000000,91,100,110,120,130,140,150,160,12000,12000,12000,29902,0,120.0,155.91782377583428,64.9275410000314,12374.681124999996,0.0
1776286607,200,,Aggregated,478.200000,0.000000,97,110,120,130,150,170,190,210,340,12000,12000,152084,359,140.0,179.96142038832355,23.60312499996553,12419.568416999993,7594.943511480497
1776286608,200,GET,GET /v1/timeline/home,239.500000,0.000000,100,120,130,130,150,170,200,220,300,12000,12000,76840,199,150.0,193.65127158018936,23.60312499996553,12419.568416999993,10713.51668401874
1776286608,200,GET,GET /v1/timeline/user/:id,95.400000,0.000000,100,120,130,140,160,180,200,220,420,420,420,30474,160,150.0,188.75047122179592,67.30812500001093,12374.399374999995,10901.929382424361
1776286608,200,POST,POST /v1/tweets,47.200000,0.000000,87,95,100,110,120,140,140,150,180,180,180,15264,0,110.0,138.62031598748723,62.52783300004694,12357.503124999994,214.55254192872118
1776286608,200,POST,POST /v1/tweets/:id/like,94.700000,0.000000,91,100,110,110,130,140,150,160,12000,12000,12000,29986,0,120.0,155.7482924350029,64.9275410000314,12374.681124999996,0.0
1776286608,200,,Aggregated,476.800000,0.000000,96,110,120,130,150,160,190,210,300,12000,12000,152564,359,140.0,179.71680323289775,23.60312499996553,12419.568416999993,7595.022075981227
1776286609,200,GET,GET /v1/timeline/home,239.000000,0.000000,100,120,130,140,150,170,200,220,290,340,340,77066,199,140.0,193.40747026375783,23.60312499996553,12419.568416999993,10713.597565722886
1776286609,200,GET,GET /v1/timeline/user/:id,96.700000,0.000000,100,120,130,140,150,170,200,220,420,420,420,30584,160,150.0,188.4563335078473,67.30812500001093,12374.399374999995,10902.076641381114
1776286609,200,POST,POST /v1/tweets,48.800000,0.000000,87,95,100,110,120,140,150,150,180,180,180,15317,0,110.0,138.47708918632918,62.52783300004694,12357.503124999994,214.552784487824
1776286609,200,POST,POST /v1/tweets/:id/like,94.800000,0.000000,90,98,110,110,130,140,150,150,190,190,190,30095,0,110.0,155.52190949862086,64.9275410000314,12374.681124999996,0.0
1776286609,200,,Aggregated,479.300000,0.000000,96,110,120,130,150,160,190,210,260,420,420,153062,359,130.0,179.4722011262025,23.60312499996553,12419.568416999993,7594.1090995805625
1776286610,200,GET,GET /v1/timeline/home,238.200000,0.000000,100,120,130,140,160,170,210,220,290,24000,24000,77319,199,140.0,193.48328662494023,23.60312499996553,24073.764874999993,10713.689351905741
1776286610,200,GET,GET /v1/timeline/user/:id,96.800000,0.000000,100,120,130,140,160,190,210,220,420,420,420,30681,160,150.0,188.24294802851935,67.30812500001093,12374.399374999995,10902.22981649881
1776286610,200,POST,POST /v1/tweets,50.300000,0.000000,87,94,100,110,120,130,140,150,180,180,180,15356,0,110.0,138.35696069275878,62.52783300004694,12357.503124999994,214.55287835373795
1776286610,200,POST,POST /v1/tweets/:id/like,94.800000,0.000000,90,97,110,110,130,140,150,160,240,240,240,30175,0,110.0,155.37547994969333,64.9275410000314,12374.681124999996,0.0
1776286610,200,,Aggregated,480.100000,0.000000,96,110,120,130,150,170,190,220,260,24000,24000,153531,359,130.0,179.4326925695579,23.60312499996553,24073.764874999993,7595.584826517121
1776286611,200,GET,GET /v1/timeline/home,235.800000,0.000000,100,120,130,140,160,180,210,230,300,24000,24000,77563,199,140.0,193.58166874682215,23.60312499996553,24073.764874999993,10713.771398733932
1776286611,200,GET,GET /v1/timeline/user/:id,98.700000,0.000000,100,120,130,140,160,190,220,230,420,420,420,30790,160,140.0,188.0177376678793,67.30812500001093,12374.399374999995,10902.267099707697
1776286611,200,POST,POST /v1/tweets,50.300000,0.000000,86,93,99,100,120,130,140,150,160,160,160,15396,0,110.0,138.2575589371918,62.52783300004694,12357.503124999994,214.55274097168095
1776286611,200,POST,POST /v1/tweets/:id/like,96.600000,0.000000,90,97,100,110,120,140,150,160,240,240,240,30274,0,110.0,155.2054906309371,64.9275410000314,12374.681124999996,0.0
1776286611,200,,Aggregated,481.400000,0.000000,96,110,120,130,150,170,200,220,300,24000,24000,154023,359,130.0,179.3962298913914,23.60312499996553,24073.764874999993,7596.114275140726
1776286612,200,GET,GET /v1/timeline/home,237.900000,0.000000,100,120,130,140,160,180,220,230,300,24000,24000,77801,199,140.0,193.33245061237992,23.60312499996553,24073.764874999993,10713.853420907186
1776286612,200,GET,GET /v1/timeline/user/:id,98.300000,0.000000,100,120,130,140,160,190,220,230,420,420,420,30884,160,140.0,187.79158647004925,67.30812500001093,12374.399374999995,10902.276032897293
1776286612,200,POST,POST /v1/tweets,49.600000,0.000000,87,95,100,100,120,130,140,150,160,160,160,15445,0,110.0,138.10500405885432,62.52783300004694,12357.503124999994,214.5529297507284
1776286612,200,POST,POST /v1/tweets/:id/like,95.800000,0.000000,90,97,100,110,130,140,150,160,240,240,240,30380,0,110.0,154.99024087488436,64.9275410000314,12374.681124999996,0.0
1776286612,200,,Aggregated,481.600000,0.000000,96,110,120,130,150,170,210,230,300,24000,24000,154510,359,130.0,179.16541746231812,23.60312499996553,24073.764874999993,7595.418891981101
1776286613,200,GET,GET /v1/timeline/home,237.200000,0.000000,100,120,130,140,160,190,220,230,290,24000,24000,78047,199,140.0,193.06764608471522,23.60312499996553,24073.764874999993,10713.94421310236
1776286613,200,GET,GET /v1/timeline/user/:id,97.900000,0.000000,100,120,130,140,160,190,220,230,420,420,420,30966,160,140.0,187.57980599002147,67.30812500001093,12374.399374999995,10902.166925014531
1776286613,200,POST,POST /v1/tweets,48.300000,0.000000,87,94,100,100,120,130,140,150,160,160,160,15490,0,110.0,137.96449485558463,62.52783300004694,12357.503124999994,214.55242091672048
1776286613,200,POST,POST /v1/tweets/:id/like,95.400000,0.000000,90,98,110,110,130,140,150,160,24000,24000,24000,30494,0,110.0,155.56050512474548,64.9275410000314,24059.648583000013,0.0
1776286613,200,,Aggregated,478.800000,0.000000,97,110,120,130,150,170,210,230,300,24000,24000,154997,359,130.0,179.08526561706222,23.60312499996553,24073.764874999993,7594.41229185081
1776286614,200,GET,GET /v1/timeline/home,239.000000,0.000000,100,120,130,140,160,190,220,230,290,24000,24000,78289,199,140.0,192.83030270930485,23.60312499996553,24073.764874999993,10714.031230441058
1776286614,200,GET,GET /v1/timeline/user/:id,99.100000,0.000000,100,120,130,140,160,190,220,240,420,420,420,31071,160,140.0,187.31975756052287,67.30812500001093,12374.399374999995,10902.127321296386
1776286614,200,POST,POST /v1/tweets,49.200000,0.000000,88,94,100,100,120,130,140,150,160,160,160,15543,0,110.0,137.80565912185585,62.52783300004694,12357.503124999994,214.55266036157755
1776286614,200,POST,POST /v1/tweets/:id/like,95.700000,0.000000,90,99,110,110,130,140,150,160,24000,24000,24000,30585,0,110.0,155.375325906915,64.9275410000314,24059.648583000013,0.0
1776286614,200,,Aggregated,483.000000,0.000000,97,110,120,130,150,170,210,230,310,24000,24000,155488,359,130.0,178.86120767239774,23.60312499996553,24073.764874999993,7594.5769512759825
1776286615,200,GET,GET /v1/timeline/home,237.600000,0.000000,100,120,130,140,170,190,220,230,290,24000,24000,78541,199,140.0,192.5675555009966,23.60312499996553,24073.764874999993,10714.124533683045
1776286615,200,GET,GET /v1/timeline/user/:id,97.200000,0.000000,100,120,130,140,160,190,220,240,420,420,420,31157,160,140.0,187.1247612347789,67.30812500001093,12374.399374999995,10902.202747376192
1776286615,200,POST,POST /v1/tweets,48.700000,0.000000,87,93,100,100,120,130,140,150,160,160,160,15596,0,110.0,137.64081488977982,62.52783300004694,12357.503124999994,214.55264170300077
1776286615,200,POST,POST /v1/tweets/:id/like,97.400000,0.000000,90,99,110,110,130,140,150,160,24000,24000,24000,30686,0,110.0,155.1822561123313,64.9275410000314,24059.648583000013,0.0
1776286615,200,,Aggregated,480.900000,0.000000,97,110,120,130,150,180,220,230,310,24000,24000,155980,359,130.0,178.63356470367833,23.60312499996553,24073.764874999993,7594.077118861393
1776286616,200,GET,GET /v1/timeline/home,239.800000,0.000000,100,120,130,140,170,190,220,230,280,24000,24000,78781,199,140.0,192.33903164599045,23.60312499996553,24073.764874999993,10714.214188700322
1776286616,200,GET,GET /v1/timeline/user/:id,97.900000,0.000000,100,120,130,140,160,190,220,240,310,310,310,31245,160,140.0,186.92795333000495,67.30812500001093,12374.399374999995,10902.276524243878
1776286616,200,POST,POST /v1/tweets,49.800000,0.000000,87,93,100,100,120,130,140,150,160,160,160,15638,0,110.0,137.52515094788373,62.52783300004694,12357.503124999994,214.55218058575267
1776286616,200,POST,POST /v1/tweets/:id/like,96.000000,0.000000,91,99,110,110,130,140,150,160,24000,24000,24000,30797,0,110.0,154.97635475383956,64.9275410000314,24059.648583000013,0.0
1776286616,200,,Aggregated,483.500000,0.000000,97,110,120,130,150,180,210,230,300,24000,24000,156461,359,130.0,178.42561572389135,23.60312499996553,24073.764874999993,7593.415004378088
1776286617,200,GET,GET /v1/timeline/home,239.800000,0.000000,100,120,140,140,170,200,220,230,280,24000,24000,79034,199,140.0,192.1017663887035,23.60312499996553,24073.764874999993,10714.304198193182
1776286617,200,GET,GET /v1/timeline/user/:id,97.700000,0.000000,110,120,130,140,160,190,230,250,310,310,310,31332,160,140.0,186.75627106386457,67.30812500001093,12374.399374999995,10902.324811694114
1776286617,200,POST,POST /v1/tweets,48.700000,0.000000,88,94,100,110,120,130,140,150,160,160,160,15683,0,110.0,137.4121277297714,62.52783300004694,12357.503124999994,214.55225403302939
1776286617,200,POST,POST /v1/tweets/:id/like,96.700000,0.000000,90,99,110,110,130,140,150,160,24000,24000,24000,30895,0,110.0,154.7866048355073,64.9275410000314,24059.648583000013,0.0
1776286617,200,,Aggregated,482.900000,0.000000,98,110,130,130,160,180,220,230,300,24000,24000,156944,359,130.0,178.2239846398509,23.60312499996553,24073.764874999993,7593.477813742481
1776286618,200,GET,GET /v1/timeline/home,240.500000,0.000000,100,130,140,150,180,200,230,240,280,24000,24000,79302,199,140.0,191.8841573282488,23.60312499996553,24073.764874999993,10714.398804569872
1776286618,200,GET,GET /v1/timeline/user/:id,96.500000,0.000000,110,120,140,150,170,200,240,250,310,310,310,31425,160,140.0,186.58049310975355,67.30812500001093,12374.399374999995,10902.273890214798
1776286618,200,POST,POST /v1/tweets,47.900000,0.000000,88,93,100,110,120,130,140,150,210,210,210,15725,0,110.0,137.3150637824487,62.52783300004694,12357.503124999994,214.55236883942766
1776286618,200,POST,POST /v1/tweets/:id/like,98.100000,0.000000,91,100,110,120,130,140,150,170,24000,24000,24000,30993,0,110.0,154.63134254160616,64.9275410000314,24059.648583000013,0.0
1776286618,200,,Aggregated,483.000000,0.000000,99,120,130,140,160,190,220,240,300,24000,24000,157445,359,130.0,178.04222438178263,23.60312499996553,24073.764874999993,7594.087122487218
1776286619,200,GET,GET /v1/timeline/home,242.600000,0.000000,100,120,140,150,180,200,220,240,270,24000,24000,79553,199,140.0,191.6509390488074,23.60312499996553,24073.764874999993,10714.487461189396
1776286619,200,GET,GET /v1/timeline/user/:id,94.500000,0.000000,110,120,130,140,170,200,240,250,310,310,310,31516,160,140.0,186.3719167832531,67.30812500001093,12374.399374999995,10902.205482929307
1776286619,200,POST,POST /v1/tweets,47.500000,0.000000,88,95,100,110,120,130,150,150,210,210,210,15770,0,110.0,137.20208700177585,62.52783300004694,12357.503124999994,214.55256816740646
1776286619,200,POST,POST /v1/tweets/:id/like,98.800000,0.000000,91,100,110,120,130,140,150,160,24000,24000,24000,31089,0,110.0,154.4576138781241,64.9275410000314,24059.648583000013,0.0
1776286619,200,,Aggregated,483.400000,0.000000,99,120,130,140,160,190,220,230,290,24000,24000,157928,359,130.0,177.8387249465946,23.60312499996553,24073.764874999993,7594.264620586597
1776286620,200,GET,GET /v1/timeline/home,244.300000,0.000000,110,130,140,150,180,200,230,240,270,310,310,79785,199,140.0,191.49251419890675,23.60312499996553,24073.764874999993,10714.570407971423
1776286620,200,GET,GET /v1/timeline/user/:id,93.800000,0.000000,110,130,140,150,170,190,230,250,310,310,310,31615,160,140.0,186.20036186952402,67.30812500001093,12374.399374999995,10902.127471137119
1776286620,200,POST,POST /v1/tweets,45.800000,0.000000,89,97,100,110,120,140,150,160,210,210,210,15805,0,110.0,137.1294962337871,62.52783300004694,12357.503124999994,214.5525466624486
1776286620,200,POST,POST /v1/tweets/:id/like,99.600000,0.000000,91,100,110,120,130,140,150,170,24000,24000,24000,31165,0,110.0,154.33794757160263,64.9275410000314,24059.648583000013,0.0
1776286620,200,,Aggregated,483.500000,0.000000,100,120,130,140,160,190,220,240,280,24000,24000,158370,359,130.0,177.6992391861389,23.60312499996553,24073.764874999993,7595.654246385047
1776286621,200,GET,GET /v1/timeline/home,246.200000,0.000000,110,130,140,150,180,210,240,260,330,390,390,80022,199,140.0,191.35954599231195,23.60312499996553,24073.764874999993,10714.647247007073
1776286621,200,GET,GET /v1/timeline/user/:id,92.200000,0.000000,110,130,140,150,170,210,240,260,400,400,400,31709,160,140.0,186.0868132131886,67.30812500001093,12374.399374999995,10902.086600018922
1776286621,200,POST,POST /v1/tweets,45.200000,0.000000,90,99,110,110,130,140,160,180,210,210,210,15850,0,110.0,137.05725522687723,62.52783300004694,12357.503124999994,214.55211356466876
1776286621,200,POST,POST /v1/tweets/:id/like,98.300000,0.000000,93,110,110,120,140,150,190,210,24000,24000,24000,31275,0,110.0,154.24426198708218,64.9275410000314,24059.648583000013,0.0
1776286621,200,,Aggregated,481.900000,0.000000,100,120,130,140,170,200,230,250,330,24000,24000,158856,359,130.0,177.5818800584545,23.60312499996553,24073.764874999993,7594.943955532054
1776286622,200,GET,GET /v1/timeline/home,244.400000,0.000000,110,130,150,160,190,210,240,270,330,390,390,80241,199,140.0,191.2342274527582,23.60312499996553,24073.764874999993,10714.71343826722
1776286622,200,GET,GET /v1/timeline/user/:id,92.500000,0.000000,120,130,150,160,190,220,250,270,400,400,400,31812,160,140.0,185.95931493791653,67.30812500001093,12374.399374999995,10902.105683389917
1776286622,200,POST,POST /v1/tweets,44.700000,0.000000,91,100,110,120,130,140,170,180,210,210,210,15904,0,110.0,136.94830053055867,62.52783300004694,12357.503124999994,214.5519994969819
1776286622,200,POST,POST /v1/tweets/:id/like,98.800000,0.000000,95,110,120,120,140,160,190,210,330,330,330,31361,0,110.0,154.1445392039155,64.9275410000314,24059.648583000013,0.0
1776286622,200,,Aggregated,480.400000,0.000000,110,130,140,150,180,200,240,260,330,400,400,159318,359,130.0,177.46090233026922,23.60312499996553,24073.764874999993,7594.8062491369465
1776286623,200,GET,GET /v1/timeline/home,243.600000,0.000000,120,140,150,160,190,210,240,270,330,390,390,80474,199,140.0,191.06867206072468,23.60312499996553,24073.764874999993,10714.79296418719
1776286623,200,GET,GET /v1/timeline/user/:id,91.100000,0.000000,120,140,150,160,190,220,250,270,400,400,400,31916,160,140.0,185.79642102099265,67.30812500001093,12374.399374999995,10902.22098633914
1776286623,200,POST,POST /v1/tweets,44.700000,0.000000,94,110,120,120,140,150,170,180,210,210,210,15958,0,110.0,136.88257892173243,62.52783300004694,12357.503124999994,214.55207419476125
1776286623,200,POST,POST /v1/tweets/:id/like,99.200000,0.000000,96,110,120,130,150,160,190,210,330,330,330,31445,0,110.0,154.03585132176806,64.9275410000314,24059.648583000013,0.0
1776286623,200,,Aggregated,478.600000,0.000000,110,130,140,150,180,210,240,260,330,400,400,159793,359,130.0,177.31670616339156,23.60312499996553,24073.764874999993,7595.08461572159
1776286624,200,GET,GET /v1/timeline/home,240.600000,0.000000,120,140,150,160,190,210,240,270,330,390,390,80722,199,140.0,190.8356755133392,23.60312499996553,24073.764874999993,10714.879747776318
1776286624,200,GET,GET /v1/timeline/user/:id,91.000000,0.000000,120,140,150,160,190,220,250,270,400,400,400,32010,160,140.0,185.60700274064362,67.30812500001093,12374.399374999995,10902.234864104967
1776286624,200,POST,POST /v1/tweets,45.200000,0.000000,95,110,120,120,140,150,170,180,210,210,210,15996,0,110.0,136.7714509108531,62.52783300004694,12357.503124999994,214.55220055013754
1776286624,200,POST,POST /v1/tweets/:id/like,98.000000,0.000000,96,110,120,130,140,160,190,210,330,330,330,31557,0,110.0,153.8263916436605,64.9275410000314,24059.648583000013,0.0
1776286624,200,,Aggregated,474.800000,0.000000,110,130,140,150,180,210,240,260,330,400,400,160285,359,130.0,177.10960555501035,23.60312499996553,24073.764874999993,7594.840677543127
1776286625,200,GET,GET /v1/timeline/home,240.900000,0.000000,120,140,150,160,190,210,240,270,330,390,390,80978,199,140.0,190.61333329513928,23.60312499996553,24073.764874999993,10714.963422164044
1776286625,200,GET,GET /v1/timeline/user/:id,94.500000,0.000000,120,140,150,160,190,220,250,270,400,400,400,32095,160,140.0,185.43886251285258,67.30812500001093,12374.399374999995,10902.202523757594
1776286625,200,POST,POST /v1/tweets,46.400000,0.000000,95,110,120,120,140,150,170,180,210,210,210,16051,0,110.0,136.6377147721018,62.52783300004694,12357.503124999994,214.55199053018504
1776286625,200,POST,POST /v1/tweets/:id/like,94.700000,0.000000,96,110,120,120,150,170,190,210,330,330,330,31651,0,110.0,153.64771925503135,64.9275410000314,24059.648583000013,0.0
1776286625,200,,Aggregated,476.500000,0.000000,110,130,140,150,180,210,240,260,330,400,400,160775,359,130.0,176.91446255868027,23.60312499996553,24073.764874999993,7594.627721971699
1776286626,200,GET,GET /v1/timeline/home,240.300000,0.000000,120,140,150,160,190,220,250,280,330,390,390,81208,199,140.0,190.45224597745025,23.60312499996553,24073.764874999993,10715.03897399271
1776286626,200,GET,GET /v1/timeline/user/:id,93.300000,0.000000,120,150,160,170,200,230,250,270,400,400,400,32194,160,140.0,185.31600731294662,67.30812500001093,12374.399374999995,10902.332080511896
1776286626,200,POST,POST /v1/tweets,45.100000,0.000000,98,110,120,130,140,160,180,190,220,220,220,16106,0,110.0,136.58095029125826,62.52783300004694,12357.503124999994,214.5522786539178
1776286626,200,POST,POST /v1/tweets/:id/like,96.700000,0.000000,97,110,120,130,150,170,200,210,330,330,330,31739,0,110.0,153.5199723229464,64.9275410000314,24059.648583000013,0.0
1776286626,200,,Aggregated,475.400000,0.000000,110,130,150,160,180,210,240,260,330,400,400,161247,359,130.0,176.7763289718185,23.60312499996553,24073.764874999993,7594.51117230088
1776286627,200,GET,GET /v1/timeline/home,240.000000,0.000000,120,140,160,170,200,230,260,290,360,390,390,81383,199,140.0,190.39545723615228,23.60312499996553,24073.764874999993,10715.090424290085
1776286627,200,GET,GET /v1/timeline/user/:id,93.000000,0.000000,130,150,160,170,210,230,260,280,400,400,400,32257,160,140.0,185.2897687330193,67.30812500001093,12374.399374999995,10902.42071488359
1776286627,200,POST,POST /v1/tweets,44.700000,0.000000,100,120,130,130,160,190,220,240,280,280,280,16152,0,110.0,136.64170903070854,62.52783300004694,12357.503124999994,214.55225359088658
1776286627,200,POST,POST /v1/tweets/:id/like,95.200000,0.000000,99,110,120,130,160,190,230,240,330,330,330,31819,0,110.0,153.49608188550854,64.9275410000314,24059.648583000013,0.0
1776286627,200,,Aggregated,472.900000,0.000000,120,130,150,160,190,220,250,270,330,400,400,161611,359,130.0,176.7390479611527,23.60312499996553,24073.764874999993,7593.363304478037
1776286628,200,GET,GET /v1/timeline/home,239.500000,0.000000,120,140,160,170,210,240,290,300,360,450,450,81644,199,140.0,190.2200003276149,23.60312499996553,24073.764874999993,10715.17948655137
1776286628,200,GET,GET /v1/timeline/user/:id,92.600000,0.000000,130,150,170,180,220,240,290,300,510,510,510,32367,160,140.0,185.16598354870715,67.30812500001093,12374.399374999995,10902.252386690147
1776286628,200,POST,POST /v1/tweets,45.000000,0.000000,100,120,130,140,170,210,250,280,290,290,290,16203,0,110.0,136.6373700557924,62.52783300004694,12357.503124999994,214.55230512867988
1776286628,200,POST,POST /v1/tweets/:id/like,92.700000,0.000000,100,120,130,140,170,210,280,290,330,330,330,31912,0,110.0,153.48772513270853,64.9275410000314,24059.648583000013,0.0
1776286628,200,,Aggregated,469.800000,0.000000,120,140,150,160,200,230,280,290,360,510,510,162126,359,130.0,176.62573978089773,23.60312499996553,24073.764874999993,7593.968320935569
1776286629,200,GET,GET /v1/timeline/home,234.200000,0.000000,120,150,160,170,210,250,290,300,360,450,450,81871,199,140.0,190.11148294208917,23.60312499996553,24073.764874999993,10715.249526694433
1776286629,200,GET,GET /v1/timeline/user/:id,92.500000,0.000000,130,150,170,180,220,250,290,300,510,510,510,32464,160,140.0,185.06280602026865,67.30812500001093,12374.399374999995,10902.287826515525
1776286629,200,POST,POST /v1/tweets,46.400000,0.000000,100,120,140,150,180,210,250,280,290,290,290,16254,0,110.0,136.61565433204154,62.52783300004694,12357.503124999994,214.5522948197367
1776286629,200,POST,POST /v1/tweets/:id/like,92.200000,0.000000,100,120,140,150,180,220,280,290,330,330,330,32001,0,110.0,153.43651740908072,64.9275410000314,24059.648583000013,0.0
1776286629,200,,Aggregated,465.300000,0.000000,120,140,160,170,210,240,280,300,360,510,510,162590,359,130.0,176.53711171483397,23.60312499996553,24073.764874999993,7593.870465588289
1776286630,200,GET,GET /v1/timeline/home,230.400000,0.000000,120,140,160,170,210,230,280,290,320,450,450,82089,199,140.0,189.88050946114294,23.60312499996553,24073.764874999993,10715.317216679457
1776286630,200,GET,GET /v1/timeline/user/:id,94.100000,0.000000,120,150,160,170,210,240,290,300,590,590,590,32576,160,140.0,184.81734503465736,67.30812500001093,12374.399374999995,10902.33018172888
1776286630,200,POST,POST /v1/tweets,47.500000,0.000000,100,120,130,140,180,210,250,280,290,290,290,16305,0,110.0,136.46603900484533,62.52783300004694,12357.503124999994,214.5517325973628
1776286630,200,POST,POST /v1/tweets/:id/like,91.800000,0.000000,100,120,130,140,170,200,280,290,330,330,330,32085,0,110.0,153.26718579108598,64.9275410000314,24059.648583000013,0.0
1776286630,200,,Aggregated,463.800000,0.000000,110,140,150,160,200,230,280,290,340,590,590,163055,359,130.0,176.32312652225215,23.60312499996553,24073.764874999993,7594.138474747784
1776286631,200,GET,GET /v1/timeline/home,228.300000,0.000000,120,140,160,170,200,230,280,290,320,450,450,82338,199,140.0,189.72512668751685,23.60312499996553,24073.764874999993,10715.397167771867
1776286631,200,GET,GET /v1/timeline/user/:id,93.200000,0.000000,130,150,160,180,210,240,290,300,590,590,590,32685,160,140.0,184.65060722239565,67.30812500001093,12374.399374999995,10902.303227780327
1776286631,200,POST,POST /v1/tweets,47.100000,0.000000,100,120,130,150,180,210,250,280,290,290,290,16349,0,110.0,136.4152959515568,62.52783300004694,12357.503124999994,214.5518380329072
1776286631,200,POST,POST /v1/tweets/:id/like,90.300000,0.000000,100,120,130,140,170,200,280,290,320,320,320,32168,0,110.0,153.18343923004198,64.9275410000314,24059.648583000013,0.0
1776286631,200,,Aggregated,458.900000,0.000000,110,140,150,160,200,230,280,290,340,590,590,163540,359,130.0,176.1939043960182,23.60312499996553,24073.764874999993,7595.290821817292
1776286632,200,GET,GET /v1/timeline/home,228.700000,0.000000,120,140,150,160,200,230,270,290,360,48000,48000,82568,199,140.0,190.09224417179485,23.60312499996553,47503.897999999994,10715.467493459935
1776286632,200,GET,GET /v1/timeline/user/:id,94.900000,0.000000,120,150,160,170,200,230,290,300,590,590,590,32785,160,140.0,184.45628083163038,67.30812500001093,12374.399374999995,10902.371053835595
1776286632,200,POST,POST /v1/tweets,49.700000,0.000000,95,110,130,140,180,210,250,280,290,290,290,16402,0,110.0,136.2576230418243,62.52783300004694,12357.503124999994,214.55200585294477
1776286632,200,POST,POST /v1/tweets/:id/like,90.700000,0.000000,97,110,130,130,170,200,280,290,320,320,320,32253,0,110.0,153.02720313443695,64.9275410000314,24059.648583000013,0.0
1776286632,200,,Aggregated,464.000000,0.000000,110,130,150,160,190,230,280,290,360,48000,48000,164008,359,130.0,176.29273876682092,23.60312499996553,47503.897999999994,7595.410205599726
1776286633,200,GET,GET /v1/timeline/home,228.400000,0.000000,110,140,150,160,200,230,280,290,360,48000,48000,82803,199,140.0,189.85954546330146,23.60312499996553,47503.897999999994,10715.544823255195
1776286633,200,GET,GET /v1/timeline/user/:id,96.100000,0.000000,120,140,160,170,200,230,290,300,590,590,590,32881,160,140.0,184.24748778379623,67.30812500001093,12374.399374999995,10902.35585900672
1776286633,200,POST,POST /v1/tweets,49.600000,0.000000,95,120,120,140,180,210,250,280,290,290,290,16463,0,100.0,136.10636255068957,62.52783300004694,12357.503124999994,214.55196501245217
1776286633,200,POST,POST /v1/tweets/:id/like,89.000000,0.000000,97,110,130,130,170,200,280,290,320,320,320,32351,0,110.0,152.86148312361277,64.9275410000314,24059.648583000013,0.0
1776286633,200,,Aggregated,463.100000,0.000000,110,130,150,160,190,230,280,290,360,48000,48000,164498,359,130.0,176.08191270423202,23.60312499996553,47503.897999999994,7594.571301778745
1776286634,200,GET,GET /v1/timeline/home,231.600000,0.000000,110,140,150,160,200,230,280,290,360,48000,48000,83041,199,140.0,189.6572463342414,23.60312499996553,47503.897999999994,10715.620452547537
1776286634,200,GET,GET /v1/timeline/user/:id,97.300000,0.000000,120,140,160,160,200,230,290,300,590,590,590,32975,160,140.0,184.05724538741478,67.30812500001093,12374.399374999995,10902.507020470053
1776286634,200,POST,POST /v1/tweets,49.600000,0.000000,95,120,130,140,180,210,250,280,290,290,290,16517,0,100.0,135.99533664860456,62.52783300004694,12357.503124999994,214.5514924017679
1776286634,200,POST,POST /v1/tweets/:id/like,88.300000,0.000000,100,120,130,140,170,200,280,290,320,320,320,32451,0,110.0,152.71757976117817,64.9275410000314,24059.648583000013,0.0
1776286634,200,,Aggregated,466.800000,0.000000,110,130,150,160,190,230,280,290,360,48000,48000,164984,359,130.0,175.90001585454817,23.60312499996553,47503.897999999994,7594.007624981817
1776286635,200,GET,GET /v1/timeline/home,232.400000,0.000000,120,140,160,170,210,240,280,290,360,48000,48000,83253,199,140.0,189.5462851604715,23.60312499996553,47503.897999999994,10715.689644817605
1776286635,200,GET,GET /v1/timeline/user/:id,95.800000,0.000000,120,140,160,170,210,240,290,300,590,590,590,33068,160,140.0,183.953904454004,67.30812500001093,12374.399374999995,10902.499183500666
1776286635,200,POST,POST /v1/tweets,49.800000,0.000000,95,120,130,140,190,210,250,280,290,290,290,16549,0,100.0,135.95404024466748,62.52783300004694,12357.503124999994,214.55133240679194
1776286635,200,POST,POST /v1/tweets/:id/like,88.900000,0.000000,100,120,130,150,180,210,280,290,320,320,320,32530,0,110.0,152.63837380620947,64.9275410000314,24059.648583000013,0.0
1776286635,200,,Aggregated,466.900000,0.000000,110,130,150,160,200,230,280,290,360,48000,48000,165400,359,130.0,175.80722069452708,23.60312499996553,47503.897999999994,7594.847418379685
1776286636,200,GET,GET /v1/timeline/home,230.500000,0.000000,120,140,160,170,220,280,310,330,450,48000,48000,83453,199,140.0,189.60818860618244,23.60312499996553,47503.897999999994,10715.749511701197
1776286636,200,GET,GET /v1/timeline/user/:id,95.400000,0.000000,120,140,160,170,220,280,320,340,610,610,610,33138,160,140.0,184.03617003464302,67.30812500001093,12374.399374999995,10902.540376606916
1776286636,200,POST,POST /v1/tweets,51.800000,0.000000,94,120,130,140,190,240,290,300,330,330,330,16583,0,100.0,136.0842339375265,62.52783300004694,12357.503124999994,214.55104625218598
1776286636,200,POST,POST /v1/tweets/:id/like,88.600000,0.000000,100,120,140,160,200,270,290,300,340,340,340,32602,0,110.0,152.76472901205426,64.9275410000314,24059.648583000013,0.0
1776286636,200,,Aggregated,466.300000,0.000000,110,140,150,170,220,280,310,320,500,48000,48000,165776,359,130.0,175.89447997898816,23.60312499996553,47503.897999999994,7595.235299440208
1776286637,200,GET,GET /v1/timeline/home,228.700000,0.000000,120,150,160,180,220,270,310,330,430,48000,48000,83673,199,140.0,189.5576555246225,23.60312499996553,47503.897999999994,10715.8206948478
1776286637,200,GET,GET /v1/timeline/user/:id,96.600000,0.000000,120,140,160,170,210,260,310,340,610,610,610,33204,160,140.0,183.9781040481268,67.30812500001093,12374.399374999995,10902.547283459824
1776286637,200,POST,POST /v1/tweets,50.300000,0.000000,94,120,130,140,190,230,290,300,330,330,330,16630,0,110.0,136.16651348538804,62.52783300004694,12357.503124999994,214.55129284425738
1776286637,200,POST,POST /v1/tweets/:id/like,88.800000,0.000000,100,130,140,150,200,230,290,300,340,340,340,32691,0,110.0,152.78628602673496,64.9275410000314,24059.648583000013,0.0
1776286637,200,,Aggregated,464.400000,0.000000,120,140,160,170,210,260,300,320,430,48000,48000,166198,359,130.0,175.8676534813159,23.60312499996553,47503.897999999994,7594.5621066438825
1776286638,200,GET,GET /v1/timeline/home,225.600000,0.000000,120,150,170,200,260,320,400,430,580,48000,48000,83890,199,140.0,189.64304194593788,23.60312499996553,47503.897999999994,10715.889271665275
1776286638,200,GET,GET /v1/timeline/user/:id,95.900000,0.000000,120,150,160,180,250,340,400,460,780,780,780,33300,160,140.0,184.11879184504525,67.30812500001093,12374.399374999995,10902.651831831832
1776286638,200,POST,POST /v1/tweets,49.200000,0.000000,95,120,140,170,210,300,370,390,470,470,470,16662,0,110.0,136.3752418011045,62.52783300004694,12357.503124999994,214.5509542671948
1776286638,200,POST,POST /v1/tweets/:id/like,86.800000,0.000000,100,130,150,170,240,310,390,410,480,480,480,32775,0,110.0,152.9823454653239,64.9275410000314,24059.648583000013,0.0
1776286638,200,,Aggregated,457.500000,0.000000,120,140,170,190,250,320,400,430,610,48000,48000,166627,359,130.0,176.00143559447602,23.60312499996553,47503.897999999994,7595.342321472511
1776286639,200,GET,GET /v1/timeline/home,227.000000,0.000000,120,150,170,190,250,320,400,430,580,48000,48000,84135,199,140.0,189.39206465254327,23.60312499996553,47503.897999999994,10715.965495929162
1776286639,200,GET,GET /v1/timeline/user/:id,94.700000,0.000000,120,150,160,180,250,340,400,450,780,780,780,33392,160,140.0,183.91613820738516,67.30812500001093,12374.399374999995,10902.722568279827
1776286639,200,POST,POST /v1/tweets,47.300000,0.000000,94,120,130,150,220,300,370,390,470,470,470,16715,0,100.0,136.22569124367345,62.52783300004694,12357.503124999994,214.55094226742446
1776286639,200,POST,POST /v1/tweets/:id/like,86.300000,0.000000,100,130,140,170,230,310,390,410,480,480,480,32864,0,110.0,152.8144464764786,64.9275410000314,24059.648583000013,0.0
1776286639,200,,Aggregated,455.300000,0.000000,110,140,160,180,250,320,400,430,610,48000,48000,167106,359,130.0,175.7862401392156,23.60312499996553,47503.897999999994,7595.4046413653605
1776286640,200,GET,GET /v1/timeline/home,223.900000,0.000000,120,140,160,180,250,320,400,430,580,48000,48000,84384,199,140.0,189.1736441168793,23.60312499996553,47503.897999999994,10716.0389173303
1776286640,200,GET,GET /v1/timeline/user/:id,91.600000,0.000000,120,150,160,180,250,340,400,450,780,780,780,33501,160,140.0,183.7068361348619,67.30812500001093,12374.399374999995,10902.75472373959
1776286640,200,POST,POST /v1/tweets,45.900000,0.000000,92,110,130,140,210,300,370,390,470,470,470,16762,0,100.0,136.11785969090812,62.52783300004694,12357.503124999994,214.55082925665195
1776286640,200,POST,POST /v1/tweets/:id/like,85.100000,0.000000,100,120,140,160,230,310,390,410,480,480,480,32963,0,110.0,152.65844321930618,62.38991699996177,24059.648583000013,0.0
1776286640,200,,Aggregated,446.500000,0.000000,110,140,160,170,240,320,390,430,610,48000,48000,167610,359,130.0,175.59381499009424,23.60312499996553,47503.897999999994,7595.6787482847085
1776286641,200,GET,GET /v1/timeline/home,228.200000,0.000000,110,140,160,180,250,320,400,430,500,740,740,84618,199,140.0,188.9358581053408,23.60312499996553,47503.897999999994,10716.102921364249
1776286641,200,GET,GET /v1/timeline/user/:id,92.900000,0.000000,120,140,160,170,250,340,400,450,780,780,780,33613,160,140.0,183.45247323502835,67.30812500001093,12374.399374999995,10902.639692975932
1776286641,200,POST,POST /v1/tweets,46.300000,0.000000,90,110,120,140,210,300,370,390,470,470,470,16820,0,100.0,135.93509232639732,62.411375000010594,12357.503124999994,214.55101070154578
1776286641,200,POST,POST /v1/tweets/:id/like,86.200000,0.000000,96,120,140,150,230,300,390,410,480,480,480,33069,0,110.0,152.44028924007344,62.38991699996177,24059.648583000013,0.0
1776286641,200,,Aggregated,453.600000,0.000000,110,130,150,170,240,320,390,430,580,780,780,168120,359,130.0,175.3583071723573,23.60312499996553,47503.897999999994,7594.898721151559
1776286642,200,GET,GET /v1/timeline/home,226.000000,0.000000,110,140,160,180,250,320,400,430,500,740,740,84860,199,140.0,188.69567557870283,23.60312499996553,47503.897999999994,10716.170846099458
1776286642,200,GET,GET /v1/timeline/user/:id,92.000000,0.000000,110,140,150,170,240,330,400,450,780,780,780,33722,160,140.0,183.2000888272347,67.30812500001093,12374.399374999995,10902.604353241208
1776286642,200,POST,POST /v1/tweets,45.100000,0.000000,90,110,120,140,220,300,370,390,470,470,470,16870,0,100.0,135.78773157048033,62.411375000010594,12357.503124999994,214.55103734439834
1776286642,200,POST,POST /v1/tweets/:id/like,86.800000,0.000000,93,110,130,150,230,300,390,410,480,480,480,33166,0,110.0,152.24778184975546,62.38991699996177,24059.648583000013,0.0
1776286642,200,,Aggregated,449.900000,0.000000,110,130,150,170,240,320,390,430,580,780,780,168618,359,130.0,175.13419320276446,23.60312499996553,47503.897999999994,7594.986051311248
1776286643,200,GET,GET /v1/timeline/home,228.600000,0.000000,110,130,160,170,250,320,400,430,500,740,740,85115,199,140.0,188.44913730926066,23.60312499996553,47503.897999999994,10716.251788756388
1776286643,200,GET,GET /v1/timeline/user/:id,93.300000,0.000000,110,140,150,170,240,330,400,450,780,780,780,33833,160,140.0,182.9436872410371,67.30812500001093,12374.399374999995,10902.648863535602
1776286643,200,POST,POST /v1/tweets,46.700000,0.000000,88,100,120,130,220,300,370,390,470,470,470,16917,0,100.0,135.64661990222874,62.411375000010594,12357.503124999994,214.5511024413312
1776286643,200,POST,POST /v1/tweets/:id/like,89.100000,0.000000,92,110,130,150,230,300,390,410,480,480,480,33254,0,110.0,152.08564523425724,62.38991699996177,24059.648583000013,0.0
1776286643,200,,Aggregated,457.700000,0.000000,100,130,150,170,240,320,390,430,580,780,780,169119,359,130.0,174.9157221128893,23.60312499996553,47503.897999999994,7595.90969080943
1776286644,200,GET,GET /v1/timeline/home,227.600000,0.000000,110,130,150,170,240,320,400,430,500,740,740,85350,199,140.0,188.225877046429,23.60312499996553,47503.897999999994,10716.3210076157
1776286644,200,GET,GET /v1/timeline/user/:id,92.700000,0.000000,110,130,150,160,240,330,400,450,780,780,780,33935,160,140.0,182.7149371633125,67.30812500001093,12374.399374999995,10902.582083394725
1776286644,200,POST,POST /v1/tweets,46.100000,0.000000,88,96,110,130,220,300,370,390,470,470,470,16960,0,100.0,135.52860354092002,62.411375000010594,12357.503124999994,214.55129716981133
1776286644,200,POST,POST /v1/tweets/:id/like,89.900000,0.000000,91,100,120,140,230,300,390,410,480,480,480,33373,0,110.0,151.8592601027475,62.38991699996177,24059.648583000013,0.0
1776286644,200,,Aggregated,456.300000,0.000000,100,120,140,160,230,310,390,430,580,780,780,169618,359,130.0,174.69887748949245,23.60312499996553,47503.897999999994,7595.04245422066
1776286645,200,GET,GET /v1/timeline/home,227.800000,0.000000,100,120,140,150,190,260,400,430,480,740,740,85607,199,140.0,187.96402358012455,23.60312499996553,47503.897999999994,10716.40243204411
1776286645,200,GET,GET /v1/timeline/user/:id,93.600000,0.000000,100,120,140,150,180,250,400,440,780,780,780,34025,160,140.0,182.49907188267488,67.30812500001093,12374.399374999995,10902.597766348274
1776286645,200,POST,POST /v1/tweets,45.100000,0.000000,86,92,98,110,170,260,370,390,470,470,470,17009,0,100.0,135.37261962367006,62.411375000010594,12357.503124999994,214.5508260332765
1776286645,200,POST,POST /v1/tweets/:id/like,90.400000,0.000000,88,96,100,110,170,260,390,410,480,480,480,33483,0,110.0,151.64287173425305,62.38991699996177,24059.648583000013,0.0
1776286645,200,,Aggregated,456.900000,0.000000,95,110,130,140,180,260,390,420,480,780,780,170124,359,130.0,174.4643803865926,23.60312499996553,47503.897999999994,7594.514865627425
1776286646,200,GET,GET /v1/timeline/home,228.700000,0.000000,99,120,130,140,170,250,390,430,480,740,740,85859,199,140.0,187.73225228759608,23.60312499996553,47503.897999999994,10716.47828416357
1776286646,200,GET,GET /v1/timeline/user/:id,95.400000,0.000000,99,120,130,140,170,240,400,440,780,780,780,34121,160,140.0,182.29077071944002,67.30812500001093,12374.399374999995,10902.685003370358
1776286646,200,POST,POST /v1/tweets,43.600000,0.000000,84,89,93,97,120,260,370,390,470,470,470,17056,0,100.0,135.23366736614713,62.411375000010594,12357.503124999994,214.55083255159474
1776286646,200,POST,POST /v1/tweets/:id/like,90.400000,0.000000,87,92,97,100,130,250,380,410,480,480,480,33583,0,110.0,151.45189783488655,62.38991699996177,24059.648583000013,0.0
1776286646,200,,Aggregated,458.100000,0.000000,92,110,120,130,160,250,390,420,480,780,780,170619,359,130.0,174.25492678110095,23.60312499996553,47503.897999999994,7594.558654077213
1776286647,200,GET,GET /v1/timeline/home,230.700000,0.000000,95,110,120,130,150,160,180,190,240,260,260,86128,199,140.0,187.46922454571933,23.60312499996553,47503.897999999994,10716.554790544305
1776286647,200,GET,GET /v1/timeline/user/:id,94.800000,0.000000,97,110,130,130,150,170,180,210,260,260,260,34207,160,140.0,182.1108399782797,67.30812500001093,12374.399374999995,10902.648756102551
1776286647,200,POST,POST /v1/tweets,45.200000,0.000000,84,87,91,92,100,110,130,130,190,190,190,17110,0,100.0,135.07401713758068,62.411375000010594,12357.503124999994,214.5509643483343
1776286647,200,POST,POST /v1/tweets/:id/like,93.200000,0.000000,85,90,93,96,110,120,130,140,180,180,180,33676,0,110.0,151.26947643182058,62.38991699996177,24059.648583000013,0.0
1776286647,200,,Aggregated,463.900000,0.000000,91,100,110,120,140,160,170,180,240,260,260,171121,359,130.0,174.03522768305874,23.60312499996553,47503.897999999994,7594.703771015831
1776286648,200,GET,GET /v1/timeline/home,235.400000,0.000000,95,110,120,130,150,160,170,190,240,260,260,86400,199,140.0,187.21120892902445,23.60312499996553,47503.897999999994,10716.627141203704
1776286648,200,GET,GET /v1/timeline/user/:id,96.400000,0.000000,95,110,120,130,150,170,180,210,260,260,260,34283,160,140.0,181.93045569153853,67.30812500001093,12374.399374999995,10902.691771431904
1776286648,200,POST,POST /v1/tweets,46.300000,0.000000,83,87,90,92,99,110,120,130,190,190,190,17155,0,100.0,134.94025575983713,62.411375000010594,12357.503124999994,214.55120955989509
1776286648,200,POST,POST /v1/tweets/:id/like,95.800000,0.000000,85,90,92,95,100,110,130,140,180,180,180,33786,0,110.0,151.05572745074858,62.38991699996177,24059.648583000013,0.0
1776286648,200,,Aggregated,473.900000,0.000000,91,100,110,120,140,160,170,180,240,260,260,171624,359,130.0,173.8139138998725,23.60312499996553,47503.897999999994,7594.358557078264
1776286649,200,GET,GET /v1/timeline/home,240.000000,0.000000,95,110,120,130,150,160,170,180,230,250,250,86635,199,140.0,187.00797021230116,23.60312499996553,47503.897999999994,10716.692202920298
1776286649,200,GET,GET /v1/timeline/user/:id,98.600000,0.000000,94,110,120,130,150,170,180,200,260,260,260,34387,160,140.0,181.6992012345077,67.30812500001093,12374.399374999995,10902.834123360572
1776286649,200,POST,POST /v1/tweets,47.100000,0.000000,83,87,89,91,99,110,130,140,150,150,150,17213,0,100.0,134.79729144512896,62.411375000010594,12357.503124999994,214.55161796316736
1776286649,200,POST,POST /v1/tweets/:id/like,97.200000,0.000000,85,90,92,94,100,110,130,140,190,190,190,33884,0,110.0,150.89456689561433,62.38991699996177,24059.648583000013,0.0
1776286649,200,,Aggregated,482.900000,0.000000,91,100,110,120,140,160,170,180,240,260,260,172119,359,130.0,173.6165281841618,23.60312499996553,47503.897999999994,7593.87088584061
1776286650,200,GET,GET /v1/timeline/home,248.600000,0.000000,96,110,120,130,150,160,180,180,230,250,250,86863,199,140.0,186.8138803225046,23.60312499996553,47503.897999999994,10716.75665127845
1776286650,200,GET,GET /v1/timeline/user/:id,99.000000,0.000000,94,110,120,130,150,170,180,180,240,240,240,34497,160,140.0,181.47357099107217,67.30812500001093,12374.399374999995,10902.866973939763
1776286650,200,POST,POST /v1/tweets,48.900000,0.000000,84,87,90,91,98,110,130,140,150,150,150,17266,0,100.0,134.64987390101962,62.411375000010594,12357.503124999994,214.5517201436349
1776286650,200,POST,POST /v1/tweets/:id/like,99.300000,0.000000,85,90,92,95,100,110,130,140,190,190,190,33972,0,110.0,150.7371467466148,62.38991699996177,24059.648583000013,0.0
1776286650,200,,Aggregated,495.800000,0.000000,91,100,110,120,140,160,170,180,230,250,250,172598,359,130.0,173.42735684645092,23.60312499996553,47503.897999999994,7594.006216758015
1776286651,200,GET,GET /v1/timeline/home,246.700000,0.000000,96,110,130,130,150,170,180,190,240,250,250,87101,199,140.0,186.6102375624356,23.60312499996553,47503.897999999994,10716.827028392327
1776286651,200,GET,GET /v1/timeline/user/:id,98.000000,0.000000,95,110,130,140,160,170,180,200,240,240,240,34600,160,140.0,181.28717539436462,67.30812500001093,12374.399374999995,10902.935462427746
1776286651,200,POST,POST /v1/tweets,49.200000,0.000000,84,87,90,92,99,110,130,140,150,150,150,17312,0,100.0,134.51950822776138,62.411375000010594,12357.503124999994,214.55198706099816
1776286651,200,POST,POST /v1/tweets/:id/like,100.900000,0.000000,86,90,93,95,100,110,130,140,190,190,190,34073,0,110.0,150.55152926994973,62.38991699996177,24059.648583000013,0.0
1776286651,200,,Aggregated,494.800000,0.000000,91,100,110,120,140,160,170,180,240,250,250,173086,359,130.0,173.23768851221226,23.60312499996553,47503.897999999994,7593.925805668859
1776286652,200,GET,GET /v1/timeline/home,248.400000,0.000000,95,110,120,130,150,170,180,190,240,250,250,87367,199,140.0,186.34567596609355,23.60312499996553,47503.897999999994,10716.90062609452
1776286652,200,GET,GET /v1/timeline/user/:id,98.000000,0.000000,95,110,130,130,150,170,180,210,240,240,240,34686,160,140.0,181.0946592424038,67.30812500001093,12374.399374999995,10903.04016029522
1776286652,200,POST,POST /v1/tweets,50.200000,0.000000,84,87,90,91,99,110,130,140,150,150,150,17377,0,100.0,134.33288750820074,62.411375000010594,12357.503124999994,214.55187892041204
1776286652,200,POST,POST /v1/tweets/:id/like,99.900000,0.000000,86,90,93,95,100,110,120,140,190,190,190,34180,0,110.0,150.36208490038024,62.38991699996177,24059.648583000013,0.0
1776286652,200,,Aggregated,496.500000,0.000000,91,100,110,120,140,160,170,180,240,250,250,173610,359,130.0,173.00610950254463,23.60312499996553,47503.897999999994,7592.964552733138
1776286653,200,GET,GET /v1/timeline/home,247.500000,0.000000,95,110,120,130,150,160,180,190,240,250,250,87615,199,140.0,186.10119077268396,23.60312499996553,47503.897999999994,10716.96974262398
1776286653,200,GET,GET /v1/timeline/user/:id,98.100000,0.000000,94,110,120,130,150,170,180,210,240,240,240,34789,160,140.0,180.8533049307257,67.30812500001093,12374.399374999995,10903.101238897352
1776286653,200,POST,POST /v1/tweets,49.400000,0.000000,84,87,89,91,98,110,130,140,150,150,150,17436,0,100.0,134.1618101710831,62.411375000010594,12357.503124999994,214.55184675384263
1776286653,200,POST,POST /v1/tweets/:id/like,100.500000,0.000000,86,90,93,95,100,110,120,140,190,190,190,34282,0,110.0,150.1704473684441,62.38991699996177,24059.648583000013,0.0
1776286653,200,,Aggregated,495.500000,0.000000,91,99,110,120,140,160,170,180,240,250,250,174122,359,130.0,172.77742073725193,23.60312499996553,47503.897999999994,7592.470905457093
1776286654,200,GET,GET /v1/timeline/home,248.800000,0.000000,95,110,120,130,150,160,180,190,240,250,250,87850,199,140.0,185.88501774628,23.60312499996553,47503.897999999994,10717.036733067729
1776286654,200,GET,GET /v1/timeline/user/:id,96.500000,0.000000,95,110,130,130,150,170,180,190,240,240,240,34889,160,140.0,180.64972397669794,67.30812500001093,12374.399374999995,10903.178136375362
1776286654,200,POST,POST /v1/tweets,49.700000,0.000000,84,87,90,91,99,110,130,140,150,150,150,17491,0,100.0,134.00792156549105,62.411375000010594,12357.503124999994,214.55194099822765
1776286654,200,POST,POST /v1/tweets/:id/like,100.700000,0.000000,86,90,93,96,100,110,120,140,190,190,190,34389,0,110.0,149.98174810314356,62.38991699996177,24059.648583000013,0.0
1776286654,200,,Aggregated,495.700000,0.000000,91,99,110,120,140,160,170,180,240,250,250,174619,359,130.0,172.57195334101553,23.60312499996553,47503.897999999994,7591.644591940167
1776286655,200,GET,GET /v1/timeline/home,249.500000,0.000000,96,110,120,130,150,170,180,200,260,270,270,88091,199,140.0,185.70988649289595,23.60312499996553,47503.897999999994,10717.102394115176
1776286655,200,GET,GET /v1/timeline/user/:id,95.900000,0.000000,97,110,130,140,160,170,190,220,260,260,260,34985,160,140.0,180.5106086963561,67.30812500001093,12374.399374999995,10903.125596684293
1776286655,200,POST,POST /v1/tweets,51.700000,0.000000,84,88,90,92,100,110,130,150,160,160,160,17542,0,100.0,133.8988909652266,62.411375000010594,12357.503124999994,214.55227454110135
1776286655,200,POST,POST /v1/tweets/:id/like,102.500000,0.000000,86,91,94,97,110,120,140,150,190,190,190,34479,0,110.0,149.8514475059603,62.38991699996177,24059.648583000013,0.0
1776286655,200,,Aggregated,499.600000,0.000000,92,100,110,120,150,160,180,190,260,270,270,175097,359,130.0,172.41937703191817,23.60312499996553,47503.897999999994,7591.7336790464715
1776286656,200,GET,GET /v1/timeline/home,248.100000,0.000000,98,120,130,140,160,170,200,230,280,310,310,88326,199,140.0,185.55921096564643,23.60312499996553,47503.897999999994,10717.169044222539
1776286656,200,GET,GET /v1/timeline/user/:id,94.400000,0.000000,98,120,130,140,170,180,220,230,300,300,300,35073,160,140.0,180.39192542676756,67.30812500001093,12374.399374999995,10903.28121346905
1776286656,200,POST,POST /v1/tweets,53.000000,0.000000,84,89,92,95,110,130,150,160,170,170,170,17599,0,100.0,133.79065635467947,62.411375000010594,12357.503124999994,214.55224728677766
1776286656,200,POST,POST /v1/tweets/:id/like,102.300000,0.000000,87,92,96,99,110,130,150,160,190,190,190,34571,0,110.0,149.72617268516976,62.38991699996177,24059.648583000013,0.0
1776286656,200,,Aggregated,497.800000,0.000000,93,100,120,130,150,170,190,220,270,310,310,175569,359,130.0,172.28186152071135,23.60312499996553,47503.897999999994,7591.268162374907
1776286691,200,GET,GET /v1/timeline/home,248.100000,0.000000,0,0,0,0,0,0,0,0,0,0,0,88326,199,140.0,185.55921096564643,23.60312499996553,47503.897999999994,10717.169044222539
1776286691,200,GET,GET /v1/timeline/user/:id,94.400000,0.000000,0,0,0,0,0,0,0,0,0,0,0,35073,160,140.0,180.39192542676756,67.30812500001093,12374.399374999995,10903.28121346905
1776286691,200,POST,POST /v1/tweets,53.000000,0.000000,0,0,0,0,0,0,0,0,0,0,0,17599,0,100.0,133.79065635467947,62.411375000010594,12357.503124999994,214.55224728677766
1776286691,200,POST,POST /v1/tweets/:id/like,102.300000,0.000000,0,0,0,0,0,0,0,0,0,0,0,34571,0,110.0,149.72617268516976,62.38991699996177,24059.648583000013,0.0
1776286691,200,,Aggregated,497.800000,0.000000,0,0,0,0,0,0,0,0,0,0,0,175569,359,130.0,172.28186152071135,23.60312499996553,47503.897999999994,7591.268162374907
1776286693,200,GET,GET /v1/timeline/home,0.000000,0.000000,1300,1300,1400,1400,1600,1600,1700,1700,1700,1700,1700,88381,199,140.0,186.25861107291934,23.60312499996553,47503.897999999994,10717.18604677476
1776286693,200,GET,GET /v1/timeline/user/:id,0.000000,0.000000,1200,1300,1300,1300,1300,1500,1500,1500,1500,1500,1500,35086,160,140.0,180.79336770367155,67.30812500001093,12374.399374999995,10903.279199680785
1776286693,200,POST,POST /v1/tweets,0.000000,0.000000,1200,1200,1300,1300,1300,1400,1400,1400,1400,1400,1400,17612,0,100.0,134.60659870065888,62.411375000010594,12357.503124999994,214.55229389052917
1776286693,200,POST,POST /v1/tweets/:id/like,0.000000,0.000000,1200,1300,1300,1300,1400,1500,1500,1500,1500,1500,1500,34594,0,110.0,150.46388352127548,62.38991699996177,24059.648583000013,0.0
1776286693,200,,Aggregated,0.000000,0.000000,1200,1300,1300,1300,1400,1600,1600,1700,1700,1700,1700,175673,359,130.0,172.93993617310446,23.60312499996553,47503.897999999994,7590.960301241511
1776286694,200,GET,GET /v1/timeline/home,0.000000,0.000000,1300,1700,1900,2100,2900,2900,2900,2900,3000,3000,3000,88491,199,140.0,187.76509151314468,23.60312499996553,47503.897999999994,10717.217355437277
1776286694,200,GET,GET /v1/timeline/user/:id,0.000000,0.000000,1200,1500,1900,1900,2800,2900,2900,2900,2900,2900,2900,35129,160,140.0,182.04205723092085,67.30812500001093,12374.399374999995,10903.337840530616
1776286694,200,POST,POST /v1/tweets,0.000000,0.000000,1200,1200,1300,1300,1900,1900,2400,2400,2400,2400,2400,17627,0,100.0,135.16404861292364,62.411375000010594,12357.503124999994,214.55239121801782
1776286694,200,POST,POST /v1/tweets/:id/like,0.000000,0.000000,1200,1200,1300,1800,2400,2400,2400,2400,2400,2400,2400,34645,0,110.0,151.57571259815293,62.38991699996177,24059.648583000013,0.0
1776286694,200,,Aggregated,0.000000,0.000000,1200,1400,1900,1900,2800,2900,2900,2900,3000,3000,3000,175892,359,130.0,174.22255355228083,23.60312499996553,47503.897999999994,7590.922560434812
1776286696,200,GET,GET /v1/timeline/home,11.800000,0.000000,1200,1400,1500,1600,2100,2900,2900,2900,4300,4300,4300,88664,199,140.0,188.84709890297844,23.60312499996553,47503.897999999994,10717.265293693043
1776286696,200,GET,GET /v1/timeline/user/:id,3.900000,0.000000,470,1200,1400,1500,1900,2700,2900,2900,2900,2900,2900,35221,160,140.0,183.410169176117,67.30812500001093,12374.399374999995,10903.388063939126
1776286696,200,POST,POST /v1/tweets,2.500000,0.000000,420,1200,1300,1400,1500,1900,1900,2400,2400,2400,2400,17666,0,100.0,136.3233392169707,62.411375000010594,12357.503124999994,214.552643495981
1776286696,200,POST,POST /v1/tweets/:id/like,6.400000,0.000000,430,1200,1400,1500,1800,2400,2400,2400,4400,4400,4400,34713,0,110.0,152.74418752248476,62.38991699996177,24059.648583000013,0.0
1776286696,200,,Aggregated,24.600000,0.000000,1100,1300,1500,1500,1900,2800,2900,2900,4400,4400,4400,176264,359,130.0,175.3864988753279,23.60312499996553,47503.897999999994,7591.193482503518
1776286697,200,GET,GET /v1/timeline/home,16.500000,0.000000,290,950,1300,1400,1900,2800,2900,2900,4300,4300,4300,88859,199,140.0,188.92113866035706,23.60312499996553,47503.897999999994,10717.321475596169
1776286697,200,GET,GET /v1/timeline/user/:id,5.600000,0.000000,280,440,1200,1300,1600,1900,2800,2900,2900,2900,2900,35298,160,140.0,183.48498921134387,67.30812500001093,12374.399374999995,10903.524788939883
1776286697,200,POST,POST /v1/tweets,2.800000,0.000000,260,340,1200,1200,1500,1600,1900,1900,2400,2400,2400,17705,0,100.0,136.44079402857983,62.411375000010594,12357.503124999994,214.55278170008472
1776286697,200,POST,POST /v1/tweets/:id/like,7.400000,0.000000,250,340,1200,1200,1500,2400,2400,2400,4400,4400,4400,34807,0,110.0,152.85395778538825,62.38991699996177,24059.648583000013,0.0
1776286697,200,,Aggregated,32.300000,0.000000,280,470,1200,1300,1600,2100,2900,2900,4300,4400,4400,176669,359,130.0,175.46976875577934,23.60312499996553,47503.897999999994,7590.475657868669
1776286698,200,GET,GET /v1/timeline/home,26.600000,0.000000,250,330,1100,1200,1600,1900,2900,2900,4300,4300,4300,89044,199,140.0,188.9718654974695,23.60312499996553,47503.897999999994,10717.37187233278
1776286698,200,GET,GET /v1/timeline/user/:id,10.400000,0.000000,240,310,450,1200,1500,1900,2700,2800,2900,2900,2900,35374,160,140.0,183.55357392836586,67.30812500001093,12374.399374999995,10903.570786453327
1776286698,200,POST,POST /v1/tweets,4.900000,0.000000,220,280,330,1100,1400,1500,1900,1900,2400,2400,2400,17748,0,100.0,136.55568964948208,62.411375000010594,12357.503124999994,214.552738336714
1776286698,200,POST,POST /v1/tweets/:id/like,11.300000,0.000000,230,270,330,960,1500,1700,2400,2400,4400,4400,4400,34901,0,110.0,152.9415943062665,62.38991699996177,24059.648583000013,0.0
1776286698,200,,Aggregated,53.200000,0.000000,240,300,470,1200,1500,1900,2800,2900,4300,4400,4400,177067,359,130.0,175.53378031073422,23.60312499996553,47503.897999999994,7589.378348308832
1776286699,200,GET,GET /v1/timeline/home,45.600000,0.000000,210,260,330,500,1400,1900,2900,2900,4300,4300,4300,89295,199,140.0,188.74395380457648,23.60312499996553,47503.897999999994,10717.442992328797
1776286699,200,GET,GET /v1/timeline/user/:id,19.300000,0.000000,210,260,320,430,1400,1700,2700,2800,2900,2900,2900,35463,160,140.0,183.36846391475666,67.30812500001093,12374.399374999995,10903.601218171052
1776286699,200,POST,POST /v1/tweets,8.900000,0.000000,200,230,280,310,1200,1500,1900,1900,2400,2400,2400,17797,0,100.0,136.43951505090794,62.411375000010594,12357.503124999994,214.5529021745238
1776286699,200,POST,POST /v1/tweets/:id/like,20.000000,0.000000,200,240,290,330,1300,1600,2400,2400,4400,4400,4400,34985,0,110.0,152.8028486747465,62.38991699996177,24059.648583000013,0.0
1776286699,200,,Aggregated,93.800000,0.000000,210,250,310,420,1400,1700,2400,2900,4300,4400,4400,177540,359,130.0,175.34476118641297,23.60312499996553,47503.897999999994,7589.877661372085
1776286700,200,GET,GET /v1/timeline/home,62.600000,0.000000,180,230,280,330,1300,1700,2800,2900,3000,4300,4300,89545,199,140.0,188.51595523971935,23.60312499996553,47503.897999999994,10717.510056396226
1776286700,200,GET,GET /v1/timeline/user/:id,26.700000,0.000000,190,230,290,320,1200,1500,2100,2800,2900,2900,2900,35557,160,140.0,183.17528772860513,67.30812500001093,12374.399374999995,10903.767640689597
1776286700,200,POST,POST /v1/tweets,13.400000,0.000000,130,200,240,280,1200,1400,1600,1900,2400,2400,2400,17855,0,100.0,136.27941738706292,62.411375000010594,12357.503124999994,214.55329039484738
1776286700,200,POST,POST /v1/tweets/:id/like,27.400000,0.000000,170,220,250,290,1200,1500,2400,2400,4400,4400,4400,35094,0,110.0,152.60435437131713,62.38991699996177,24059.648583000013,0.0
1776286700,200,,Aggregated,130.100000,0.000000,170,230,270,310,1300,1600,2400,2900,3000,4400,4400,178051,359,130.0,175.13291768908792,23.60312499996553,47503.897999999994,7589.036585023392
1776286701,200,GET,GET /v1/timeline/home,87.200000,0.000000,150,210,250,280,1200,1600,2800,2900,3000,4300,4300,89795,199,140.0,188.28418334620716,23.60312499996553,47503.897999999994,10717.578283868812
1776286701,200,GET,GET /v1/timeline/user/:id,35.300000,0.000000,160,210,250,290,1200,1500,1900,2800,2900,2900,2900,35650,160,140.0,182.97573401279146,67.30812500001093,12374.399374999995,10903.757251051893
1776286701,200,POST,POST /v1/tweets,18.000000,0.000000,99,180,210,240,1100,1400,1500,1900,2400,2400,2400,17913,0,100.0,136.1114000068112,62.411375000010594,12357.503124999994,214.5534527996427
1776286701,200,POST,POST /v1/tweets/:id/like,38.100000,0.000000,110,200,230,250,1100,1500,1900,2400,4400,4400,4400,35204,0,110.0,152.39956661936142,62.38991699996177,24059.648583000013,0.0
1776286701,200,,Aggregated,178.600000,0.000000,140,200,240,280,1200,1500,1900,2800,3000,4400,4400,178562,359,130.0,174.91572122130563,23.60312499996553,47503.897999999994,7588.104882337788
1776286702,200,GET,GET /v1/timeline/home,111.700000,0.000000,130,180,220,240,420,1500,2100,2900,3000,4300,4300,90044,199,140.0,188.04296017442215,23.60312499996553,47503.897999999994,10717.644673715073
1776286702,200,GET,GET /v1/timeline/user/:id,45.200000,0.000000,140,190,220,250,430,1500,1900,2700,2900,2900,2900,35739,160,140.0,182.7964513034505,67.30812500001093,12374.399374999995,10903.960211533618
1776286702,200,POST,POST /v1/tweets,23.300000,0.000000,91,120,190,200,280,1100,1500,1900,2400,2400,2400,17974,0,100.0,135.93389918009396,62.411375000010594,12357.503124999994,214.55352175364416
1776286702,200,POST,POST /v1/tweets/:id/like,47.400000,0.000000,98,170,210,230,310,1400,1900,2400,4400,4400,4400,35290,0,110.0,152.24032359787495,62.38991699996177,24059.648583000013,0.0
1776286702,200,,Aggregated,227.600000,0.000000,120,180,220,240,380,1500,1900,2800,2900,4400,4400,179047,359,130.0,174.7079794842235,23.60312499996553,47503.897999999994,7588.022228800259
1776286703,200,GET,GET /v1/timeline/home,136.800000,0.000000,120,160,190,220,290,1200,1600,2900,3000,4300,4300,90298,199,140.0,187.83986301599916,23.60312499996553,47503.897999999994,10717.715298234734
1776286703,200,GET,GET /v1/timeline/user/:id,53.600000,0.000000,130,170,200,220,310,1200,1500,2700,2900,2900,2900,35832,160,140.0,182.63340016510443,67.30812500001093,12374.399374999995,10904.061927885688
1776286703,200,POST,POST /v1/tweets,28.300000,0.000000,90,100,140,190,240,330,1500,1500,1600,1600,1600,18019,0,100.0,135.81961181641654,62.411375000010594,12357.503124999994,214.55336034186138
1776286703,200,POST,POST /v1/tweets/:id/like,58.700000,0.000000,94,120,180,200,250,340,1500,1500,4400,4400,4400,35393,0,110.0,152.0683997263584,62.38991699996177,24059.648583000013,0.0
1776286703,200,,Aggregated,277.400000,0.000000,110,150,190,210,280,1100,1500,2700,2900,4400,4400,179542,359,130.0,174.52838000116841,23.60312499996553,47503.897999999994,7588.021967004935
1776286704,200,GET,GET /v1/timeline/home,160.900000,0.000000,110,140,170,190,250,390,1400,1500,1700,4300,4300,90507,199,140.0,187.62819457189724,23.60312499996553,47503.897999999994,10717.772592175192
1776286704,200,GET,GET /v1/timeline/user/:id,63.500000,0.000000,120,150,180,200,260,490,1400,1500,1700,1700,1700,35935,160,140.0,182.40757875366697,67.30812500001093,12374.399374999995,10904.01352441909
1776286704,200,POST,POST /v1/tweets,34.600000,0.000000,88,98,120,160,230,280,1400,1500,1600,1600,1600,18071,0,100.0,135.67129184112724,62.411375000010594,12357.503124999994,214.55353881910244
1776286704,200,POST,POST /v1/tweets/:id/like,68.800000,0.000000,92,100,140,180,230,270,1400,1500,4400,4400,4400,35513,0,110.0,151.8608319056685,62.38991699996177,24059.648583000013,0.0
1776286704,200,,Aggregated,327.800000,0.000000,100,140,170,190,240,330,1400,1500,1700,4400,4400,180026,359,130.0,174.31499331740307,23.60312499996553,47503.897999999994,7586.384005643629
1776286705,200,GET,GET /v1/timeline/home,181.800000,0.000000,100,130,150,170,220,250,290,330,470,1700,1700,90776,199,140.0,187.3873447784845,23.60312499996553,47503.897999999994,10717.847140213273
1776286705,200,GET,GET /v1/timeline/user/:id,70.700000,0.000000,110,140,160,170,220,250,300,320,490,490,490,36037,160,140.0,182.1774704194307,67.30812500001093,12374.399374999995,10904.010960956793
1776286705,200,POST,POST /v1/tweets,39.100000,0.000000,87,93,100,110,200,230,260,280,310,310,310,18120,0,100.0,135.53406122996748,62.411375000010594,12357.503124999994,214.5532008830022
1776286705,200,POST,POST /v1/tweets/:id/like,75.800000,0.000000,91,98,110,130,210,240,260,290,330,330,330,35619,0,110.0,151.6762030060924,62.38991699996177,24059.648583000013,0.0
1776286705,200,,Aggregated,367.400000,0.000000,97,120,140,160,210,240,280,310,440,1700,1700,180552,359,130.0,174.09851441954552,23.60312499996553,47503.897999999994,7586.50604258053
1776286706,200,GET,GET /v1/timeline/home,197.500000,0.000000,98,120,140,150,180,230,270,300,400,520,520,91021,199,140.0,187.17900291035818,23.60312499996553,47503.897999999994,10717.9114819657
1776286706,200,GET,GET /v1/timeline/user/:id,77.800000,0.000000,100,120,140,150,190,230,280,300,340,340,340,36118,160,140.0,182.01478613854658,67.30812500001093,12374.399374999995,10904.05603854034
1776286706,200,POST,POST /v1/tweets,42.600000,0.000000,86,90,95,99,140,200,250,280,310,310,310,18169,0,100.0,135.40323810886724,62.411375000010594,12357.503124999994,214.55280973086025
1776286706,200,POST,POST /v1/tweets/:id/like,83.100000,0.000000,89,94,99,100,150,220,240,260,330,330,330,35717,0,110.0,151.50364550950547,62.38991699996177,24059.648583000013,0.0
1776286706,200,,Aggregated,401.000000,0.000000,94,110,130,140,180,220,260,290,350,520,520,181025,359,130.0,173.9131457506907,23.60312499996553,47503.897999999994,7586.167253141832
1776286707,200,GET,GET /v1/timeline/home,214.200000,0.000000,96,110,130,140,160,190,250,280,340,470,470,91274,199,140.0,186.998397393855,23.60312499996553,47503.897999999994,10717.976258299186
1776286707,200,GET,GET /v1/timeline/user/:id,87.600000,0.000000,100,120,130,140,170,200,250,290,440,440,440,36215,160,140.0,181.89330839768118,67.30812500001093,12374.399374999995,10904.081623636615
1776286707,200,POST,POST /v1/tweets,47.600000,0.000000,85,88,91,94,100,120,200,240,290,290,290,18212,0,100.0,135.29789996249772,62.411375000010594,12357.503124999994,214.55287722380848
1776286707,200,POST,POST /v1/tweets/:id/like,93.200000,0.000000,88,92,96,99,110,130,220,250,330,330,330,35814,0,110.0,151.3353478748536,62.38991699996177,24059.648583000013,0.0
1776286707,200,,Aggregated,442.600000,0.000000,92,100,120,130,150,180,240,270,340,470,470,181515,359,130.0,173.75603884117453,23.60312499996553,47503.897999999994,7586.542809134231
1776286708,200,GET,GET /v1/timeline/home,232.100000,0.000000,96,110,130,140,160,180,230,250,300,310,310,91522,199,140.0,186.8314149920646,23.60312499996553,47503.897999999994,10718.046207469242
1776286708,200,GET,GET /v1/timeline/user/:id,91.200000,0.000000,100,120,130,140,160,190,230,250,440,440,440,36318,160,140.0,181.7322534714748,67.30812500001093,12374.399374999995,10904.121565064155
1776286708,200,POST,POST /v1/tweets,49.900000,0.000000,84,88,90,92,100,110,130,140,150,150,150,18248,0,100.0,135.1994689185669,62.411375000010594,12357.503124999994,214.5531565103025
1776286708,200,POST,POST /v1/tweets/:id/like,99.800000,0.000000,87,91,94,96,100,110,130,130,150,150,150,35913,0,110.0,151.1624742757499,62.38991699996177,24059.648583000013,0.0
1776286708,200,,Aggregated,473.000000,0.000000,92,100,110,120,150,170,210,240,310,440,440,182001,359,130.0,173.59879666579752,23.60312499996553,47503.897999999994,7587.145554145307
1776286709,200,GET,GET /v1/timeline/home,237.700000,0.000000,96,110,130,140,160,180,240,250,300,310,310,91766,199,140.0,186.65017757153754,23.60312499996553,47503.897999999994,10718.1110433058
1776286709,200,GET,GET /v1/timeline/user/:id,90.000000,0.000000,99,120,130,140,170,190,230,250,440,440,440,36417,160,140.0,181.55786646898477,67.30812500001093,12374.399374999995,10904.11865337617
1776286709,200,POST,POST /v1/tweets,50.300000,0.000000,84,87,90,91,97,100,120,130,140,140,140,18300,0,100.0,135.06566489945402,62.411375000010594,12357.503124999994,214.55327868852459
1776286709,200,POST,POST /v1/tweets/:id/like,100.500000,0.000000,87,91,93,95,100,110,120,130,140,140,140,36013,0,110.0,150.99774552828168,62.38991699996177,24059.648583000013,0.0
1776286709,200,,Aggregated,478.500000,0.000000,92,100,110,120,150,170,220,240,310,440,440,182496,359,130.0,173.42580930870162,23.60312499996553,47503.897999999994,7586.904874627389
1776286710,200,GET,GET /v1/timeline/home,246.700000,0.000000,96,110,130,140,160,180,240,250,300,310,310,92034,199,140.0,186.4172650765882,23.60312499996553,47503.897999999994,10718.18293239455
1776286710,200,GET,GET /v1/timeline/user/:id,92.900000,0.000000,99,120,130,140,170,190,230,250,440,440,440,36499,160,140.0,181.40412371673253,67.30812500001093,12374.399374999995,10904.093838187348
1776286710,200,POST,POST /v1/tweets,49.700000,0.000000,84,87,90,92,98,110,120,130,140,140,140,18348,0,100.0,134.94034827120166,62.411375000010594,12357.503124999994,214.5533028122956
1776286710,200,POST,POST /v1/tweets/:id/like,102.400000,0.000000,87,91,93,96,100,110,120,130,140,140,140,36116,0,110.0,150.81921356310244,62.38991699996177,24059.648583000013,0.0
1776286710,200,,Aggregated,491.700000,0.000000,92,100,110,120,150,170,220,240,310,440,440,182997,359,130.0,173.23053335694482,23.60312499996553,47503.897999999994,7586.804117007383
1776286711,200,GET,GET /v1/timeline/home,245.400000,0.000000,97,110,130,140,160,190,240,250,300,310,310,92295,199,140.0,186.19860949327418,23.60312499996553,47503.897999999994,10718.247402351157
1776286711,200,GET,GET /v1/timeline/user/:id,94.800000,0.000000,100,120,130,140,170,190,230,250,440,440,440,36592,160,140.0,181.21579638295316,67.30812500001093,12374.399374999995,10904.10152492348
1776286711,200,POST,POST /v1/tweets,49.700000,0.000000,84,87,90,92,99,110,130,130,140,140,140,18394,0,100.0,134.8168846472767,62.411375000010594,12357.503124999994,214.55333260845927
1776286711,200,POST,POST /v1/tweets/:id/like,101.400000,0.000000,87,91,94,96,100,110,120,130,140,140,140,36217,0,110.0,150.6441594902396,62.38991699996177,24059.648583000013,0.0
1776286711,200,,Aggregated,491.300000,0.000000,92,100,110,120,150,170,220,240,310,440,440,183498,359,130.0,173.03703792350248,23.60312499996553,47503.897999999994,7586.9492910004465
1776286712,200,GET,GET /v1/timeline/home,246.300000,0.000000,97,110,130,140,160,190,240,250,300,310,310,92522,199,140.0,186.00192299635484,23.60312499996553,47503.897999999994,10718.309180519227
1776286712,200,GET,GET /v1/timeline/user/:id,93.600000,0.000000,98,120,130,140,160,190,230,250,440,440,440,36713,160,140.0,180.97842118590194,67.30812500001093,12374.399374999995,10904.081714923868
1776286712,200,POST,POST /v1/tweets,49.200000,0.000000,84,87,90,91,100,110,130,140,140,140,140,18449,0,100.0,134.67514874063673,62.411375000010594,12357.503124999994,214.55314651200607
1776286712,200,POST,POST /v1/tweets/:id/like,102.700000,0.000000,87,91,94,96,100,110,130,130,140,140,140,36306,0,110.0,150.49012050592208,62.38991699996177,24059.648583000013,0.0
1776286712,200,,Aggregated,491.800000,0.000000,92,100,110,120,150,170,220,240,310,440,440,183990,359,130.0,172.84551785787755,23.60312499996553,47503.897999999994,7587.147372139791
1776286713,200,GET,GET /v1/timeline/home,248.200000,0.000000,97,110,130,140,160,180,230,250,300,310,310,92777,199,140.0,185.7790844656514,23.60312499996553,47503.897999999994,10718.373465406297
1776286713,200,GET,GET /v1/timeline/user/:id,94.100000,0.000000,97,120,130,140,160,190,230,250,440,440,440,36803,160,140.0,180.7988632788093,67.30812500001093,12374.399374999995,10904.069831263756
1776286713,200,POST,POST /v1/tweets,48.900000,0.000000,84,88,90,91,98,110,120,130,140,140,140,18498,0,100.0,134.5456855082716,62.411375000010594,12357.503124999994,214.5530327602984
1776286713,200,POST,POST /v1/tweets/:id/like,101.600000,0.000000,87,91,93,95,100,110,120,130,140,140,140,36402,0,110.0,150.31938988599543,62.38991699996177,24059.648583000013,0.0
1776286713,200,,Aggregated,492.800000,0.000000,92,100,110,120,150,170,210,240,310,440,440,184480,359,130.0,172.6513400145376,23.60312499996553,47503.897999999994,7587.217145490026
1776286714,200,GET,GET /v1/timeline/home,248.700000,0.000000,97,110,130,140,160,180,230,250,300,310,310,93032,199,140.0,185.55918006639362,23.60312499996553,47503.897999999994,10718.439741164331
1776286714,200,GET,GET /v1/timeline/user/:id,95.200000,0.000000,99,120,140,140,170,190,230,250,440,440,440,36901,160,140.0,180.61841342026005,67.30812500001093,12374.399374999995,10904.013685265982
1776286714,200,POST,POST /v1/tweets,47.700000,0.000000,85,88,90,92,98,110,120,130,140,140,140,18545,0,100.0,134.42307849792448,62.411375000010594,12357.503124999994,214.5533566999191
1776286714,200,POST,POST /v1/tweets/:id/like,100.900000,0.000000,87,90,93,95,100,110,120,130,140,140,140,36500,0,110.0,150.1490358392878,62.38991699996177,24059.648583000013,0.0
1776286714,200,,Aggregated,492.500000,0.000000,92,100,120,130,150,170,210,240,310,440,440,184978,359,130.0,172.45973852261287,23.60312499996553,47503.897999999994,7587.420055357935
1776286715,200,GET,GET /v1/timeline/home,246.900000,0.000000,97,110,130,140,160,180,230,250,300,310,310,93290,199,140.0,185.3405634054753,23.60312499996553,47503.897999999994,10718.503226498016
1776286715,200,GET,GET /v1/timeline/user/:id,97.300000,0.000000,99,120,130,150,170,190,230,250,440,440,440,36977,160,140.0,180.4742646292835,67.30812500001093,12374.399374999995,10904.027152013414
1776286715,200,POST,POST /v1/tweets,47.400000,0.000000,85,88,91,92,99,110,120,130,140,140,140,18597,0,100.0,134.2889350857671,62.411375000010594,12357.503124999994,214.55336882292843
1776286715,200,POST,POST /v1/tweets/:id/like,101.200000,0.000000,87,90,93,94,100,110,120,130,150,150,150,36609,0,110.0,149.96668038517856,62.38991699996177,24059.648583000013,0.0
1776286715,200,,Aggregated,492.800000,0.000000,92,100,120,130,150,170,220,240,310,440,440,185473,359,130.0,172.26938460748983,23.60312499996553,47503.897999999994,7586.642945334362
1776286716,200,GET,GET /v1/timeline/home,250.300000,0.000000,97,120,130,140,160,200,240,260,440,590,590,93545,199,140.0,185.20782754616286,23.60312499996553,47503.897999999994,10718.566027045807
1776286716,200,GET,GET /v1/timeline/user/:id,97.200000,0.000000,100,120,140,150,170,210,240,260,440,440,440,37062,160,140.0,180.3823929696999,67.30812500001093,12374.399374999995,10903.966650477578
1776286716,200,POST,POST /v1/tweets,46.500000,0.000000,85,88,91,93,100,110,140,160,170,170,170,18635,0,100.0,134.2246538657908,62.411375000010594,12357.503124999994,214.55331365709685
1776286716,200,POST,POST /v1/tweets/:id/like,98.900000,0.000000,87,91,93,95,100,120,150,180,280,280,280,36714,0,110.0,149.85608645906194,62.38991699996177,24059.648583000013,0.0
1776286716,200,,Aggregated,492.900000,0.000000,92,100,120,130,160,180,230,250,420,590,590,185956,359,130.0,172.15734506601547,23.60312499996553,47503.897999999994,7586.6832584052145
1776286717,200,GET,GET /v1/timeline/home,254.100000,0.000000,97,120,130,140,160,180,230,240,440,590,590,93782,199,140.0,185.0551373746116,23.60312499996553,47503.897999999994,10718.627337868675
1776286717,200,GET,GET /v1/timeline/user/:id,93.900000,0.000000,100,120,140,140,170,190,230,250,280,280,280,37162,160,140.0,180.2395245421673,67.30812500001093,12374.399374999995,10903.946369947796
1776286717,200,POST,POST /v1/tweets,46.900000,0.000000,85,89,91,93,100,110,130,160,170,170,170,18696,0,100.0,134.07858390147686,62.411375000010594,12357.503124999994,214.55316645271716
1776286717,200,POST,POST /v1/tweets/:id/like,97.900000,0.000000,87,91,94,96,100,120,150,180,280,280,280,36803,0,110.0,149.72075971401782,62.38991699996177,24059.648583000013,0.0
1776286717,200,,Aggregated,492.800000,0.000000,92,100,120,130,150,170,220,240,390,590,590,186443,359,130.0,172.00864837338483,23.60312499996553,47503.897999999994,7586.43687346803
1776286718,200,GET,GET /v1/timeline/home,250.400000,0.000000,98,120,130,140,160,190,230,240,440,590,590,94028,199,140.0,184.8879043882441,23.60312499996553,47503.897999999994,10718.685434126004
1776286718,200,GET,GET /v1/timeline/user/:id,92.900000,0.000000,100,120,140,150,170,200,230,240,280,280,280,37247,160,140.0,180.1256917726265,67.30812500001093,12374.399374999995,10903.957365693881
1776286718,200,POST,POST /v1/tweets,46.700000,0.000000,86,89,93,96,110,120,140,160,170,170,170,18745,0,100.0,133.9858506822092,62.411375000010594,12357.503124999994,214.55337423312884
1776286718,200,POST,POST /v1/tweets/:id/like,97.700000,0.000000,87,91,94,96,100,120,160,180,280,280,280,36904,0,110.0,149.57234112499992,62.38991699996177,24059.648583000013,0.0
1776286718,200,,Aggregated,487.700000,0.000000,93,100,120,130,160,180,220,240,390,590,590,186924,359,130.0,171.86216838494786,23.60312499996553,47503.897999999994,7586.067369626158
1776286719,200,GET,GET /v1/timeline/home,250.800000,0.000000,98,120,140,140,160,190,230,240,440,590,590,94287,199,140.0,184.71529727226235,23.60312499996553,47503.897999999994,10718.746868603306
1776286719,200,GET,GET /v1/timeline/user/:id,94.800000,0.000000,100,130,140,150,170,200,240,250,280,280,280,37342,160,140.0,179.9947217274923,67.30812500001093,12374.399374999995,10903.984682127364
1776286719,200,POST,POST /v1/tweets,47.500000,0.000000,86,90,93,96,110,120,140,160,170,170,170,18791,0,100.0,133.88188006428663,62.411375000010594,12357.503124999994,214.5534032249481
1776286719,200,POST,POST /v1/tweets/:id/like,98.200000,0.000000,88,91,94,97,110,130,160,180,280,280,280,36995,0,110.0,149.43359760002693,62.38991699996177,24059.648583000013,0.0
1776286719,200,,Aggregated,491.300000,0.000000,93,110,120,130,160,180,220,240,390,590,590,187415,359,130.0,171.71349403280942,23.60312499996553,47503.897999999994,7586.621961956087
1776286720,200,GET,GET /v1/timeline/home,247.500000,0.000000,99,120,140,150,170,200,230,240,440,590,590,94518,199,140.0,184.5612550796547,23.60312499996553,47503.897999999994,10718.80715842485
1776286720,200,GET,GET /v1/timeline/user/:id,94.300000,0.000000,100,130,140,150,180,210,240,250,280,280,280,37436,160,140.0,179.85220513118438,67.30812500001093,12374.399374999995,10903.898146169462
1776286720,200,POST,POST /v1/tweets,48.900000,0.000000,86,90,93,96,110,120,140,160,170,170,170,18844,0,100.0,133.75035404494852,62.411375000010594,12357.503124999994,214.55327955848014
1776286720,200,POST,POST /v1/tweets/:id/like,98.100000,0.000000,87,91,94,97,110,130,160,180,280,280,280,37105,0,110.0,149.2656388942998,62.38991699996177,24059.648583000013,0.0
1776286720,200,,Aggregated,488.800000,0.000000,94,110,120,140,160,190,230,240,390,590,590,187903,359,130.0,171.55767104147338,23.60312499996553,47503.897999999994,7585.624433883439
1776286721,200,GET,GET /v1/timeline/home,251.200000,0.000000,100,120,140,150,170,200,230,240,440,590,590,94783,199,140.0,184.40613884698504,23.60312499996553,47503.897999999994,10718.873342266019
1776286721,200,GET,GET /v1/timeline/user/:id,92.200000,0.000000,100,130,150,150,180,210,240,250,280,280,280,37510,160,140.0,179.74792414812092,67.30812500001093,12374.399374999995,10903.875019994668
1776286721,200,POST,POST /v1/tweets,49.100000,0.000000,87,91,95,98,110,130,140,160,170,170,170,18901,0,99,133.63384868276867,62.411375000010594,12357.503124999994,214.55362150150785
1776286721,200,POST,POST /v1/tweets/:id/like,97.900000,0.000000,88,92,96,98,110,140,160,180,280,280,280,37196,0,110.0,149.12977648483698,62.38991699996177,24059.648583000013,0.0
1776286721,200,,Aggregated,490.400000,0.000000,95,110,130,140,160,190,230,240,390,590,590,188390,359,130.0,171.41969442758625,23.60312499996553,47503.897999999994,7585.469515367057
1776286722,200,GET,GET /v1/timeline/home,249.400000,0.000000,100,120,140,150,180,210,230,240,440,590,590,95041,199,140.0,184.2099990227457,23.60312499996553,47503.897999999994,10718.934943866332
1776286722,200,GET,GET /v1/timeline/user/:id,92.200000,0.000000,110,130,150,160,180,220,250,250,280,280,280,37590,160,140.0,179.6134819710832,67.30812500001093,12374.399374999995,10903.963687150837
1776286722,200,POST,POST /v1/tweets,49.400000,0.000000,86,91,95,98,110,130,140,160,170,170,170,18946,0,99,133.5290300240161,62.411375000010594,12357.503124999994,214.55373165839754
1776286722,200,POST,POST /v1/tweets/:id/like,97.600000,0.000000,88,92,96,99,110,130,160,180,280,280,280,37309,0,100.0,148.95119386099861,62.38991699996177,24059.648583000013,0.0
1776286722,200,,Aggregated,488.600000,0.000000,95,110,130,140,170,200,230,240,390,590,590,188886,359,130.0,171.24738942541507,23.60312499996553,47503.897999999994,7584.909553910825
1776286723,200,GET,GET /v1/timeline/home,246.000000,0.000000,100,120,140,150,180,210,230,240,440,590,590,95286,199,140.0,184.00339334949265,23.60312499996553,47503.897999999994,10718.993440799279
1776286723,200,GET,GET /v1/timeline/user/:id,91.700000,0.000000,100,130,150,150,180,220,250,250,280,280,280,37689,160,140.0,179.42307473135435,67.30812500001093,12374.399374999995,10903.842473931385
1776286723,200,POST,POST /v1/tweets,49.900000,0.000000,86,91,95,98,110,130,140,160,170,170,170,18999,0,99,133.3951466853523,62.411375000010594,12357.503124999994,214.5538712563819
1776286723,200,POST,POST /v1/tweets/:id/like,96.800000,0.000000,88,92,96,99,110,130,160,180,280,280,280,37423,0,100.0,148.76291808449338,62.38991699996177,24059.648583000013,0.0
1776286723,200,,Aggregated,484.400000,0.000000,95,110,130,140,160,200,230,240,390,590,590,189397,359,130.0,171.0520899359596,23.60312499996553,47503.897999999994,7584.0759726922815
1776286724,200,GET,GET /v1/timeline/home,249.000000,0.000000,100,130,140,150,180,210,230,240,440,590,590,95551,199,130.0,183.8036005653396,23.60312499996553,47503.897999999994,10719.056838756267
1776286724,200,GET,GET /v1/timeline/user/:id,88.200000,0.000000,100,130,150,160,180,220,250,250,280,280,280,37783,160,140.0,179.25605051004456,67.30812500001093,12374.399374999995,10903.847868088824
1776286724,200,POST,POST /v1/tweets,50.400000,0.000000,86,91,95,98,110,130,140,160,170,170,170,19050,0,99,133.2606570581631,62.411375000010594,12357.503124999994,214.55370078740157
1776286724,200,POST,POST /v1/tweets/:id/like,97.600000,0.000000,88,92,96,98,110,130,160,180,280,280,280,37513,0,100.0,148.61497967760505,62.38991699996177,24059.648583000013,0.0
1776286724,200,,Aggregated,485.200000,0.000000,95,110,130,140,170,200,230,240,390,590,590,189897,359,130.0,170.87715152763823,23.60312499996553,47503.897999999994,7584.55337367099
1776286725,200,GET,GET /v1/timeline/home,249.600000,0.000000,100,130,140,150,180,210,230,240,420,590,590,95801,199,130.0,183.63122397323374,23.60312499996553,47503.897999999994,10719.117274349954
1776286725,200,GET,GET /v1/timeline/user/:id,87.300000,0.000000,100,130,150,150,180,210,240,260,280,280,280,37882,160,140.0,179.08198127297965,67.30812500001093,12374.399374999995,10903.845150731218
1776286725,200,POST,POST /v1/tweets,49.300000,0.000000,86,90,94,96,110,120,140,160,170,170,170,19103,0,99,133.128778985814,62.411375000010594,12357.503124999994,214.55363031984504
1776286725,200,POST,POST /v1/tweets/:id/like,100.000000,0.000000,88,92,95,98,110,120,150,170,280,280,280,37601,0,100.0,148.4695509865694,62.38991699996177,24059.648583000013,0.0
1776286725,200,,Aggregated,486.200000,0.000000,95,110,130,140,170,200,230,240,280,590,590,190387,359,130.0,170.71439307334492,23.60312499996553,47503.897999999994,7584.867842867423
1776286726,200,GET,GET /v1/timeline/home,248.200000,0.000000,100,120,140,150,170,200,230,240,270,290,290,96047,199,130.0,183.43784573845915,23.60312499996553,47503.897999999994,10719.17997438754
1776286726,200,GET,GET /v1/timeline/user/:id,87.100000,0.000000,100,130,140,150,180,200,230,250,280,280,280,37982,160,140.0,178.89886596187702,67.30812500001093,12374.399374999995,10903.86954346796
1776286726,200,POST,POST /v1/tweets,51.300000,0.000000,85,90,93,95,100,120,130,140,170,170,170,19151,0,99,133.01063201895494,62.411375000010594,12357.503124999994,214.55386141715837
1776286726,200,POST,POST /v1/tweets/:id/like,100.800000,0.000000,88,91,94,97,110,120,140,150,300,300,300,37688,0,100.0,148.3392727919497,62.38991699996177,24059.648583000013,0.0
1776286726,200,,Aggregated,487.400000,0.000000,94,110,120,130,160,180,220,240,280,300,300,190868,359,130.0,170.54450522551664,23.60312499996553,47503.897999999994,7585.37194815265
1776286727,200,GET,GET /v1/timeline/home,247.600000,0.000000,100,120,140,150,170,200,220,240,260,290,290,96314,199,130.0,183.26116769691623,23.60312499996553,47503.897999999994,10719.23998587952
1776286727,200,GET,GET /v1/timeline/user/:id,89.400000,0.000000,100,120,140,150,170,200,230,250,280,280,280,38080,160,140.0,178.755096053493,67.30812500001093,12374.399374999995,10903.874159663865
1776286727,200,POST,POST /v1/tweets,50.000000,0.000000,85,90,92,94,100,110,130,140,140,140,140,19200,0,99,132.8994260331253,62.411375000010594,12357.503124999994,214.55416666666667
1776286727,200,POST,POST /v1/tweets/:id/like,99.900000,0.000000,88,91,94,97,100,110,130,140,300,300,300,37772,0,100.0,148.216495393016,62.38991699996177,24059.648583000013,0.0
1776286727,200,,Aggregated,486.900000,0.000000,94,110,120,130,160,180,220,230,270,300,300,191366,359,130.0,170.39449331176337,23.60312499996553,47503.897999999994,7586.257997763448
1776286728,200,GET,GET /v1/timeline/home,249.400000,0.000000,100,120,130,150,170,190,220,240,260,290,290,96566,199,130.0,183.0667009809846,23.60312499996553,47503.897999999994,10719.300685541495
1776286728,200,GET,GET /v1/timeline/user/:id,90.000000,0.000000,99,120,140,150,170,200,230,250,280,280,280,38174,160,140.0,178.59009365366512,67.30812500001093,12374.399374999995,10903.948996699324
1776286728,200,POST,POST /v1/tweets,51.600000,0.000000,85,89,92,94,100,110,130,140,140,140,140,19240,0,99,132.80752370088385,62.411375000010594,12357.503124999994,214.55426195426196
1776286728,200,POST,POST /v1/tweets/:id/like,98.400000,0.000000,87,91,94,96,100,110,130,140,300,300,300,37878,0,100.0,148.04597224056184,62.38991699996177,24059.648583000013,0.0
1776286728,200,,Aggregated,489.400000,0.000000,93,100,120,130,160,180,210,230,270,300,300,191858,359,120.0,170.22182746926305,23.60312499996553,47503.897999999994,7586.315728299054
1776286729,200,GET,GET /v1/timeline/home,250.100000,0.000000,100,120,130,140,170,190,220,240,260,290,290,96842,199,130.0,182.8685213292041,23.60312499996553,47503.897999999994,10719.36276615518
1776286729,200,GET,GET /v1/timeline/user/:id,90.500000,0.000000,99,120,140,150,160,190,220,250,280,280,280,38264,160,140.0,178.44616386959044,67.30812500001093,12374.399374999995,10903.941563872047
1776286729,200,POST,POST /v1/tweets,50.400000,0.000000,85,90,92,94,100,110,130,140,140,140,140,19286,0,99,132.70997674520405,62.411375000010594,12357.503124999994,214.55428808462096
1776286729,200,POST,POST /v1/tweets/:id/like,96.800000,0.000000,87,91,94,96,100,110,130,140,300,300,300,37974,0,100.0,147.90166629538635,62.38991699996177,24059.648583000013,0.0
1776286729,200,,Aggregated,487.800000,0.000000,93,100,120,130,160,180,210,230,270,300,300,192366,359,120.0,170.0574937581376,23.60312499996553,47503.897999999994,7586.844052483287
1776286730,200,GET,GET /v1/timeline/home,252.400000,0.000000,99,120,130,140,160,180,210,230,260,270,270,97092,199,130.0,182.67849981618232,23.60312499996553,47503.897999999994,10719.41931364067
1776286730,200,GET,GET /v1/timeline/user/:id,90.800000,0.000000,99,120,130,150,160,180,210,230,270,270,270,38360,160,140.0,178.27909263042247,67.30812500001093,12374.399374999995,10903.921897810218
1776286730,200,POST,POST /v1/tweets,50.200000,0.000000,85,89,91,93,100,110,130,140,140,140,140,19335,0,98,132.59823989997443,62.411375000010594,12357.503124999994,214.55433152314455
1776286730,200,POST,POST /v1/tweets/:id/like,96.600000,0.000000,87,90,93,95,100,110,120,130,300,300,300,38066,0,100.0,147.7568884576262,62.38991699996177,24059.648583000013,0.0
1776286730,200,,Aggregated,490.000000,0.000000,93,100,120,130,150,170,200,220,260,300,300,192853,359,120.0,169.88954064468734,23.60312499996553,47503.897999999994,7587.088155227038
1776286731,200,GET,GET /v1/timeline/home,252.600000,0.000000,98,110,130,140,160,180,200,220,260,270,270,97338,199,130.0,182.48146373831176,23.60312499996553,47503.897999999994,10719.474347120344
1776286731,200,GET,GET /v1/timeline/user/:id,92.300000,0.000000,98,120,130,150,160,180,210,230,270,270,270,38454,160,140.0,178.10732779234954,67.30812500001093,12374.399374999995,10904.02798148437
1776286731,200,POST,POST /v1/tweets,49.100000,0.000000,85,89,91,92,98,100,120,130,140,140,140,19391,0,98,132.46345461616247,62.411375000010594,12357.503124999994,214.55427775772264
1776286731,200,POST,POST /v1/tweets/:id/like,97.000000,0.000000,87,90,93,95,100,110,120,120,300,300,300,38175,0,100.0,147.5818060876228,62.38991699996177,24059.648583000013,0.0
1776286731,200,,Aggregated,491.000000,0.000000,92,100,110,120,150,170,190,220,260,300,300,193358,359,120.0,169.70518000881214,23.60312499996553,47503.897999999994,7586.322303706079
1776286732,200,GET,GET /v1/timeline/home,255.200000,0.000000,97,110,130,140,160,180,200,220,260,270,270,97569,199,130.0,182.3028349722535,23.60312499996553,47503.897999999994,10719.528026319835
1776286732,200,GET,GET /v1/timeline/user/:id,92.700000,0.000000,97,120,130,140,160,180,210,230,270,270,270,38561,160,130.0,177.91268391657385,67.30812500001093,12374.399374999995,10904.008220741163
1776286732,200,POST,POST /v1/tweets,49.100000,0.000000,85,89,91,92,98,110,120,130,140,140,140,19434,0,98,132.36055066532901,62.411375000010594,12357.503124999994,214.55418338993516
1776286732,200,POST,POST /v1/tweets/:id/like,96.600000,0.000000,87,90,93,95,100,110,120,120,300,300,300,38282,0,100.0,147.41876459615494,62.38991699996177,24059.648583000013,0.0
1776286732,200,,Aggregated,493.600000,0.000000,92,100,110,120,150,170,190,210,260,300,300,193846,359,120.0,169.53342549144637,23.60312499996553,47503.897999999994,7586.08760046635
1776286733,200,GET,GET /v1/timeline/home,256.600000,0.000000,98,120,130,140,160,180,200,220,260,270,270,97849,199,130.0,182.09930508657035,23.60312499996553,47503.897999999994,10719.174452472687
1776286733,200,GET,GET /v1/timeline/user/:id,94.200000,0.000000,97,110,130,140,160,180,200,230,270,270,270,38643,160,130.0,177.76206753404244,67.30812500001093,12374.399374999995,10904.011231012086
1776286733,200,POST,POST /v1/tweets,48.800000,0.000000,86,90,92,93,100,120,160,210,380,380,380,19475,0,98,132.3491536094482,62.411375000010594,12357.503124999994,214.5544544287548
1776286733,200,POST,POST /v1/tweets/:id/like,96.200000,0.000000,87,91,95,96,110,120,280,330,390,390,390,38360,0,100.0,147.43782555336293,62.38991699996177,24059.648583000013,0.0
1776286733,200,,Aggregated,495.800000,0.000000,93,100,120,130,160,170,200,230,360,390,390,194327,359,120.0,169.40882756335927,23.60312499996553,47503.897999999994,7587.22490955966
1776286734,200,GET,GET /v1/timeline/home,252.500000,0.000000,98,120,130,140,160,180,200,230,260,270,270,98125,199,130.0,181.910419379555,23.60312499996553,47503.897999999994,10719.073946496816
1776286734,200,GET,GET /v1/timeline/user/:id,96.600000,0.000000,97,120,130,140,160,170,210,230,270,270,270,38734,160,130.0,177.61131383526103,67.30812500001093,12374.399374999995,10904.051376052048
1776286734,200,POST,POST /v1/tweets,47.800000,0.000000,86,90,92,94,100,120,160,210,380,380,380,19516,0,98,132.25130552925825,62.411375000010594,12357.503124999994,214.5542631686821
1776286734,200,POST,POST /v1/tweets/:id/like,97.700000,0.000000,87,92,95,97,100,120,270,310,390,390,390,38456,0,100.0,147.28922465313605,62.38991699996177,24059.648583000013,0.0
1776286734,200,,Aggregated,494.600000,0.000000,93,100,120,130,150,170,200,230,360,390,390,194831,359,120.0,169.247847794673,23.60312499996553,47503.897999999994,7587.878202134158
1776286735,200,GET,GET /v1/timeline/home,254.600000,0.000000,98,110,130,140,160,180,200,220,260,270,270,98359,199,130.0,181.7455959146984,23.60312499996553,47503.897999999994,10719.13022702549
1776286735,200,GET,GET /v1/timeline/user/:id,95.600000,0.000000,98,120,130,150,160,170,210,230,270,270,270,38819,160,130.0,177.4816910718721,67.30812500001093,12374.399374999995,10904.078312166723
1776286735,200,POST,POST /v1/tweets,47.900000,0.000000,86,89,92,94,100,120,160,210,380,380,380,19572,0,98,132.1187408243922,62.411375000010594,12357.503124999994,214.554516656448
1776286735,200,POST,POST /v1/tweets/:id/like,95.300000,0.000000,87,91,95,97,100,120,270,310,390,390,390,38552,0,100.0,147.1416286261672,62.38991699996177,24059.648583000013,0.0
1776286735,200,,Aggregated,493.400000,0.000000,93,100,120,130,150,170,200,230,360,390,390,195302,359,120.0,169.09406404698316,23.60312499996553,47503.897999999994,7587.262839090229
1776286736,200,GET,GET /v1/timeline/home,254.500000,0.000000,99,120,130,140,160,170,190,220,260,270,270,98617,199,130.0,181.58629237260152,23.60312499996553,47503.897999999994,10719.188142003914
1776286736,200,GET,GET /v1/timeline/user/:id,94.700000,0.000000,99,120,140,150,160,180,200,210,260,260,260,38918,160,130.0,177.34871847240356,67.30812500001093,12374.399374999995,10904.137160182949
1776286736,200,POST,POST /v1/tweets,46.200000,0.000000,86,90,93,95,110,130,140,210,380,380,380,19626,0,98,132.03059720503438,62.411375000010594,12357.503124999994,214.5544176092938
1776286736,200,POST,POST /v1/tweets/:id/like,92.900000,0.000000,88,92,95,97,110,130,230,310,390,390,390,38639,0,100.0,147.03813705934425,62.38991699996177,24059.648583000013,0.0
1776286736,200,,Aggregated,488.300000,0.000000,94,100,120,130,150,170,190,220,360,390,390,195800,359,120.0,168.95910060776268,23.60312499996553,47503.897999999994,7587.702921348315
1776286737,200,GET,GET /v1/timeline/home,255.200000,0.000000,99,120,130,140,160,170,190,220,260,270,270,98865,199,130.0,181.409860798835,23.60312499996553,47503.897999999994,10719.247226015274
1776286737,200,GET,GET /v1/timeline/user/:id,93.300000,0.000000,99,120,130,150,160,170,190,210,250,250,250,39012,160,130.0,177.1783347103199,67.30812500001093,12374.399374999995,10904.23959294576
1776286737,200,POST,POST /v1/tweets,46.900000,0.000000,86,90,93,94,110,130,140,210,380,380,380,19675,0,98,131.90952245418063,62.411375000010594,12357.503124999994,214.55451080050827
1776286737,200,POST,POST /v1/tweets/:id/like,93.700000,0.000000,87,91,94,96,110,130,230,310,390,390,390,38749,0,100.0,146.86060130276906,62.38991699996177,24059.648583000013,0.0
1776286737,200,,Aggregated,489.100000,0.000000,93,100,120,130,150,170,190,230,360,390,390,196301,359,120.0,168.78766983236423,23.60312499996553,47503.897999999994,7587.205016785447
1776286738,200,GET,GET /v1/timeline/home,254.900000,0.000000,98,110,130,140,160,170,190,210,250,270,270,99109,199,130.0,181.21231656517375,23.60312499996553,47503.897999999994,10719.308710611549
1776286738,200,GET,GET /v1/timeline/user/:id,93.900000,0.000000,98,120,130,140,160,170,180,200,250,250,250,39107,160,130.0,177.00542531935454,67.30812500001093,12374.399374999995,10904.283222952412
1776286738,200,POST,POST /v1/tweets,46.400000,0.000000,86,90,92,94,110,120,140,210,380,380,380,19723,0,98,131.79738360431998,62.411375000010594,12357.503124999994,214.55427673274858
1776286738,200,POST,POST /v1/tweets/:id/like,94.300000,0.000000,87,91,94,96,110,130,230,310,390,390,390,38857,0,100.0,146.694649655712,62.38991699996177,24059.648583000013,0.0
1776286738,200,,Aggregated,489.500000,0.000000,92,100,120,130,150,170,180,220,360,390,390,196796,359,120.0,168.60849025855157,23.60312499996553,47503.897999999994,7586.767134494604
1776286739,200,GET,GET /v1/timeline/home,254.500000,0.000000,97,110,130,140,160,170,180,210,250,270,270,99354,199,130.0,181.02388955528502,23.60312499996553,47503.897999999994,10719.368188497696
1776286739,200,GET,GET /v1/timeline/user/:id,93.800000,0.000000,97,120,130,140,160,170,180,200,250,250,250,39198,160,130.0,176.82650895892633,67.30812500001093,12374.399374999995,10904.400147966733
1776286739,200,POST,POST /v1/tweets,47.700000,0.000000,85,89,92,94,100,120,140,210,380,380,380,19777,0,98,131.6689674388433,62.411375000010594,12357.503124999994,214.5538757142135
1776286739,200,POST,POST /v1/tweets/:id/like,94.600000,0.000000,86,90,93,96,100,130,230,310,390,390,390,38972,0,100.0,146.51315696769493,62.38991699996177,24059.648583000013,0.0
1776286739,200,,Aggregated,490.600000,0.000000,92,100,120,130,150,170,180,220,360,390,390,197301,359,120.0,168.4260137730214,23.60312499996553,47503.897999999994,7585.800457169503
1776286740,200,GET,GET /v1/timeline/home,253.700000,0.000000,99,120,130,140,160,180,220,240,430,500,500,99592,199,130.0,180.9444646636454,23.60312499996553,47503.897999999994,10719.41116756366
1776286740,200,GET,GET /v1/timeline/user/:id,92.400000,0.000000,99,120,140,150,170,190,310,410,620,620,620,39280,160,130.0,176.89461263151716,67.30812500001093,12374.399374999995,10904.416369653767
1776286740,200,POST,POST /v1/tweets,47.100000,0.000000,86,89,92,94,110,130,160,210,380,380,380,19823,0,97,131.58353221182492,62.411375000010594,12357.503124999994,214.5536498007365
1776286740,200,POST,POST /v1/tweets/:id/like,96.800000,0.000000,87,91,94,96,110,130,230,310,390,390,390,39058,0,100.0,146.3996479212967,62.38991699996177,24059.648583000013,0.0
1776286740,200,,Aggregated,490.000000,0.000000,93,100,120,130,160,170,230,290,500,620,620,197753,359,120.0,168.36912368708877,23.60312499996553,47503.897999999994,7585.959095437237
1776286741,200,GET,GET /v1/timeline/home,251.200000,0.000000,100,120,140,140,160,190,230,250,430,500,500,99813,199,130.0,180.82519595342058,23.60312499996553,47503.897999999994,10719.463707132338
1776286741,200,GET,GET /v1/timeline/user/:id,92.100000,0.000000,100,120,140,150,170,200,310,410,620,620,620,39396,160,130.0,176.75224753373422,67.30812500001093,12374.399374999995,10904.428876028023
1776286741,200,POST,POST /v1/tweets,48.400000,0.000000,86,90,93,95,110,130,160,210,380,380,380,19876,0,97,131.4809348373921,62.411375000010594,12357.503124999994,214.55343127389816
1776286741,200,POST,POST /v1/tweets/:id/like,98.300000,0.000000,87,91,96,99,120,140,240,310,390,390,390,39153,0,100.0,146.29929547557043,62.38991699996177,24059.648583000013,0.0
1776286741,200,,Aggregated,490.000000,0.000000,94,110,120,130,160,180,230,290,500,620,620,198238,359,120.0,168.24931750784853,23.60312499996553,47503.897999999994,7585.816922083556
1776286742,200,GET,GET /v1/timeline/home,249.100000,0.000000,100,120,140,150,170,190,230,250,430,500,500,100058,199,130.0,180.67790984298847,23.60312499996553,47503.897999999994,10719.513062423794
1776286742,200,GET,GET /v1/timeline/user/:id,91.800000,0.000000,100,130,140,150,170,210,280,410,620,620,620,39498,160,130.0,176.62222685042258,67.30812500001093,12374.399374999995,10904.462555066078
1776286742,200,POST,POST /v1/tweets,48.500000,0.000000,86,90,94,97,110,120,140,150,200,200,200,19928,0,97,131.39214605053215,62.411375000010594,12357.503124999994,214.55344239261342
1776286742,200,POST,POST /v1/tweets/:id/like,99.600000,0.000000,87,92,96,99,110,130,160,190,360,360,360,39241,0,100.0,146.2051663726717,62.38991699996177,24059.648583000013,0.0
1776286742,200,,Aggregated,489.000000,0.000000,95,110,130,140,160,180,230,250,500,620,620,198725,359,120.0,168.1223531983035,23.60312499996553,47503.897999999994,7586.127165681218
1776286743,200,GET,GET /v1/timeline/home,248.600000,0.000000,100,130,140,150,170,190,230,250,430,500,500,100320,199,130.0,180.54059252876556,23.60312499996553,47503.897999999994,10719.570713716108
1776286743,200,GET,GET /v1/timeline/user/:id,90.700000,0.000000,110,130,150,150,180,220,280,410,620,620,620,39584,160,130.0,176.52468095104064,67.30812500001093,12374.399374999995,10904.458215440582
1776286743,200,POST,POST /v1/tweets,48.700000,0.000000,86,91,95,98,110,130,150,160,200,200,200,19968,0,97,131.33077205173296,62.411375000010594,12357.503124999994,214.55298477564102
1776286743,200,POST,POST /v1/tweets/:id/like,98.700000,0.000000,88,93,97,100,120,130,150,180,240,240,240,39327,0,100.0,146.10555637028023,62.38991699996177,24059.648583000013,0.0
1776286743,200,,Aggregated,486.700000,0.000000,96,110,130,140,160,180,230,250,500,620,620,199199,359,120.0,168.01134184887917,23.60312499996553,47503.897999999994,7586.9537598080315
1776286744,200,GET,GET /v1/timeline/home,244.800000,0.000000,110,130,140,150,170,190,230,250,430,500,500,100568,199,130.0,180.3761653631251,23.60312499996553,47503.897999999994,10719.626819664307
1776286744,200,GET,GET /v1/timeline/user/:id,92.200000,0.000000,110,130,140,150,180,220,280,410,620,620,620,39679,160,130.0,176.36388374049227,67.30812500001093,12374.399374999995,10904.414425766778
1776286744,200,POST,POST /v1/tweets,48.500000,0.000000,86,91,95,99,110,130,150,160,200,200,200,20022,0,97,131.20950823868773,62.411375000010594,12357.503124999994,214.5531914893617
1776286744,200,POST,POST /v1/tweets/:id/like,95.900000,0.000000,88,93,98,100,120,130,150,180,240,240,240,39439,0,100.0,145.94705420822052,62.38991699996177,24059.648583000013,0.0
1776286744,200,,Aggregated,481.400000,0.000000,97,110,130,140,160,180,230,250,500,620,620,199708,359,120.0,167.85053871678082,23.60312499996553,47503.897999999994,7586.193212089651
1776286745,200,GET,GET /v1/timeline/home,243.500000,0.000000,100,120,140,150,170,190,230,250,430,500,500,100806,199,130.0,180.2048453567423,23.60312499996553,47503.897999999994,10719.675812947642
1776286745,200,GET,GET /v1/timeline/user/:id,93.300000,0.000000,100,130,140,150,170,220,280,410,620,620,620,39784,160,130.0,176.170760248542,67.30812500001093,12374.399374999995,10904.41765533883
1776286745,200,POST,POST /v1/tweets,49.000000,0.000000,85,90,93,97,110,120,150,160,200,200,200,20084,0,97,131.058164216491,62.411375000010594,12357.503124999994,214.55357498506274
1776286745,200,POST,POST /v1/tweets/:id/like,95.200000,0.000000,87,92,97,100,110,130,150,180,240,240,240,39540,0,100.0,145.78916349810328,62.38991699996177,24059.648583000013,0.0
1776286745,200,,Aggregated,481.000000,0.000000,95,110,120,140,160,180,230,250,500,620,620,200214,359,120.0,167.67650045251003,23.60312499996553,47503.897999999994,7585.573865963419
1776286746,200,GET,GET /v1/timeline/home,245.100000,0.000000,100,120,140,150,170,190,230,250,430,500,500,101070,199,130.0,180.01763816446777,23.60312499996553,47503.897999999994,10719.73303650935
1776286746,200,GET,GET /v1/timeline/user/:id,93.100000,0.000000,100,120,140,150,170,220,280,410,620,620,620,39880,160,130.0,176.0048242104312,67.30812500001093,12374.399374999995,10904.430315947844
1776286746,200,POST,POST /v1/tweets,50.100000,0.000000,85,90,92,96,110,120,150,160,200,200,200,20138,0,97,130.93505074550632,62.411375000010594,12357.503124999994,214.5531830370444
1776286746,200,POST,POST /v1/tweets/:id/like,96.600000,0.000000,87,92,96,100,110,130,150,180,240,240,240,39635,0,100.0,145.6507193864515,62.38991699996177,24059.648583000013,0.0
1776286746,200,,Aggregated,484.900000,0.000000,94,110,120,130,160,180,220,250,500,620,620,200723,359,120.0,167.50990864818607,23.60312499996553,47503.897999999994,7585.74139983958
1776286747,200,GET,GET /v1/timeline/home,244.700000,0.000000,100,130,140,150,170,190,230,250,430,500,500,101329,199,130.0,179.86564363342933,23.60312499996553,47503.897999999994,10719.787810005033
1776286747,200,GET,GET /v1/timeline/user/:id,94.300000,0.000000,100,120,140,150,180,220,280,410,620,620,620,39963,160,130.0,175.8814659063883,67.30812500001093,12374.399374999995,10904.401471361009
1776286747,200,POST,POST /v1/tweets,49.700000,0.000000,86,91,95,99,110,120,150,160,200,200,200,20185,0,97,130.85380150057,62.411375000010594,12357.503124999994,214.55328214020312
1776286747,200,POST,POST /v1/tweets/:id/like,98.000000,0.000000,88,94,100,100,120,130,150,180,240,240,240,39732,0,100.0,145.54585827879308,62.38991699996177,24059.648583000013,0.0
1776286747,200,,Aggregated,486.700000,0.000000,97,110,130,140,160,180,220,250,500,620,620,201209,359,120.0,167.3805289533309,23.60312499996553,47503.897999999994,7585.787579084435
1776286748,200,GET,GET /v1/timeline/home,243.200000,0.000000,110,130,140,150,170,190,230,250,430,500,500,101594,199,130.0,179.67216795711113,23.60312499996553,47503.897999999994,10719.845975156013
1776286748,200,GET,GET /v1/timeline/user/:id,95.900000,0.000000,110,130,140,150,180,220,280,410,620,620,620,40067,160,130.0,175.71209893388567,67.30812500001093,12374.399374999995,10904.468939526294
1776286748,200,POST,POST /v1/tweets,51.100000,0.000000,86,91,96,100,110,120,150,160,200,200,200,20233,0,97,130.7456024890034,62.411375000010594,12357.503124999994,214.5532545840953
1776286748,200,POST,POST /v1/tweets/:id/like,99.100000,0.000000,89,95,100,100,120,130,150,180,240,240,240,39821,0,100.0,145.4239979808394,62.38991699996177,24059.648583000013,0.0
1776286748,200,,Aggregated,489.300000,0.000000,98,110,130,140,160,180,220,250,500,620,620,201715,359,120.0,167.21699277779908,23.60312499996553,47503.897999999994,7586.557494484793
1776286749,200,GET,GET /v1/timeline/home,244.600000,0.000000,110,130,140,150,170,190,230,250,430,500,500,101841,199,130.0,179.48471924788387,23.60312499996553,47503.897999999994,10719.89675081745
1776286749,200,GET,GET /v1/timeline/user/:id,95.200000,0.000000,110,130,140,150,180,220,280,410,620,620,620,40163,160,130.0,175.542027218883,67.30812500001093,12374.399374999995,10904.458108209048
1776286749,200,POST,POST /v1/tweets,51.000000,0.000000,85,91,96,100,110,120,150,160,200,200,200,20293,0,97,130.60330945355577,62.411375000010594,12357.503124999994,214.55358990785
1776286749,200,POST,POST /v1/tweets/:id/like,99.200000,0.000000,90,96,100,110,120,130,150,180,240,240,240,39915,0,100.0,145.2872397422023,62.38991699996177,24059.648583000013,0.0
1776286749,200,,Aggregated,490.000000,0.000000,98,110,130,140,160,180,220,250,500,620,620,202212,359,120.0,167.04582747397143,23.60312499996553,47503.897999999994,7586.269321306352
1776286750,200,GET,GET /v1/timeline/home,245.600000,0.000000,100,120,130,140,160,180,200,220,260,290,290,102094,199,130.0,179.29181976633032,23.60312499996553,47503.897999999994,10719.951319372343
1776286750,200,GET,GET /v1/timeline/user/:id,95.500000,0.000000,100,120,130,140,160,180,210,230,260,260,260,40259,160,130.0,175.3751155773367,67.30812500001093,12374.399374999995,10904.514270101095
1776286750,200,POST,POST /v1/tweets,51.200000,0.000000,84,89,93,98,110,120,150,150,180,180,180,20341,0,97,130.50055724654666,62.411375000010594,12357.503124999994,214.5534142864166
1776286750,200,POST,POST /v1/tweets/:id/like,97.400000,0.000000,88,94,99,100,120,130,150,180,240,240,240,40026,0,100.0,145.12422341905278,62.38991699996177,24059.648583000013,0.0
1776286750,200,,Aggregated,489.700000,0.000000,95,110,120,130,150,170,190,210,260,290,290,202720,359,120.0,166.87203939806014,23.60312499996553,47503.897999999994,7585.890790252565
1776286751,200,GET,GET /v1/timeline/home,246.700000,0.000000,98,120,130,140,160,170,190,200,250,260,260,102339,199,130.0,179.0908217583982,23.60312499996553,47503.897999999994,10720.00154388845
1776286751,200,GET,GET /v1/timeline/user/:id,96.100000,0.000000,100,120,130,140,160,170,190,220,260,260,260,40365,160,130.0,175.18521936975102,67.30812500001093,12374.399374999995,10904.542351046699
1776286751,200,POST,POST /v1/tweets,50.700000,0.000000,84,88,91,94,100,120,130,150,180,180,180,20396,0,97,130.36909852392645,62.411375000010594,12357.503124999994,214.55334379290056
1776286751,200,POST,POST /v1/tweets/:id/like,95.200000,0.000000,86,92,96,100,110,120,140,150,190,190,190,40149,0,100.0,144.94157457904313,62.38991699996177,24059.648583000013,0.0
1776286751,200,,Aggregated,488.700000,0.000000,93,110,120,130,150,160,180,200,250,260,260,203249,359,120.0,166.68025131272861,23.60312499996553,47503.897999999994,7584.84479628436
1776286752,200,GET,GET /v1/timeline/home,247.300000,0.000000,97,110,130,130,150,170,180,190,220,260,260,102585,199,130.0,178.9078477999193,23.60312499996553,47503.897999999994,10720.046234829653
1776286752,200,GET,GET /v1/timeline/user/:id,96.700000,0.000000,98,110,120,130,150,160,180,190,250,250,250,40467,160,130.0,175.00251094771042,67.30812500001093,12374.399374999995,10904.495070057084
1776286752,200,POST,POST /v1/tweets,51.200000,0.000000,83,87,90,92,100,110,120,130,150,150,150,20456,0,96,130.22833740491808,62.411375000010594,12357.503124999994,214.55372506843958
1776286752,200,POST,POST /v1/tweets/:id/like,93.800000,0.000000,86,91,94,97,110,120,130,140,150,150,150,40238,0,100.0,144.80637023641833,62.38991699996177,24059.648583000013,0.0
1776286752,200,,Aggregated,489.000000,0.000000,91,100,110,120,140,160,180,190,230,260,260,203746,359,120.0,166.51005552307174,23.60312499996553,47503.897999999994,7584.821571957241
1776286753,200,GET,GET /v1/timeline/home,247.900000,0.000000,95,110,120,130,150,160,180,190,220,240,240,102830,199,130.0,178.738813105521,23.60312499996553,47503.897999999994,10720.09492366041
1776286753,200,GET,GET /v1/timeline/user/:id,97.300000,0.000000,96,110,120,130,150,160,180,180,250,250,250,40579,160,130.0,174.81142558195106,67.01279200001409,12374.399374999995,10904.46588136721
1776286753,200,POST,POST /v1/tweets,51.300000,0.000000,82,86,89,90,100,110,120,130,150,150,150,20508,0,96,130.10679642281076,62.411375000010594,12357.503124999994,214.55412521942657
1776286753,200,POST,POST /v1/tweets/:id/like,97.100000,0.000000,85,90,92,95,110,120,130,130,150,150,150,40339,0,100.0,144.65698528379497,62.38991699996177,24059.648583000013,0.0
1776286753,200,,Aggregated,493.600000,0.000000,90,100,110,120,140,160,170,180,220,250,250,204256,359,120.0,166.34484813534343,23.60312499996553,47503.897999999994,7584.79436589378
1776286754,200,GET,GET /v1/timeline/home,252.400000,0.000000,94,110,120,130,150,160,180,200,220,240,240,103081,199,130.0,178.55409056044948,23.60312499996553,47503.897999999994,10720.146467341217
1776286754,200,GET,GET /v1/timeline/user/:id,97.000000,0.000000,96,110,120,130,150,160,180,180,240,240,240,40655,160,130.0,174.681479000787,67.01279200001409,12374.399374999995,10904.467322592547
1776286754,200,POST,POST /v1/tweets,52.800000,0.000000,82,86,89,91,100,110,120,130,150,150,150,20573,0,96,129.97643564963803,62.411375000010594,12357.503124999994,214.55383269333592
1776286754,200,POST,POST /v1/tweets/:id/like,98.800000,0.000000,85,89,93,95,110,120,130,130,150,150,150,40447,0,100.0,144.510279944174,62.38991699996177,24059.648583000013,0.0
1776286754,200,,Aggregated,501.000000,0.000000,90,100,110,120,140,160,170,180,220,240,240,204756,359,120.0,166.17936588603374,23.60312499996553,47503.897999999994,7583.555807888413
1776286755,200,GET,GET /v1/timeline/home,252.000000,0.000000,95,110,120,130,150,160,180,200,230,240,240,103353,199,130.0,178.37824600285143,23.60312499996553,47503.897999999994,10720.204841659168
1776286755,200,GET,GET /v1/timeline/user/:id,96.800000,0.000000,97,110,120,130,150,160,180,180,240,240,240,40752,160,130.0,174.52484817770883,67.01279200001409,12374.399374999995,10904.468320573224
1776286755,200,POST,POST /v1/tweets,53.200000,0.000000,83,87,89,92,100,110,120,130,150,150,150,20617,0,96,129.88251793791545,62.411375000010594,12357.503124999994,214.5538148130184
1776286755,200,POST,POST /v1/tweets/:id/like,100.100000,0.000000,86,90,94,97,110,120,130,140,150,150,150,40547,0,100.0,144.38198804024964,62.38991699996177,24059.648583000013,0.0
1776286755,200,,Aggregated,502.100000,0.000000,91,100,110,120,140,160,180,190,220,240,240,205269,359,120.0,166.0270562698936,23.60312499996553,47503.897999999994,7584.036946640749
1776286756,200,GET,GET /v1/timeline/home,249.900000,0.000000,95,110,120,130,150,160,180,190,230,240,240,103571,199,130.0,178.2397930257378,23.60312499996553,47503.897999999994,10720.246410674803
1776286756,200,GET,GET /v1/timeline/user/:id,98.600000,0.000000,97,110,130,130,150,160,180,180,240,240,240,40847,160,130.0,174.38410391064173,67.01279200001409,12374.399374999995,10904.39657747203
1776286756,200,POST,POST /v1/tweets,53.400000,0.000000,83,87,89,93,100,110,130,130,150,150,150,20661,0,96,129.80919512787392,62.411375000010594,12357.503124999994,214.5536034073859
1776286756,200,POST,POST /v1/tweets/:id/like,100.600000,0.000000,86,91,96,99,120,130,140,140,170,170,170,40660,0,100.0,144.27035487245456,62.38991699996177,24059.648583000013,0.0
1776286756,200,,Aggregated,502.500000,0.000000,91,100,110,120,140,160,170,180,220,240,240,205739,359,120.0,165.8973821470783,23.60312499996553,47503.897999999994,7583.158370556871
1776286757,200,GET,GET /v1/timeline/home,251.300000,0.000000,94,110,120,130,150,160,180,190,230,240,240,103813,199,130.0,178.08406211104295,23.60312499996553,47503.897999999994,10720.294028686196
1776286757,200,GET,GET /v1/timeline/user/:id,96.700000,0.000000,97,110,130,130,150,160,180,180,230,230,230,40937,160,130.0,174.257697107262,67.01279200001409,12374.399374999995,10904.40828590273
1776286757,200,POST,POST /v1/tweets,54.600000,0.000000,82,86,89,92,100,120,130,130,150,150,150,20713,0,96,129.71444703200908,62.411375000010594,12357.503124999994,214.55337227827934
1776286757,200,POST,POST /v1/tweets/:id/like,100.400000,0.000000,86,91,95,99,110,130,140,140,170,170,170,40758,0,100.0,144.1612982909367,62.38991699996177,24059.648583000013,0.0
1776286757,200,,Aggregated,503.000000,0.000000,91,100,110,120,140,150,170,180,230,240,240,206221,359,120.0,165.76163253756746,23.60312499996553,47503.897999999994,7582.8537830773785
1776286758,200,GET,GET /v1/timeline/home,251.000000,0.000000,96,110,120,130,150,160,180,200,230,240,240,104066,199,130.0,177.92874967492472,23.60312499996553,47503.897999999994,10720.34284972998
1776286758,200,GET,GET /v1/timeline/user/:id,96.000000,0.000000,99,110,130,130,150,160,180,190,230,230,230,41042,160,130.0,174.10508390356182,67.01279200001409,12374.399374999995,10904.42627064958
1776286758,200,POST,POST /v1/tweets,52.100000,0.000000,83,87,90,93,110,120,130,140,150,150,150,20756,0,96,129.64013315619596,62.411375000010594,12357.503124999994,214.55357486991713
1776286758,200,POST,POST /v1/tweets/:id/like,100.400000,0.000000,86,92,96,100,120,130,140,150,170,170,170,40850,0,100.0,144.06268764259482,62.38991699996177,24059.648583000013,0.0
1776286758,200,,Aggregated,499.500000,0.000000,91,100,110,120,140,160,170,180,230,240,240,206714,359,120.0,165.62847949935988,23.60312499996553,47503.897999999994,7583.501533519742
1776286759,200,GET,GET /v1/timeline/home,247.800000,0.000000,97,110,120,130,150,160,180,210,240,240,240,104316,199,130.0,177.7712777035228,23.60312499996553,47503.897999999994,10720.392039572069
1776286759,200,GET,GET /v1/timeline/user/:id,97.200000,0.000000,98,110,130,140,150,170,180,190,240,240,240,41147,160,130.0,173.94147229202574,67.01279200001409,12374.399374999995,10904.508591148808
1776286759,200,POST,POST /v1/tweets,51.500000,0.000000,83,87,90,94,110,120,130,140,150,150,150,20812,0,96,129.5228256693735,62.411375000010594,12357.503124999994,214.55371900826447
1776286759,200,POST,POST /v1/tweets/:id/like,101.400000,0.000000,86,92,97,100,120,130,140,150,170,170,170,40944,0,100.0,143.93822256574828,62.38991699996177,24059.648583000013,0.0
1776286759,200,,Aggregated,497.900000,0.000000,92,100,120,120,140,160,180,190,240,240,240,207219,359,120.0,165.47997045581602,23.60312499996553,47503.897999999994,7583.578354301488
1776286760,200,GET,GET /v1/timeline/home,246.700000,0.000000,98,110,130,140,150,170,190,220,260,270,270,104559,199,130.0,177.62235799007925,23.60312499996553,47503.897999999994,10720.43696860146
1776286760,200,GET,GET /v1/timeline/user/:id,96.400000,0.000000,98,120,130,140,150,170,180,200,240,240,240,41248,160,130.0,173.78732992157148,67.01279200001409,12374.399374999995,10904.483708301008
1776286760,200,POST,POST /v1/tweets,52.100000,0.000000,83,87,91,94,110,120,140,140,150,150,150,20857,0,96,129.42736730637196,62.411375000010594,12357.503124999994,214.55377091623916
1776286760,200,POST,POST /v1/tweets/:id/like,101.800000,0.000000,87,92,97,100,120,130,140,150,170,170,170,41050,0,100.0,143.79765728545664,62.38991699996177,24059.648583000013,0.0
1776286760,200,,Aggregated,497.000000,0.000000,92,100,120,130,150,160,180,200,250,270,270,207714,359,120.0,165.33674352796004,23.60312499996553,47503.897999999994,7583.414026016542
1776286761,200,GET,GET /v1/timeline/home,246.500000,0.000000,98,110,130,140,150,170,200,220,260,270,270,104809,199,130.0,177.44273821323287,23.60312499996553,47503.897999999994,10720.48742951464
1776286761,200,GET,GET /v1/timeline/user/:id,96.400000,0.000000,98,110,130,140,150,170,190,200,240,240,240,41339,160,130.0,173.6219437773042,67.01279200001409,12374.399374999995,10904.472411040422
1776286761,200,POST,POST /v1/tweets,52.000000,0.000000,83,87,91,95,110,120,140,140,150,150,150,20902,0,96,129.33212066577363,62.411375000010594,12357.503124999994,214.55367907377286
1776286761,200,POST,POST /v1/tweets/:id/like,103.000000,0.000000,87,92,98,100,120,130,140,150,170,170,170,41158,0,100.0,143.64567567415796,62.38991699996177,24059.648583000013,0.0
1776286761,200,,Aggregated,497.900000,0.000000,93,110,120,130,150,160,180,200,250,270,270,208208,359,120.0,165.17339482034126,23.60312499996553,47503.897999999994,7583.129144893568
1776286762,200,GET,GET /v1/timeline/home,245.100000,0.000000,99,110,130,140,150,170,190,220,260,270,270,105054,199,130.0,177.27394254044302,23.60312499996553,47503.897999999994,10720.534306166353
1776286762,200,GET,GET /v1/timeline/user/:id,97.600000,0.000000,98,110,130,130,150,170,190,200,240,240,240,41435,160,130.0,173.4504571020147,67.01279200001409,12374.399374999995,10904.440038614697
1776286762,200,POST,POST /v1/tweets,51.800000,0.000000,84,88,92,96,110,120,140,140,150,150,150,20960,0,96,129.20649595400766,62.411375000010594,12357.503124999994,214.55376908396946
1776286762,200,POST,POST /v1/tweets/:id/like,101.600000,0.000000,87,93,98,100,120,130,140,150,170,170,170,41249,0,100.0,143.52060505954057,62.38991699996177,24059.648583000013,0.0
1776286762,200,,Aggregated,496.100000,0.000000,93,110,120,130,150,160,180,200,250,270,270,208698,359,120.0,165.01598502603096,23.60312499996553,47503.897999999994,7583.002860592818
1776286763,200,GET,GET /v1/timeline/home,244.200000,0.000000,100,120,130,140,150,170,200,220,270,270,270,105310,199,130.0,177.11217327154785,23.60312499996553,47503.897999999994,10720.584388946918
1776286763,200,GET,GET /v1/timeline/user/:id,98.500000,0.000000,99,110,130,140,150,170,190,210,290,290,290,41543,160,130.0,173.2862062156315,67.01279200001409,12374.399374999995,10904.497821534314
1776286763,200,POST,POST /v1/tweets,51.300000,0.000000,84,88,93,96,110,130,140,150,150,150,150,21016,0,96,129.0900053664827,62.411375000010594,12357.503124999994,214.5536258089075
1776286763,200,POST,POST /v1/tweets/:id/like,101.700000,0.000000,87,93,98,100,120,130,140,150,160,170,170,41366,0,100.0,143.36565093257713,62.38991699996177,24059.648583000013,0.0
1776286763,200,,Aggregated,495.700000,0.000000,94,110,120,130,150,160,180,200,260,290,290,209235,359,120.0,164.85736564772415,23.60312499996553,47503.897999999994,7582.380357014839
1776286764,200,GET,GET /v1/timeline/home,245.600000,0.000000,100,120,130,140,150,170,200,220,270,270,270,105552,199,130.0,176.95584518864362,23.60312499996553,47503.897999999994,10720.63454979536
1776286764,200,GET,GET /v1/timeline/user/:id,95.900000,0.000000,99,110,130,140,150,170,190,210,290,290,290,41630,160,130.0,173.1526158465045,67.01279200001409,12374.399374999995,10904.495291856834
1776286764,200,POST,POST /v1/tweets,50.000000,0.000000,83,87,91,94,110,120,140,150,150,150,150,21071,0,96,128.97364527824973,62.411375000010594,12357.503124999994,214.5536044800911
1776286764,200,POST,POST /v1/tweets/:id/like,101.800000,0.000000,87,93,98,100,120,130,150,150,170,170,170,41463,0,100.0,143.2388359043963,62.38991699996177,24059.648583000013,0.0
1776286764,200,,Aggregated,493.300000,0.000000,93,110,120,130,150,160,180,200,260,290,290,209716,359,120.0,164.71371903814506,23.60312499996553,47503.897999999994,7581.96521009365
1776286765,200,GET,GET /v1/timeline/home,245.900000,0.000000,100,120,130,140,150,170,200,220,270,300,300,105774,199,130.0,176.82229692807053,23.60312499996553,47503.897999999994,10720.67923119103
1776286765,200,GET,GET /v1/timeline/user/:id,96.300000,0.000000,98,110,130,140,150,170,190,220,290,290,290,41733,160,130.0,172.99738205235624,67.01279200001409,12374.399374999995,10904.441712793234
1776286765,200,POST,POST /v1/tweets,50.200000,0.000000,83,87,92,95,110,130,150,250,320,320,320,21121,0,95,128.93767369319633,62.411375000010594,12357.503124999994,214.5538563514985
1776286765,200,POST,POST /v1/tweets/:id/like,101.300000,0.000000,87,93,98,110,120,140,230,290,350,350,350,41547,0,100.0,143.24130612568854,62.38991699996177,24059.648583000013,0.0
1776286765,200,,Aggregated,493.700000,0.000000,93,110,120,130,150,160,200,230,320,350,350,210175,359,120.0,164.6125397032883,23.60312499996553,47503.897999999994,7582.137661472582
1776286766,200,GET,GET /v1/timeline/home,244.300000,0.000000,98,110,130,130,150,170,200,220,270,300,300,106045,199,130.0,176.6463911468787,23.60312499996553,47503.897999999994,10720.731585647602
1776286766,200,GET,GET /v1/timeline/user/:id,95.500000,0.000000,97,110,130,130,150,170,190,210,290,290,290,41836,160,130.0,172.84941238968798,67.01279200001409,12374.399374999995,10904.515991012526
1776286766,200,POST,POST /v1/tweets,50.200000,0.000000,83,86,91,94,110,120,150,250,320,320,320,21160,0,95,128.85211036110587,62.411375000010594,12357.503124999994,214.55425330812855
1776286766,200,POST,POST /v1/tweets/:id/like,101.500000,0.000000,86,91,96,99,120,140,230,290,350,350,350,41653,0,100.0,143.08860787484647,62.38991699996177,24059.648583000013,0.0
1776286766,200,,Aggregated,491.500000,0.000000,92,100,120,130,150,160,200,230,320,350,350,210694,359,120.0,164.45829024536795,23.60312499996553,47503.897999999994,7582.661490123117
1776286767,200,GET,GET /v1/timeline/home,243.200000,0.000000,99,120,130,140,160,170,200,230,290,300,300,106270,199,130.0,176.52834082453867,23.60312499996553,47503.897999999994,10720.775091747435
1776286767,200,GET,GET /v1/timeline/user/:id,96.600000,0.000000,97,110,130,130,160,180,200,230,290,290,290,41944,160,130.0,172.71041964237995,67.01279200001409,12374.399374999995,10904.613770741942
1776286767,200,POST,POST /v1/tweets,48.700000,0.000000,83,87,91,94,110,120,150,250,320,320,320,21201,0,95,128.77934083670579,62.411375000010594,12357.503124999994,214.55417197302015
1776286767,200,POST,POST /v1/tweets/:id/like,98.800000,0.000000,86,91,95,99,110,130,230,290,350,350,350,41752,0,100.0,142.96693869206223,62.38991699996177,24059.648583000013,0.0
1776286767,200,,Aggregated,487.300000,0.000000,92,110,120,130,150,170,200,240,320,350,350,211167,359,120.0,164.34025700158443,23.60312499996553,47503.897999999994,7582.759863046783
1776286768,200,GET,GET /v1/timeline/home,242.500000,0.000000,98,110,130,130,150,170,200,230,290,300,300,106523,199,130.0,176.36030459895755,23.60312499996553,47503.897999999994,10720.822873933328
1776286768,200,GET,GET /v1/timeline/user/:id,98.900000,0.000000,97,110,130,130,160,170,200,230,290,290,290,42042,160,130.0,172.56950655649075,67.01279200001409,12374.399374999995,10904.552328623757
1776286768,200,POST,POST /v1/tweets,50.200000,0.000000,83,86,91,93,100,120,140,250,320,320,320,21249,0,95,128.6892932724834,62.411375000010594,12357.503124999994,214.55395548025788
1776286768,200,POST,POST /v1/tweets/:id/like,98.600000,0.000000,86,90,95,98,110,120,230,290,350,350,350,41853,0,100.0,142.85113347662013,62.38991699996177,24059.648583000013,0.0
1776286768,200,,Aggregated,490.200000,0.000000,92,100,120,120,150,170,200,240,320,350,350,211667,359,120.0,164.19594553514042,23.60312499996553,47503.897999999994,7582.771338942774
1776286769,200,GET,GET /v1/timeline/home,243.900000,0.000000,96,110,130,130,150,170,200,220,290,300,300,106773,199,130.0,176.16894552783705,23.60312499996553,47503.897999999994,10720.871830893579
1776286769,200,GET,GET /v1/timeline/user/:id,98.100000,0.000000,97,110,120,130,150,170,190,210,290,290,290,42130,160,130.0,172.412544142677,67.01279200001409,12374.399374999995,10904.50230239734
1776286769,200,POST,POST /v1/tweets,49.500000,0.000000,83,87,91,94,100,120,140,250,320,320,320,21299,0,95,128.58320929362884,62.411375000010594,12357.503124999994,214.5541574721818
1776286769,200,POST,POST /v1/tweets/:id/like,99.800000,0.000000,85,90,95,98,110,120,230,290,350,350,350,41964,0,100.0,142.69810248722675,62.38991699996177,24059.648583000013,0.0
1776286769,200,,Aggregated,491.300000,0.000000,91,100,110,120,140,160,200,230,320,350,350,212166,359,120.0,164.02583002504412,23.60312499996553,47503.897999999994,7582.157928226012
1776286770,200,GET,GET /v1/timeline/home,243.000000,0.000000,97,110,130,130,150,170,200,220,290,300,300,107038,199,130.0,176.01168488035776,23.60312499996553,47503.897999999994,10720.92640931258
1776286770,200,GET,GET /v1/timeline/user/:id,99.700000,0.000000,97,110,130,130,150,170,190,210,290,290,290,42228,160,130.0,172.2760064665148,67.01279200001409,12374.399374999995,10904.50767263427
1776286770,200,POST,POST /v1/tweets,48.100000,0.000000,83,88,92,95,110,120,140,250,320,320,320,21351,0,95,128.50015252953028,62.411375000010594,12357.503124999994,214.55388506393143
1776286770,200,POST,POST /v1/tweets/:id/like,99.500000,0.000000,85,90,95,99,110,130,230,290,350,350,350,42060,0,100.0,142.58479355332813,62.38991699996177,24059.648583000013,0.0
1776286770,200,,Aggregated,490.300000,0.000000,92,100,110,120,150,160,200,230,320,350,350,212677,359,120.0,163.8895277853387,23.60312499996553,47503.897999999994,7582.4043549608095
1776286771,200,GET,GET /v1/timeline/home,243.900000,0.000000,99,110,130,130,160,170,200,220,290,300,300,107292,199,130.0,175.86232823599806,23.60312499996553,47503.897999999994,10720.971507661336
1776286771,200,GET,GET /v1/timeline/user/:id,98.600000,0.000000,99,110,130,140,160,170,190,210,290,290,290,42329,160,130.0,172.13943193843457,67.01279200001409,12374.399374999995,10904.523045666092
1776286771,200,POST,POST /v1/tweets,48.500000,0.000000,83,87,92,95,110,120,140,250,320,320,320,21395,0,95,128.41220694835246,62.411375000010594,12357.503124999994,214.55368076653423
1776286771,200,POST,POST /v1/tweets/:id/like,99.400000,0.000000,86,90,95,99,110,130,230,290,350,350,350,42154,0,100.0,142.46686668671975,62.38991699996177,24059.648583000013,0.0
1776286771,200,,Aggregated,490.400000,0.000000,92,110,120,130,150,170,200,230,320,350,350,213170,359,120.0,163.75680631228826,23.60312499996553,47503.897999999994,7582.879424872168
1776286772,200,GET,GET /v1/timeline/home,245.600000,0.000000,98,110,130,140,160,170,200,210,290,300,300,107519,199,130.0,175.71639116631215,23.60312499996553,47503.897999999994,10721.013244170797
1776286772,200,GET,GET /v1/timeline/user/:id,97.400000,0.000000,100,120,130,140,160,170,190,210,280,280,280,42440,160,130.0,171.9831501025919,67.01279200001409,12374.399374999995,10904.552992459943
1776286772,200,POST,POST /v1/tweets,48.700000,0.000000,83,88,91,94,110,120,140,250,320,320,320,21446,0,95,128.3054422191085,62.411375000010594,12357.503124999994,214.55348316702415
1776286772,200,POST,POST /v1/tweets/:id/like,102.000000,0.000000,86,90,95,99,110,130,230,290,350,350,350,42255,0,100.0,142.33312855349624,62.38991699996177,24059.648583000013,0.0
1776286772,200,,Aggregated,493.700000,0.000000,92,110,120,130,150,170,200,230,320,350,350,213660,359,120.0,163.61387444080995,23.60312499996553,47503.897999999994,7582.622699616212
1776286773,200,GET,GET /v1/timeline/home,246.700000,0.000000,98,110,130,140,150,170,200,220,290,300,300,107768,199,130.0,175.56350926309952,23.60312499996553,47503.897999999994,10721.056148392843
1776286773,200,GET,GET /v1/timeline/user/:id,96.900000,0.000000,100,120,130,140,160,170,200,210,280,280,280,42537,160,130.0,171.83933099257112,67.01279200001409,12374.399374999995,10904.531208124692
1776286773,200,POST,POST /v1/tweets,48.300000,0.000000,84,88,92,95,110,120,140,250,320,320,320,21499,0,95,128.20511956942175,62.411375000010594,12357.503124999994,214.55360714451834
1776286773,200,POST,POST /v1/tweets/:id/like,99.800000,0.000000,86,91,95,100,110,130,230,290,350,350,350,42358,0,100.0,142.20669683665378,62.38991699996177,24059.648583000013,0.0
1776286773,200,,Aggregated,491.700000,0.000000,92,110,120,130,150,170,200,230,320,350,350,214162,359,120.0,163.47218936565056,23.60312499996553,47503.897999999994,7582.323245953998
1776286774,200,GET,GET /v1/timeline/home,245.900000,0.000000,96,110,130,140,150,170,200,220,290,300,300,108008,199,130.0,175.4031871691145,23.60312499996553,47503.897999999994,10721.102381305089
1776286774,200,GET,GET /v1/timeline/user/:id,98.200000,0.000000,100,120,130,140,160,170,190,210,280,280,280,42637,160,130.0,171.67999660159018,67.01279200001409,12374.399374999995,10904.484227314304
1776286774,200,POST,POST /v1/tweets,48.600000,0.000000,83,88,91,94,110,120,140,250,320,320,320,21563,0,95,128.06845664439072,62.411375000010594,12357.503124999994,214.55354078746
1776286774,200,POST,POST /v1/tweets/:id/like,98.600000,0.000000,86,90,95,99,110,130,230,290,350,350,350,42456,0,100.0,142.07707059920818,62.38991699996177,24059.648583000013,0.0
1776286774,200,,Aggregated,491.300000,0.000000,91,100,120,130,150,170,200,230,320,350,350,214664,359,120.0,163.31770438846988,23.60312499996553,47503.897999999994,7581.735819699624
1776286775,200,GET,GET /v1/timeline/home,245.000000,0.000000,96,110,130,130,150,170,190,210,260,300,300,108252,199,130.0,175.2507288503835,23.60312499996553,47503.897999999994,10721.150537634408
1776286775,200,GET,GET /v1/timeline/user/:id,100.000000,0.000000,99,120,130,130,160,170,190,210,280,280,280,42743,160,130.0,171.5197576898439,67.01279200001409,12374.399374999995,10904.48131857848
1776286775,200,POST,POST /v1/tweets,48.600000,0.000000,83,87,90,93,100,110,120,130,150,150,150,21609,0,95,127.97532593072314,62.411375000010594,12357.503124999994,214.55365819797308
1776286775,200,POST,POST /v1/tweets/:id/like,99.000000,0.000000,85,90,93,97,110,120,130,140,210,210,210,42569,0,99,141.9374446502614,62.38991699996177,24059.648583000013,0.0
1776286775,200,,Aggregated,492.600000,0.000000,91,100,110,120,150,160,180,200,260,300,300,215173,359,120.0,163.1713309839175,23.60312499996553,47503.897999999994,7581.3997248725445
1776286776,200,GET,GET /v1/timeline/home,247.400000,0.000000,97,110,130,140,150,170,190,210,260,300,300,108481,199,130.0,175.1213055509325,23.60312499996553,47503.897999999994,10721.196873185167
1776286776,200,GET,GET /v1/timeline/user/:id,100.200000,0.000000,99,120,130,140,160,170,190,210,280,280,280,42845,160,130.0,171.37527018074442,67.01279200001409,12374.399374999995,10904.557614657486
1776286776,200,POST,POST /v1/tweets,47.600000,0.000000,84,88,91,94,100,120,130,130,150,150,150,21663,0,95,127.87788927521564,62.411375000010594,12357.503124999994,214.55366292757236
1776286776,200,POST,POST /v1/tweets/:id/like,99.400000,0.000000,86,90,94,98,110,120,130,150,210,210,210,42666,0,99,141.82475156510986,62.38991699996177,24059.648583000013,0.0
1776286776,200,,Aggregated,494.600000,0.000000,92,100,110,120,150,160,180,200,260,300,300,215655,359,120.0,163.04384950040833,23.60312499996553,47503.897999999994,7581.089262943126
1776286777,200,GET,GET /v1/timeline/home,244.900000,0.000000,96,110,130,130,150,160,180,200,250,260,260,108708,199,130.0,174.9753594001981,23.60312499996553,47503.897999999994,10721.239402803842
1776286777,200,GET,GET /v1/timeline/user/:id,101.100000,0.000000,98,110,130,130,160,170,180,200,240,250,250,42975,160,130.0,171.17877476979632,67.01279200001409,12374.399374999995,10904.618987783595
1776286777,200,POST,POST /v1/tweets,49.900000,0.000000,83,87,90,93,100,110,120,130,140,140,140,21717,0,95,127.7687743144079,62.411375000010594,12357.503124999994,214.55371368052678
1776286777,200,POST,POST /v1/tweets/:id/like,101.400000,0.000000,85,90,94,97,110,120,130,150,210,210,210,42768,0,99,141.69418953568032,62.38991699996177,24059.648583000013,0.0
1776286777,200,,Aggregated,497.300000,0.000000,91,100,110,120,140,160,180,190,240,260,260,216168,359,120.0,162.89349388094683,23.60312499996553,47503.897999999994,7581.001614485031
1776286778,200,GET,GET /v1/timeline/home,245.000000,0.000000,96,110,130,130,150,160,180,200,250,260,260,108955,199,130.0,174.8189863347691,23.60312499996553,47503.897999999994,10721.289110183103
1776286778,200,GET,GET /v1/timeline/user/:id,99.100000,0.000000,96,110,130,130,160,170,180,210,240,250,250,43074,160,130.0,171.0294156970794,67.01279200001409,12374.399374999995,10904.620095649349
1776286778,200,POST,POST /v1/tweets,48.600000,0.000000,83,87,90,92,99,110,120,130,140,140,140,21766,0,95,127.66636193278492,62.411375000010594,12357.503124999994,214.55361573095655
1776286778,200,POST,POST /v1/tweets/:id/like,101.700000,0.000000,85,90,93,95,110,110,130,140,210,210,210,42862,0,99,141.5701462480047,62.38991699996177,24059.648583000013,0.0
1776286778,200,,Aggregated,494.400000,0.000000,91,100,110,120,150,160,180,190,250,260,260,216657,359,120.0,162.75075049572135,23.60312499996553,47503.897999999994,7581.17039837162
1776286779,200,GET,GET /v1/timeline/home,244.000000,0.000000,96,110,130,130,160,170,180,200,250,260,260,109197,199,130.0,174.65833312406716,23.60312499996553,47503.897999999994,10721.333754590327
1776286779,200,GET,GET /v1/timeline/user/:id,101.100000,0.000000,97,110,130,140,160,170,180,210,240,250,250,43191,160,130.0,170.8541236462688,67.01279200001409,12374.399374999995,10904.577504572711
1776286779,200,POST,POST /v1/tweets,50.400000,0.000000,83,87,89,91,97,100,120,120,130,130,130,21822,0,95,127.54888464412042,62.411375000010594,12357.503124999994,214.55343231601137
1776286779,200,POST,POST /v1/tweets/:id/like,100.700000,0.000000,85,89,92,94,100,110,120,130,170,170,170,42957,0,99,141.44441062059687,62.38991699996177,24059.648583000013,0.0
1776286779,200,,Aggregated,496.200000,0.000000,91,100,110,120,150,160,180,190,250,260,260,217167,359,120.0,162.5980271601461,23.60312499996553,47503.897999999994,7581.258082489513
1776286780,200,GET,GET /v1/timeline/home,243.200000,0.000000,96,110,130,140,160,170,180,200,250,260,260,109433,199,130.0,174.53594804294653,23.60312499996553,47503.897999999994,10721.376184514726
1776286780,200,GET,GET /v1/timeline/user/:id,102.900000,0.000000,98,120,130,140,160,170,180,210,240,250,250,43302,160,130.0,170.73657118964462,67.01279200001409,12374.399374999995,10904.587825042723
1776286780,200,POST,POST /v1/tweets,51.700000,0.000000,83,86,89,90,97,100,120,130,150,150,150,21865,0,95,127.47890393116833,62.411375000010594,12357.503124999994,214.5536702492568
1776286780,200,POST,POST /v1/tweets/:id/like,100.100000,0.000000,86,89,93,95,100,110,130,140,170,170,170,43066,0,99,141.3199377695858,62.38991699996177,24059.648583000013,0.0
1776286780,200,,Aggregated,497.900000,0.000000,91,100,110,120,150,160,180,190,250,260,260,217666,359,120.0,162.4812239039513,23.60312499996553,47503.897999999994,7581.129060119632
1776286781,200,GET,GET /v1/timeline/home,240.900000,0.000000,96,110,130,130,150,170,190,200,250,260,260,109678,199,130.0,174.39009463010606,23.60312499996553,47503.897999999994,10721.42417804847
1776286781,200,GET,GET /v1/timeline/user/:id,104.600000,0.000000,97,110,130,140,160,170,190,210,240,250,250,43392,160,130.0,170.6182483067614,67.01279200001409,12374.399374999995,10904.59017791298
1776286781,200,POST,POST /v1/tweets,51.700000,0.000000,83,87,89,91,98,100,120,130,150,150,150,21907,0,95,127.40454275459874,62.411375000010594,12357.503124999994,214.55361300041082
1776286781,200,POST,POST /v1/tweets/:id/like,99.600000,0.000000,85,89,92,95,100,110,130,140,170,170,170,43144,0,99,141.2243905041022,62.38991699996177,24059.648583000013,0.0
1776286781,200,,Aggregated,496.800000,0.000000,91,100,110,120,150,160,180,190,250,260,260,218121,359,120.0,162.36061750772006,23.60312499996553,47503.897999999994,7581.922712622811
1776286782,200,GET,GET /v1/timeline/home,239.400000,0.000000,97,110,130,140,150,170,190,210,260,280,280,109929,199,130.0,174.24659878389505,23.60312499996553,47503.897999999994,10721.474260659154
1776286782,200,GET,GET /v1/timeline/user/:id,105.400000,0.000000,97,110,130,140,160,180,200,220,280,290,290,43522,160,130.0,170.45401858041888,67.01279200001409,12374.399374999995,10904.58113138183
1776286782,200,POST,POST /v1/tweets,51.600000,0.000000,83,87,90,91,99,110,120,130,180,180,180,21964,0,94,127.30562352973023,62.411375000010594,12357.503124999994,214.55372427608813
1776286782,200,POST,POST /v1/tweets/:id/like,97.900000,0.000000,85,90,93,96,100,120,130,140,180,180,180,43256,0,99,141.10033799153834,62.38991699996177,24059.648583000013,0.0
1776286782,200,,Aggregated,494.300000,0.000000,91,100,110,120,150,160,180,200,270,290,290,218671,359,120.0,162.22009818284263,23.60312499996553,47503.897999999994,7581.721316498301
1776286783,200,GET,GET /v1/timeline/home,238.300000,0.000000,96,110,130,130,150,170,180,200,260,280,280,110187,199,130.0,174.07330006715665,23.60312499996553,47503.897999999994,10721.525415883907
1776286783,200,GET,GET /v1/timeline/user/:id,107.200000,0.000000,97,110,130,140,160,180,190,210,280,290,290,43613,160,130.0,170.30450827136383,67.01279200001409,12374.399374999995,10904.599270859606
1776286783,200,POST,POST /v1/tweets,51.400000,0.000000,83,86,89,91,98,100,120,130,180,180,180,22017,0,94,127.19335091810848,62.411375000010594,12357.503124999994,214.55393559522187
1776286783,200,POST,POST /v1/tweets/:id/like,100.500000,0.000000,85,89,92,95,100,110,130,140,180,180,180,43366,0,99,140.9524526509241,62.38991699996177,24059.648583000013,0.0
1776286783,200,,Aggregated,497.400000,0.000000,91,100,110,120,150,160,180,200,270,290,290,219183,359,120.0,162.0612241942232,23.60312499996553,47503.897999999994,7581.2396171235905
1776286784,200,GET,GET /v1/timeline/home,238.600000,0.000000,96,110,130,130,150,170,180,200,260,280,280,110439,199,130.0,173.91239563171314,23.60312499996553,47503.897999999994,10721.574326098571
1776286784,200,GET,GET /v1/timeline/user/:id,107.200000,0.000000,97,110,130,140,160,170,190,210,280,290,290,43716,160,130.0,170.14355182480074,67.01279200001409,12374.399374999995,10904.598110531613
1776286784,200,POST,POST /v1/tweets,51.000000,0.000000,83,87,89,91,98,110,120,130,180,180,180,22071,0,94,127.0838072148518,62.411375000010594,12357.503124999994,214.55384894205065
1776286784,200,POST,POST /v1/tweets/:id/like,98.700000,0.000000,85,89,92,95,100,110,130,140,180,180,180,43459,0,99,140.83615849409733,62.38991699996177,24059.648583000013,0.0
1776286784,200,,Aggregated,495.500000,0.000000,91,100,110,120,150,160,180,200,270,290,290,219685,359,120.0,161.91443154415387,23.60312499996553,47503.897999999994,7581.404174158454
1776286785,200,GET,GET /v1/timeline/home,238.900000,0.000000,96,110,130,140,160,180,210,230,270,290,290,110700,199,130.0,173.79838442827275,23.60312499996553,47503.897999999994,10721.626242095754
1776286785,200,GET,GET /v1/timeline/user/:id,107.600000,0.000000,97,110,130,140,160,180,230,250,280,290,290,43806,160,130.0,170.06851529635188,67.01279200001409,12374.399374999995,10904.620417294434
1776286785,200,POST,POST /v1/tweets,51.000000,0.000000,83,87,89,91,98,110,120,130,180,180,180,22114,0,94,127.00164002808151,62.411375000010594,12357.503124999994,214.55408338609027
1776286785,200,POST,POST /v1/tweets/:id/like,99.100000,0.000000,85,89,92,95,100,110,130,140,180,180,180,43548,0,99,140.73133759858035,62.38991699996177,24059.648583000013,0.0
1776286785,200,,Aggregated,496.600000,0.000000,91,100,110,120,150,170,200,220,270,290,290,220168,359,120.0,161.8154549916678,23.60312499996553,47503.897999999994,7582.012263362523
1776286786,200,GET,GET /v1/timeline/home,238.400000,0.000000,95,110,130,140,150,180,210,230,270,290,290,110933,199,130.0,173.65470604248316,23.60312499996553,47503.897999999994,10721.672658271209
1776286786,200,GET,GET /v1/timeline/user/:id,106.200000,0.000000,97,110,130,140,160,180,230,250,280,290,290,43910,160,130.0,169.91262186458647,67.01279200001409,12374.399374999995,10904.639922568891
1776286786,200,POST,POST /v1/tweets,52.000000,0.000000,83,86,89,91,98,110,120,130,180,180,180,22168,0,94,126.90690463542019,62.411375000010594,12357.503124999994,214.55440274269216
1776286786,200,POST,POST /v1/tweets/:id/like,100.500000,0.000000,85,89,92,94,100,110,130,140,180,180,180,43675,0,98,140.57761677799616,62.38991699996177,24059.648583000013,0.0
1776286786,200,,Aggregated,497.100000,0.000000,90,100,110,120,150,170,200,230,270,290,290,220686,359,120.0,161.66816384465488,23.60312499996553,47503.897999999994,7580.754075926882
1776286787,200,GET,GET /v1/timeline/home,241.400000,0.000000,95,110,130,140,150,170,210,230,270,290,290,111168,199,130.0,173.5003038932409,23.60312499996553,47503.897999999994,10721.715763529073
1776286787,200,GET,GET /v1/timeline/user/:id,106.800000,0.000000,97,110,130,140,160,180,230,250,280,290,290,44010,160,130.0,169.7597524830945,67.01279200001409,12374.399374999995,10904.651920018177
1776286787,200,POST,POST /v1/tweets,50.200000,0.000000,82,86,89,90,98,110,120,130,180,180,180,22223,0,94,126.79407768784574,62.411375000010594,12357.503124999994,214.55456059037934
1776286787,200,POST,POST /v1/tweets/:id/like,98.600000,0.000000,85,88,92,94,100,110,130,140,180,360,360,43784,0,98,140.44698734766078,62.38991699996177,24059.648583000013,0.0
1776286787,200,,Aggregated,497.000000,0.000000,90,100,110,120,150,170,200,230,280,360,360,221185,359,120.0,161.5203751270268,23.60312499996553,47503.897999999994,7580.0505233175845
1776286788,200,GET,GET /v1/timeline/home,243.500000,0.000000,94,110,130,130,150,170,210,230,270,290,290,111413,199,130.0,173.34016687449216,23.60312499996553,47503.897999999994,10721.762092394963
1776286788,200,GET,GET /v1/timeline/user/:id,105.700000,0.000000,97,110,130,140,160,180,230,250,280,290,290,44115,160,130.0,169.60116120727625,67.01279200001409,12374.399374999995,10904.721931315878
1776286788,200,POST,POST /v1/tweets,50.200000,0.000000,82,86,89,90,98,110,120,130,180,180,180,22276,0,94,126.687231953627,62.411375000010594,12357.503124999994,214.55463278865147
1776286788,200,POST,POST /v1/tweets/:id/like,97.000000,0.000000,85,88,92,94,100,110,130,140,180,360,360,43897,0,98,140.3008864972544,62.38991699996177,24059.648583000013,0.0
1776286788,200,,Aggregated,496.400000,0.000000,90,99,110,120,150,170,190,230,280,360,360,221701,359,120.0,161.36677792258695,23.60312499996553,47503.897999999994,7579.509821787002
1776286789,200,GET,GET /v1/timeline/home,243.300000,0.000000,94,110,130,140,150,180,210,230,270,290,290,111678,199,130.0,173.1853907486685,23.60312499996553,47503.897999999994,10721.810652053224
1776286789,200,GET,GET /v1/timeline/user/:id,104.000000,0.000000,97,110,130,140,160,180,230,250,290,320,320,44203,160,130.0,169.48284164237694,67.01279200001409,12374.399374999995,10904.70800624392
1776286789,200,POST,POST /v1/tweets,50.100000,0.000000,82,86,89,90,98,110,130,130,180,180,180,22323,0,94,126.59329954714845,62.411375000010594,12357.503124999994,214.55480894145052
1776286789,200,POST,POST /v1/tweets/:id/like,99.300000,0.000000,85,89,92,94,100,110,130,140,180,360,360,43987,0,98,140.19355981273955,62.38991699996177,24059.648583000013,0.0
1776286789,200,,Aggregated,496.700000,0.000000,90,100,110,120,150,170,200,230,280,360,360,222191,359,120.0,161.2364337818429,23.60312499996553,47503.897999999994,7579.968068013556
1776286790,200,GET,GET /v1/timeline/home,244.500000,0.000000,94,110,130,130,150,170,210,230,270,290,290,111936,199,130.0,173.03172719335,23.60312499996553,47503.897999999994,10721.860652515723
1776286790,200,GET,GET /v1/timeline/user/:id,102.700000,0.000000,96,110,130,130,150,180,230,250,320,320,320,44307,160,130.0,169.34653532615596,67.01279200001409,12374.399374999995,10904.860518653937
1776286790,200,POST,POST /v1/tweets,50.200000,0.000000,82,86,88,90,97,100,120,130,180,180,180,22387,0,94,126.47440279698019,62.411375000010594,12357.503124999994,214.55483092866396
1776286790,200,POST,POST /v1/tweets/:id/like,102.200000,0.000000,84,88,91,94,100,110,130,140,360,360,360,44080,0,98,140.0803441399495,62.38991699996177,24059.648583000013,0.0
1776286790,200,,Aggregated,499.600000,0.000000,89,99,110,120,140,160,190,230,280,360,360,222710,359,120.0,161.09667451356177,23.60312499996553,47503.897999999994,7579.933940999506
1776286791,200,GET,GET /v1/timeline/home,244.800000,0.000000,93,110,120,130,150,170,200,230,260,290,290,112177,199,130.0,172.88474575210446,23.60312499996553,47503.897999999994,10721.907280458561
1776286791,200,GET,GET /v1/timeline/user/:id,102.300000,0.000000,95,110,120,130,150,170,230,250,320,320,320,44409,160,130.0,169.2044330988537,67.01279200001409,12374.399374999995,10904.953860703912
1776286791,200,POST,POST /v1/tweets,50.700000,0.000000,82,85,87,89,94,100,120,130,140,140,140,22445,0,94,126.36899192858084,62.411375000010594,12357.503124999994,214.554733793718
1776286791,200,POST,POST /v1/tweets/:id/like,103.000000,0.000000,84,88,91,93,100,110,120,130,150,360,360,44187,0,98,139.9572913060395,62.38991699996177,24059.648583000013,0.0
1776286791,200,,Aggregated,500.800000,0.000000,89,97,110,120,140,160,180,220,270,360,360,223218,359,120.0,160.9571658580284,23.60312499996553,47503.897999999994,7579.340241378383
1776286792,200,GET,GET /v1/timeline/home,247.900000,0.000000,92,110,120,130,150,170,200,230,260,290,290,112421,199,130.0,172.72743392793018,23.60312499996553,47503.897999999994,10721.95522188915
1776286792,200,GET,GET /v1/timeline/user/:id,101.200000,0.000000,94,110,120,130,150,160,230,250,320,320,320,44515,160,130.0,169.04062167781638,67.01279200001409,12374.399374999995,10904.940155003931
1776286792,200,POST,POST /v1/tweets,50.100000,0.000000,82,85,87,89,94,100,120,130,140,140,140,22484,0,94,126.29975679767827,62.411375000010594,12357.503124999994,214.5547055684042
1776286792,200,POST,POST /v1/tweets/:id/like,103.600000,0.000000,84,88,91,93,100,110,120,130,150,360,360,44290,0,98,139.8408764699023,62.38991699996177,24059.648583000013,0.0
1776286792,200,,Aggregated,502.800000,0.000000,89,97,110,120,140,160,180,230,270,360,360,223710,359,120.0,160.8167282387483,23.60312499996553,47503.897999999994,7579.591377229449
1776286793,200,GET,GET /v1/timeline/home,249.100000,0.000000,93,110,120,130,150,170,200,230,260,290,290,112676,199,130.0,172.57406473635746,23.60312499996553,47503.897999999994,10721.999529624765
1776286793,200,GET,GET /v1/timeline/user/:id,99.600000,0.000000,94,110,120,130,150,170,230,250,270,320,320,44624,160,130.0,168.88547033419223,67.01279200001409,12374.399374999995,10904.856512190749
1776286793,200,POST,POST /v1/tweets,52.000000,0.000000,82,86,88,89,95,100,120,130,140,140,140,22521,0,94,126.23038243048701,62.411375000010594,12357.503124999994,214.55472669952488
1776286793,200,POST,POST /v1/tweets/:id/like,100.400000,0.000000,85,88,91,93,100,110,130,140,360,360,360,44377,0,98,139.73782300748067,62.38991699996177,24059.648583000013,0.0
1776286793,200,,Aggregated,501.100000,0.000000,89,97,110,120,140,160,180,230,270,360,360,224198,359,120.0,160.68511030761405,23.60312499996553,47503.897999999994,7580.631062721344
1776286794,200,GET,GET /v1/timeline/home,247.700000,0.000000,93,110,120,130,150,170,200,230,260,290,290,112939,199,130.0,172.42300152431687,23.60312499996553,47503.897999999994,10722.052736432941
1776286794,200,GET,GET /v1/timeline/user/:id,99.800000,0.000000,95,110,120,130,150,170,240,250,320,320,320,44715,160,130.0,168.76687618494896,67.01279200001409,12374.399374999995,10904.829162473443
1776286794,200,POST,POST /v1/tweets,53.200000,0.000000,82,86,88,89,95,100,120,130,140,140,140,22573,0,94,126.13229851707781,62.411375000010594,12357.503124999994,214.55468923049662
1776286794,200,POST,POST /v1/tweets/:id/like,103.000000,0.000000,85,88,91,94,100,110,130,140,360,360,360,44452,0,98,139.6501102242188,62.38991699996177,24059.648583000013,0.0
1776286794,200,,Aggregated,503.700000,0.000000,89,98,110,120,140,160,190,230,270,360,360,224679,359,120.0,160.56063678348855,23.60312499996553,47503.897999999994,7581.440601925414
1776286795,200,GET,GET /v1/timeline/home,248.200000,0.000000,93,110,120,130,150,160,170,200,260,270,270,113184,199,130.0,172.2884415483004,23.60312499996553,47503.897999999994,10722.098671190275
1776286795,200,GET,GET /v1/timeline/user/:id,98.900000,0.000000,94,110,120,130,150,160,190,230,260,320,320,44827,160,130.0,168.63202123024055,67.01279200001409,12374.399374999995,10904.844312579473
1776286795,200,POST,POST /v1/tweets,51.900000,0.000000,82,85,87,89,95,100,120,130,140,140,140,22623,0,93,126.03842937178969,62.411375000010594,12357.503124999994,214.55465676523892
1776286795,200,POST,POST /v1/tweets/:id/like,103.100000,0.000000,84,88,91,93,100,110,130,130,150,360,360,44561,0,98,139.52166034624386,62.38991699996177,24059.648583000013,0.0
1776286795,200,,Aggregated,502.100000,0.000000,89,97,110,120,140,160,170,190,260,360,360,225195,359,120.0,160.43053654946758,23.60312499996553,47503.897999999994,7581.231119696263
1776286796,200,GET,GET /v1/timeline/home,249.300000,0.000000,94,110,120,130,150,170,190,220,260,270,270,113432,199,130.0,172.16346259364042,23.60312499996553,47503.897999999994,10722.146590027505
1776286796,200,GET,GET /v1/timeline/user/:id,101.800000,0.000000,96,110,130,140,150,170,200,230,320,320,320,44940,160,130.0,168.5022105127946,67.01279200001409,12374.399374999995,10904.859212283043
1776286796,200,POST,POST /v1/tweets,50.000000,0.000000,83,86,88,89,96,110,120,130,160,160,160,22680,0,93,125.94869737499991,62.411375000010594,12357.503124999994,214.5545414462081
1776286796,200,POST,POST /v1/tweets/:id/like,100.100000,0.000000,85,88,91,93,100,110,130,140,160,160,160,44657,0,98,139.41127863071796,62.38991699996177,24059.648583000013,0.0
1776286796,200,,Aggregated,501.200000,0.000000,90,99,110,120,140,160,180,210,260,320,320,225709,359,120.0,160.31058201331487,23.60312499996553,47503.897999999994,7581.288304852708
1776286798,200,GET,GET /v1/timeline/home,247.200000,0.000000,94,110,120,130,150,160,190,220,260,270,270,113685,199,130.0,172.00111127057076,23.60312499996553,47503.897999999994,10722.195892158155
1776286798,200,GET,GET /v1/timeline/user/:id,101.400000,0.000000,97,110,130,140,150,170,200,230,320,320,320,45040,160,130.0,168.36376399260638,67.01279200001409,12374.399374999995,10904.872002664299
1776286798,200,POST,POST /v1/tweets,50.700000,0.000000,83,86,89,90,100,110,120,130,160,160,160,22728,0,93,125.86521869896158,62.411375000010594,12357.503124999994,214.55442625835974
1776286798,200,POST,POST /v1/tweets/:id/like,100.700000,0.000000,85,89,92,94,100,120,130,140,160,160,160,44743,0,98,139.31214453615036,62.38991699996177,24059.648583000013,0.0
1776286798,200,,Aggregated,500.000000,0.000000,90,99,110,120,140,160,180,210,260,320,320,226196,359,120.0,160.1750616217453,23.60312499996553,47503.897999999994,7581.852322764328
1776286799,200,GET,GET /v1/timeline/home,248.300000,0.000000,94,110,120,130,150,160,180,210,260,270,270,113918,199,130.0,171.85856883422133,23.60312499996553,47503.897999999994,10722.236389332678
1776286799,200,GET,GET /v1/timeline/user/:id,102.700000,0.000000,97,110,130,140,150,170,200,230,260,260,260,45156,160,130.0,168.21076815681172,67.01279200001409,12374.399374999995,10904.895008415271
1776286799,200,POST,POST /v1/tweets,50.800000,0.000000,83,86,89,91,100,110,120,130,160,160,160,22774,0,93,125.78332521028364,62.411375000010594,12357.503124999994,214.55414068674804
1776286799,200,POST,POST /v1/tweets/:id/like,98.100000,0.000000,85,88,92,94,100,110,130,130,160,160,160,44863,0,97,139.175043553529,62.38991699996177,24059.648583000013,0.0
1776286799,200,,Aggregated,499.900000,0.000000,90,99,110,120,140,160,170,200,250,270,270,226711,359,120.0,160.03594584570794,23.60312499996553,47503.897999999994,7581.296981619771
1776286800,200,GET,GET /v1/timeline/home,249.700000,0.000000,93,100,120,130,150,160,180,210,260,270,270,114151,199,130.0,171.7049875745972,23.60312499996553,47503.897999999994,10722.276432094332
1776286800,200,GET,GET /v1/timeline/user/:id,102.200000,0.000000,96,110,130,130,150,170,200,230,260,260,260,45245,160,130.0,168.08281490440916,67.01279200001409,12374.399374999995,10904.917095811692
1776286800,200,POST,POST /v1/tweets,50.100000,0.000000,83,87,89,91,100,110,120,130,160,160,160,22820,0,93,125.70045469837856,62.411375000010594,12357.503124999994,214.55390008764243
1776286800,200,POST,POST /v1/tweets/:id/like,94.700000,0.000000,85,89,92,95,100,110,130,140,160,160,160,44963,0,97,139.06200853263726,62.38991699996177,24059.648583000013,0.0
1776286800,200,,Aggregated,496.700000,0.000000,90,98,110,120,140,160,170,200,250,270,270,227179,359,120.0,159.90180634146296,23.60312499996553,47503.897999999994,7581.016163465813
1776286801,200,GET,GET /v1/timeline/home,248.000000,0.000000,95,110,130,130,160,170,220,260,410,740,740,114369,199,130.0,171.67654118472507,23.60312499996553,47503.897999999994,10722.305729699481
1776286801,200,GET,GET /v1/timeline/user/:id,102.900000,0.000000,99,120,130,140,160,180,230,260,430,430,430,45335,160,130.0,168.07728952103216,67.01279200001409,12374.399374999995,10904.981096283225
1776286801,200,POST,POST /v1/tweets,49.600000,0.000000,84,88,91,96,110,140,230,250,320,320,320,22871,0,93,125.72879431625195,62.411375000010594,12357.503124999994,214.5536705872065
1776286801,200,POST,POST /v1/tweets/:id/like,96.100000,0.000000,86,90,94,97,110,130,170,240,320,320,320,45043,0,97,139.05741105956454,62.38991699996177,24059.648583000013,0.0
1776286801,200,,Aggregated,496.600000,0.000000,91,100,120,130,150,170,220,260,410,740,740,227618,359,120.0,159.88790201282092,23.60312499996553,47503.897999999994,7581.051406303543
1776286802,200,GET,GET /v1/timeline/home,245.400000,0.000000,98,120,140,150,170,260,440,560,1800,1900,1900,114496,199,130.0,171.9433444356293,23.60312499996553,47503.897999999994,10722.317259991616
1776286802,200,GET,GET /v1/timeline/user/:id,103.400000,0.000000,100,130,140,150,180,260,500,670,2000,2000,2000,45382,160,130.0,168.4361566566919,67.01279200001409,12374.399374999995,10904.99905248777
1776286802,200,POST,POST /v1/tweets,49.200000,0.000000,84,89,95,100,130,220,260,320,460,460,460,22890,0,93,125.8112106421144,62.411375000010594,12357.503124999994,214.55351681957185
1776286802,200,POST,POST /v1/tweets/:id/like,96.400000,0.000000,86,92,97,100,130,190,320,420,500,500,500,45101,0,97,139.17045666723502,62.38991699996177,24059.648583000013,0.0
1776286802,200,,Aggregated,494.400000,0.000000,93,110,130,140,170,240,410,510,1800,2000,2000,227869,359,120.0,160.1241950578723,23.60312499996553,47503.897999999994,7580.953240677758
1776286803,200,GET,GET /v1/timeline/home,240.200000,0.000000,100,130,150,160,260,460,640,830,2100,2200,2200,114641,199,130.0,172.27312793458532,23.60312499996553,47503.897999999994,10722.34024476409
1776286803,200,GET,GET /v1/timeline/user/:id,102.200000,0.000000,110,140,150,160,250,490,690,1200,2000,2000,2000,45427,160,130.0,168.77638551819382,67.01279200001409,12374.399374999995,10905.014264644375
1776286803,200,POST,POST /v1/tweets,48.200000,0.000000,86,93,100,110,220,290,390,460,560,560,560,22924,0,93,126.04067518626752,62.411375000010594,12357.503124999994,214.55374280230328
1776286803,200,POST,POST /v1/tweets/:id/like,95.400000,0.000000,88,96,110,120,230,400,490,630,740,740,740,45171,0,98,139.5038865242737,62.38991699996177,24059.648583000013,0.0
1776286803,200,,Aggregated,486.000000,0.000000,96,120,140,150,250,430,600,730,2000,2200,2200,228163,359,120.0,160.4443096410957,23.60312499996553,47503.897999999994,7580.1962675806335
1776286804,200,GET,GET /v1/timeline/home,230.300000,0.000000,110,140,160,190,400,550,670,910,2100,2200,2200,114797,199,130.0,172.4593110327867,23.60312499996553,47503.897999999994,10722.364905006229
1776286804,200,GET,GET /v1/timeline/user/:id,97.000000,0.000000,120,140,160,190,420,560,730,1200,2000,2000,2000,45487,160,130.0,169.0030053691602,67.01279200001409,12374.399374999995,10904.973223118694
1776286804,200,POST,POST /v1/tweets,44.300000,0.000000,88,97,110,130,230,300,400,470,560,560,560,22962,0,93,126.00703895784328,62.411375000010594,12357.503124999994,214.5537409633307
1776286804,200,POST,POST /v1/tweets/:id/like,90.800000,0.000000,90,98,110,130,230,400,490,630,740,740,740,45236,0,98,139.4573796795907,62.38991699996177,24059.648583000013,0.0
1776286804,200,,Aggregated,462.400000,0.000000,99,130,150,170,340,500,650,760,2000,2200,2200,228482,359,120.0,160.56896775060312,23.60312499996553,47503.897999999994,7579.837466408732
1776286805,200,GET,GET /v1/timeline/home,220.300000,0.000000,110,150,190,230,430,570,820,1900,2400,2500,2500,115030,199,130.0,172.76713444649042,23.60312499996553,47503.897999999994,10722.39725289055
1776286805,200,GET,GET /v1/timeline/user/:id,90.200000,0.000000,120,160,190,210,470,610,1000,2000,2800,2800,2800,45577,160,130.0,169.33657600925883,67.01279200001409,12374.399374999995,10905.065493560349
1776286805,200,POST,POST /v1/tweets,43.600000,0.000000,90,110,120,140,230,300,400,470,560,560,560,23005,0,93,125.98409835222758,62.411375000010594,12357.503124999994,214.55400999782657
1776286805,200,POST,POST /v1/tweets/:id/like,87.600000,0.000000,92,100,120,140,260,400,500,630,740,740,740,45306,0,98,139.4192444382855,62.38991699996177,24059.648583000013,0.0
1776286805,200,,Aggregated,441.700000,0.000000,110,140,170,200,380,530,700,1200,2400,2800,2800,228918,359,120.0,160.7826779513509,23.60312499996553,47503.897999999994,7580.676665880359
1776286806,200,GET,GET /v1/timeline/home,209.700000,0.000000,120,160,210,250,430,570,820,1900,2400,2500,2500,115256,199,130.0,172.74919237831264,23.60312499996553,47503.897999999994,10722.423249115014
1776286806,200,GET,GET /v1/timeline/user/:id,84.700000,0.000000,140,170,210,250,490,640,1700,2300,3000,3000,3000,45664,160,130.0,169.5720616904124,67.01279200001409,12374.399374999995,10905.068960231254
1776286806,200,POST,POST /v1/tweets,43.600000,0.000000,96,110,130,150,230,300,400,470,560,560,560,23049,0,93,125.95833083912513,62.411375000010594,12357.503124999994,214.5539068940084
1776286806,200,POST,POST /v1/tweets/:id/like,85.500000,0.000000,96,110,130,140,260,410,500,630,740,740,740,45389,0,98,139.36866537453926,62.38991699996177,24059.648583000013,0.0
1776286806,200,,Aggregated,423.500000,0.000000,110,150,180,220,390,540,730,1700,2500,3000,3000,229358,359,120.0,160.80859382267602,23.60312499996553,47503.897999999994,7580.890729776158
1776286807,200,GET,GET /v1/timeline/home,207.500000,0.000000,130,180,220,270,450,580,830,1900,2400,2500,2500,115457,199,130.0,172.7195307961736,23.60312499996553,47503.897999999994,10722.451640004503
1776286807,200,GET,GET /v1/timeline/user/:id,85.600000,0.000000,150,180,220,270,490,640,1700,2300,3000,3000,3000,45744,160,130.0,169.55502965116725,67.01279200001409,12374.399374999995,10905.106921126267
1776286807,200,POST,POST /v1/tweets,42.700000,0.000000,100,120,140,160,230,300,400,470,560,560,560,23098,0,94,125.95459134487811,62.411375000010594,12357.503124999994,214.55407394579618
1776286807,200,POST,POST /v1/tweets/:id/like,84.900000,0.000000,100,120,140,170,260,410,500,630,740,740,740,45480,0,98,139.3847606580467,62.38991699996177,24059.648583000013,0.0
1776286807,200,,Aggregated,420.700000,0.000000,120,160,200,230,400,540,730,1700,2500,3000,3000,229779,359,120.0,160.79068239094252,23.60312499996553,47503.897999999994,7580.244843958761
1776286808,200,GET,GET /v1/timeline/home,205.800000,0.000000,150,200,250,310,480,590,830,1900,2400,2500,2500,115673,199,130.0,172.82559471824734,23.60312499996553,47503.897999999994,10722.488368072065
1776286808,200,GET,GET /v1/timeline/user/:id,83.100000,0.000000,160,210,270,350,550,660,1800,2400,3000,3000,3000,45848,160,130.0,169.75555575813544,67.01279200001409,12374.399374999995,10905.070428372012
1776286808,200,POST,POST /v1/tweets,42.400000,0.000000,110,120,150,170,230,300,400,470,560,560,560,23138,0,94,125.92107804291619,62.411375000010594,12357.503124999994,214.55402368398305
1776286808,200,POST,POST /v1/tweets/:id/like,82.500000,0.000000,110,130,160,170,270,420,540,630,740,740,740,45553,0,98,139.3479275416539,62.38991699996177,24059.648583000013,0.0
1776286808,200,,Aggregated,413.800000,0.000000,130,180,220,260,450,560,730,1700,2500,3000,3000,230212,359,120.0,160.87556593619973,23.60312499996553,47503.897999999994,7581.022783347523
1776286809,200,GET,GET /v1/timeline/home,201.700000,0.000000,150,200,260,310,480,590,830,1900,2400,2500,2500,115913,199,130.0,172.73245218836345,23.60312499996553,47503.897999999994,10722.524548583851
1776286809,200,GET,GET /v1/timeline/user/:id,80.100000,0.000000,160,210,280,350,550,660,1800,2400,3000,3000,3000,45939,160,130.0,169.67659160660864,67.01279200001409,12374.399374999995,10905.015607653628
1776286809,200,POST,POST /v1/tweets,41.500000,0.000000,110,130,150,170,230,300,400,470,560,560,560,23183,0,94,125.89607372001012,62.411375000010594,12357.503124999994,214.55402665746453
1776286809,200,POST,POST /v1/tweets/:id/like,81.100000,0.000000,120,140,160,180,270,420,540,630,740,740,740,45650,0,98,139.3178005809629,62.38991699996177,24059.648583000013,0.0
1776286809,200,,Aggregated,404.400000,0.000000,140,180,220,270,450,560,730,1700,2500,3000,3000,230685,359,120.0,160.80462945530667,23.60312499996553,47503.897999999994,7580.984918828706
1776286810,200,GET,GET /v1/timeline/home,197.800000,0.000000,140,190,240,300,470,580,820,1900,2400,2500,2500,116163,199,130.0,172.60380093636329,23.60312499996553,47503.897999999994,10722.566023604762
1776286810,200,GET,GET /v1/timeline/user/:id,80.200000,0.000000,150,200,260,320,540,660,1700,2300,3000,3000,3000,46038,160,130.0,169.55117620105113,67.01279200001409,12374.399374999995,10905.048764064468
1776286810,200,POST,POST /v1/tweets,40.900000,0.000000,110,120,140,160,220,300,400,470,560,560,560,23227,0,94,125.86668091053488,62.411375000010594,12357.503124999994,214.55375209885048
1776286810,200,POST,POST /v1/tweets/:id/like,80.500000,0.000000,120,130,160,170,250,420,500,630,740,740,740,45759,0,98,139.27028490347163,62.38991699996177,24059.648583000013,0.0
1776286810,200,,Aggregated,399.400000,0.000000,130,170,210,250,440,560,730,1700,2500,3000,3000,231187,359,120.0,160.70257731845405,23.60312499996553,47503.897999999994,7580.85667446699
1776286811,200,GET,GET /v1/timeline/home,198.700000,0.000000,130,170,200,230,420,550,690,1700,2400,2500,2500,116399,199,130.0,172.48309977143916,23.60312499996553,47503.897999999994,10722.599919243292
1776286811,200,GET,GET /v1/timeline/user/:id,78.300000,0.000000,140,170,210,250,480,610,800,2300,3000,3000,3000,46141,160,130.0,169.43397348234748,67.01279200001409,12374.399374999995,10905.114453522898
1776286811,200,POST,POST /v1/tweets,40.600000,0.000000,110,120,140,150,200,280,390,470,560,560,560,23268,0,94,125.88572288696899,62.411375000010594,12357.503124999994,214.55380780471035
1776286811,200,POST,POST /v1/tweets/:id/like,77.700000,0.000000,110,130,150,160,230,370,490,630,740,740,740,45848,0,98,139.2879821134174,62.38991699996177,24059.648583000013,0.0
1776286811,200,,Aggregated,395.300000,0.000000,130,160,180,210,370,520,660,950,2500,3000,3000,231656,359,120.0,160.62565918782354,23.60312499996553,47503.897999999994,7581.349207445523
1776286812,200,GET,GET /v1/timeline/home,197.800000,0.000000,120,150,170,190,310,470,590,720,2300,2500,2500,116658,199,130.0,172.33522938742942,23.60312499996553,47503.897999999994,10722.641507654855
1776286812,200,GET,GET /v1/timeline/user/:id,78.500000,0.000000,130,160,180,200,350,540,670,2300,3000,3000,3000,46227,160,130.0,169.3115302068054,67.01279200001409,12374.399374999995,10905.178315702944
1776286812,200,POST,POST /v1/tweets,40.100000,0.000000,100,120,120,130,160,190,220,250,350,350,350,23326,0,94,125.84516625803795,62.411375000010594,12357.503124999994,214.55363114121582
1776286812,200,POST,POST /v1/tweets/:id/like,78.600000,0.000000,110,130,140,150,190,230,280,310,420,420,420,45947,0,98,139.29326960896174,62.38991699996177,24059.648583000013,0.0
1776286812,200,,Aggregated,395.000000,0.000000,120,140,160,180,250,420,570,670,2500,3000,3000,232158,359,120.0,160.52265915284565,23.60312499996553,47503.897999999994,7581.045102904057
1776286813,200,GET,GET /v1/timeline/home,201.800000,0.000000,120,140,160,170,230,330,490,610,2300,2500,2500,116905,199,130.0,172.21602603757512,23.60312499996553,47503.897999999994,10722.67997947051
1776286813,200,GET,GET /v1/timeline/user/:id,79.600000,0.000000,120,140,160,180,250,450,620,2300,3000,3000,3000,46339,160,130.0,169.16523807326422,67.01279200001409,12374.399374999995,10905.18125121388
1776286813,200,POST,POST /v1/tweets,39.400000,0.000000,100,110,120,130,160,190,220,250,350,350,350,23363,0,94,125.78644929529574,62.411375000010594,12357.503124999994,214.55343919873303
1776286813,200,POST,POST /v1/tweets/:id/like,80.300000,0.000000,110,120,130,140,190,230,280,310,420,420,420,46053,0,98,139.18080454906223,62.38991699996177,24059.648583000013,0.0
1776286813,200,,Aggregated,401.100000,0.000000,120,140,150,160,220,290,480,610,2500,3000,3000,232660,359,120.0,160.40705277135507,23.60312499996553,47503.897999999994,7581.375006447176
1776286814,200,GET,GET /v1/timeline/home,211.800000,0.000000,110,130,150,160,200,250,420,490,650,690,690,117154,199,130.0,172.0713733732926,23.60312499996553,47503.897999999994,10722.719429127474
1776286814,200,GET,GET /v1/timeline/user/:id,83.200000,0.000000,110,140,150,160,210,310,520,660,3000,3000,3000,46439,160,130.0,169.02798335872842,67.01279200001409,12374.399374999995,10905.233596761344
1776286814,200,POST,POST /v1/tweets,43.300000,0.000000,99,110,120,120,150,180,220,250,350,350,350,23416,0,94,125.69104394119384,62.411375000010594,12357.503124999994,214.55321147933037
1776286814,200,POST,POST /v1/tweets/:id/like,83.400000,0.000000,100,120,130,140,180,230,270,310,420,420,420,46152,0,98,139.06595512961442,62.38991699996177,24059.648583000013,0.0
1776286814,200,,Aggregated,421.700000,0.000000,110,130,140,150,190,250,390,490,730,3000,3000,233161,359,120.0,160.2742038395765,23.60312499996553,47503.897999999994,7581.291866993193
1776286815,200,GET,GET /v1/timeline/home,223.400000,0.000000,110,130,140,150,180,220,420,490,650,690,690,117396,199,130.0,171.92219968783232,23.60312499996553,47503.897999999994,10722.757513032811
1776286815,200,GET,GET /v1/timeline/user/:id,90.700000,0.000000,110,130,140,150,180,270,510,580,730,730,730,46533,160,130.0,168.89895501104579,67.01279200001409,12374.399374999995,10905.28113381901
1776286815,200,POST,POST /v1/tweets,43.700000,0.000000,95,100,120,120,150,180,220,250,350,350,350,23474,0,94,125.59001731400676,62.411375000010594,12357.503124999994,214.55329300502683
1776286815,200,POST,POST /v1/tweets/:id/like,87.400000,0.000000,99,110,130,140,180,230,270,310,420,420,420,46277,0,98,138.92282597229644,62.38991699996177,24059.648583000013,0.0
1776286815,200,,Aggregated,445.200000,0.000000,100,120,140,150,180,220,360,480,670,730,730,233680,359,120.0,160.13088545031857,23.60312499996553,47503.897999999994,7580.027011297501
1776286816,200,GET,GET /v1/timeline/home,232.300000,0.000000,100,120,140,140,160,200,420,490,650,690,690,117639,199,130.0,171.79110472334665,23.60312499996553,47503.897999999994,10722.79059665587
1776286816,200,GET,GET /v1/timeline/user/:id,95.200000,0.000000,100,120,140,140,170,230,510,580,730,730,730,46626,160,130.0,168.789041710183,67.01279200001409,12374.399374999995,10905.262643160468
1776286816,200,POST,POST /v1/tweets,45.300000,0.000000,93,100,110,120,140,160,220,250,350,350,350,23530,0,93,125.52982137586031,62.411375000010594,12357.503124999994,214.5531236719082
1776286816,200,POST,POST /v1/tweets/:id/like,90.700000,0.000000,95,110,120,130,160,210,270,310,420,420,420,46374,0,98,138.82851525777286,62.38991699996177,24059.648583000013,0.0
1776286816,200,,Aggregated,463.500000,0.000000,100,120,130,140,160,200,350,480,670,730,730,234169,359,120.0,160.017089755119,23.60312499996553,47503.897999999994,7579.720518087364
1776286817,200,GET,GET /v1/timeline/home,233.700000,0.000000,100,120,130,140,160,170,190,200,260,280,280,117893,199,130.0,171.6625635795576,23.60312499996553,47503.897999999994,10722.829540345907
1776286817,200,GET,GET /v1/timeline/user/:id,94.200000,0.000000,100,120,130,140,150,170,190,220,290,290,290,46712,160,130.0,168.69015922456737,67.01279200001409,12374.399374999995,10905.248972426785
1776286817,200,POST,POST /v1/tweets,46.300000,0.000000,90,99,110,120,140,160,220,250,350,350,350,23582,0,93,125.45398329115396,62.411375000010594,12357.503124999994,214.5533033669748
1776286817,200,POST,POST /v1/tweets/:id/like,96.600000,0.000000,94,100,120,120,150,200,270,310,420,420,420,46474,0,98,138.73963622459783,62.38991699996177,24059.648583000013,0.0
1776286817,200,,Aggregated,470.800000,0.000000,98,110,130,130,150,170,200,240,320,420,420,234661,359,120.0,159.9068912757397,23.60312499996553,47503.897999999994,7579.496077320049
1776286818,200,GET,GET /v1/timeline/home,236.000000,0.000000,99,120,130,140,150,170,180,200,250,260,260,118154,199,130.0,171.52994253342905,23.60312499996553,47503.897999999994,10722.869593919799
1776286818,200,GET,GET /v1/timeline/user/:id,95.600000,0.000000,99,120,130,140,150,170,180,220,250,250,250,46827,160,130.0,168.55535685130351,67.01279200001409,12374.399374999995,10905.200098233925
1776286818,200,POST,POST /v1/tweets,47.300000,0.000000,87,96,100,110,130,160,220,250,350,350,350,23627,0,93,125.3754345053537,62.411375000010594,12357.503124999994,214.5533923054133
1776286818,200,POST,POST /v1/tweets/:id/like,98.000000,0.000000,91,100,110,120,140,200,270,310,420,420,420,46554,0,98,138.65054372212828,62.38991699996177,24059.648583000013,0.0
1776286818,200,,Aggregated,476.900000,0.000000,95,110,120,130,150,170,200,230,320,420,420,235162,359,120.0,159.7914345381834,23.60312499996553,47503.897999999994,7580.633741846046
1776286819,200,GET,GET /v1/timeline/home,240.600000,0.000000,97,110,130,140,150,170,180,200,250,260,260,118390,199,130.0,171.3908500137494,23.60312499996553,47503.897999999994,10722.906875580707
1776286819,200,GET,GET /v1/timeline/user/:id,95.900000,0.000000,97,120,130,140,150,170,190,220,250,250,250,46933,160,130.0,168.41290038593291,67.01279200001409,12374.399374999995,10905.209831035732
1776286819,200,POST,POST /v1/tweets,47.500000,0.000000,85,92,98,100,130,150,200,230,350,350,350,23681,0,93,125.28346257970489,62.411375000010594,12357.503124999994,214.5536928339175
1776286819,200,POST,POST /v1/tweets/:id/like,99.300000,0.000000,89,95,100,110,130,170,270,310,420,420,420,46666,0,97,138.53039452406364,62.38991699996177,24059.648583000013,0.0
1776286819,200,,Aggregated,483.300000,0.000000,93,110,120,130,150,170,190,230,320,420,420,235670,359,120.0,159.65792190414672,23.60312499996553,47503.897999999994,7580.005957482921
1776286820,200,GET,GET /v1/timeline/home,245.500000,0.000000,96,110,130,130,150,160,180,190,250,260,260,118640,199,130.0,171.24214355253537,23.60312499996553,47503.897999999994,10722.94395650708
1776286820,200,GET,GET /v1/timeline/user/:id,96.900000,0.000000,96,110,130,140,150,160,180,220,250,250,250,47025,160,130.0,168.28720007589553,67.01279200001409,12374.399374999995,10905.231961722488
1776286820,200,POST,POST /v1/tweets,48.400000,0.000000,85,89,95,98,110,130,150,170,230,230,230,23729,0,93,125.20133735859032,62.411375000010594,12357.503124999994,214.5534577942602
1776286820,200,POST,POST /v1/tweets/:id/like,98.900000,0.000000,87,92,96,100,120,140,190,270,420,420,420,46761,0,97,138.4211788192501,62.38991699996177,24059.648583000013,0.0
1776286820,200,,Aggregated,489.700000,0.000000,92,100,120,130,150,160,180,200,310,420,420,236155,359,120.0,159.52865182439635,23.60312499996553,47503.897999999994,7580.10519785734
1776286821,200,GET,GET /v1/timeline/home,245.700000,0.000000,96,110,130,130,150,170,180,190,250,260,260,118888,199,130.0,171.11287291325306,23.60312499996553,47503.897999999994,10722.98149518875
1776286821,200,GET,GET /v1/timeline/user/:id,98.600000,0.000000,97,120,130,140,150,170,190,220,250,250,250,47132,160,130.0,168.16918348340798,67.01279200001409,12374.399374999995,10905.2126368497
1776286821,200,POST,POST /v1/tweets,49.200000,0.000000,84,87,90,94,100,120,140,150,180,180,180,23771,0,93,125.12801893290101,62.411375000010594,12357.503124999994,214.55319506962266
1776286821,200,POST,POST /v1/tweets/:id/like,101.700000,0.000000,86,90,94,97,110,120,130,140,170,170,170,46853,0,97,138.32452237536452,62.38991699996177,24059.648583000013,0.0
1776286821,200,,Aggregated,495.200000,0.000000,91,100,110,120,150,160,180,190,250,260,260,236644,359,120.0,159.4156377332927,23.60312499996553,47503.897999999994,7580.66314801981
1776286822,200,GET,GET /v1/timeline/home,247.700000,0.000000,96,110,120,130,150,160,180,190,250,260,260,119150,199,130.0,170.96951489016226,23.60312499996553,47503.897999999994,10723.023046579941
1776286822,200,GET,GET /v1/timeline/user/:id,98.300000,0.000000,97,120,130,140,160,170,180,190,250,250,250,47231,160,130.0,168.04985578812614,67.01279200001409,12374.399374999995,10905.212572251276
1776286822,200,POST,POST /v1/tweets,50.300000,0.000000,84,87,90,93,100,120,140,150,180,180,180,23815,0,93,125.05884720298091,62.411375000010594,12357.503124999994,214.55330673944994
1776286822,200,POST,POST /v1/tweets/:id/like,99.100000,0.000000,86,90,93,96,110,120,130,140,160,160,160,46945,0,97,138.23004405908952,62.38991699996177,24059.648583000013,0.0
1776286822,200,,Aggregated,495.400000,0.000000,91,100,110,120,140,160,170,180,250,260,260,237141,359,120.0,159.29622588411223,23.60312499996553,47503.897999999994,7581.235965100932
1776286823,200,GET,GET /v1/timeline/home,248.500000,0.000000,95,110,120,130,150,160,180,190,250,260,260,119424,199,130.0,170.81595184626048,23.60312499996553,47503.897999999994,10723.066544413183
1776286823,200,GET,GET /v1/timeline/user/:id,99.000000,0.000000,97,120,130,140,150,170,190,220,250,250,250,47321,160,130.0,167.93542344451697,67.01279200001409,12374.399374999995,10905.192958728683
1776286823,200,POST,POST /v1/tweets,49.700000,0.000000,83,87,89,92,100,120,140,150,180,180,180,23864,0,93,124.9697993200633,62.411375000010594,12357.503124999994,214.55338585316795
1776286823,200,POST,POST /v1/tweets/:id/like,99.300000,0.000000,86,90,93,96,110,120,130,140,160,160,160,47049,0,97,138.11574046073144,62.38991699996177,24059.648583000013,0.0
1776286823,200,,Aggregated,496.500000,0.000000,91,100,110,120,150,160,170,190,250,260,260,237658,359,120.0,159.1652002878768,23.60312499996553,47503.897999999994,7581.298491950618
