Timestamp,User Count,Type,Name,Requests/s,Failures/s,50%,66%,75%,80%,90%,95%,98%,99%,99.9%,99.99%,100%,Total Request Count,Total Failure Count,Total Median Response Time,Total Average Response Time,Total Min Response Time,Total Max Response Time,Total Average Content Size
1776286862,0,,Aggregated,0.000000,0.000000,N/A,N/A,N/A,N/A,N/A,N/A,N/A,N/A,N/A,N/A,N/A,0,0,0,0.0,0,0,0
1776286863,20,GET,GET /v1/timeline/home,0.000000,0.000000,0,0,0,0,0,0,0,0,0,0,0,20,0,260.0,195.33557504999996,73.15829200000002,329.3448749999999,10731.4
1776286863,20,GET,GET /v1/timeline/user/:id,0.000000,0.000000,0,0,0,0,0,0,0,0,0,0,0,8,0,79,141.40229162499983,70.70516599999976,279.0113339999998,10888.125
1776286863,20,POST,POST /v1/tweets,0.000000,0.000000,0,0,0,0,0,0,0,0,0,0,0,6,0,140.0,175.99475683333324,66.2585,266.07029099999966,214.5
1776286863,20,POST,POST /v1/tweets/:id/like,0.000000,0.000000,0,0,0,0,0,0,0,0,0,0,0,1,0,78.34508399999996,78.34508399999996,78.34508399999996,78.34508399999996,0.0
1776286863,20,,Aggregated,0.000000,0.000000,0,0,0,0,0,0,0,0,0,0,0,35,0,160.0,176.34981311428564,66.2585,329.3448749999999,8657.714285714286
1776286864,40,GET,GET /v1/timeline/home,0.000000,0.000000,0,0,0,0,0,0,0,0,0,0,0,71,0,89,127.16814677464787,64.89129199999999,329.3448749999999,10736.098591549297
1776286864,40,GET,GET /v1/timeline/user/:id,0.000000,0.000000,0,0,0,0,0,0,0,0,0,0,0,34,0,91,116.80433932352938,69.74241599999998,279.0113339999998,10927.35294117647
1776286864,40,POST,POST /v1/tweets,0.000000,0.000000,0,0,0,0,0,0,0,0,0,0,0,15,0,82,120.99081386666666,65.07487500000009,266.07029099999966,214.53333333333333
1776286864,40,POST,POST /v1/tweets/:id/like,0.000000,0.000000,0,0,0,0,0,0,0,0,0,0,0,7,0,78,78.88208942857146,66.62662500000005,92.87320800000032,0.0
1776286864,40,,Aggregated,0.000000,0.000000,89,100,150,160,260,270,290,310,330,330,330,127,0,89,121.00254166929142,64.89129199999999,329.3448749999999,8952.842519685038
1776286865,60,GET,GET /v1/timeline/home,0.000000,0.000000,80,87,95,150,160,170,220,220,230,230,230,156,0,82,109.92346291025642,61.463958999999235,329.3448749999999,10735.711538461539
1776286865,60,GET,GET /v1/timeline/user/:id,0.000000,0.000000,83,91,97,100,160,180,180,210,210,210,210,68,0,83,101.1996954117647,65.09883299999953,279.0113339999998,10900.264705882353
1776286865,60,POST,POST /v1/tweets,0.000000,0.000000,74,80,82,83,98,140,150,150,150,150,150,29,0,75,100.8830689310345,62.921333000000246,266.07029099999966,214.58620689655172
1776286865,60,POST,POST /v1/tweets/:id/like,0.000000,0.000000,78,82,84,84,93,93,93,93,93,93,93,11,0,78,78.521715909091,66.62662500000005,92.87320800000032,0.0
1776286865,60,,Aggregated,0.000000,0.000000,82,91,100,150,170,260,270,290,330,330,330,264,0,81,105.37495218181833,61.463958999999235,329.3448749999999,9175.045454545454
1776286866,80,GET,GET /v1/timeline/home,10.000000,0.000000,80,85,91,97,160,170,220,230,270,270,270,260,0,81,102.64521956923076,61.463958999999235,329.3448749999999,10738.446153846155
1776286866,80,GET,GET /v1/timeline/user/:id,4.000000,0.000000,84,91,97,100,170,190,260,260,260,260,260,107,0,84,103.06075387850464,62.05362499999989,279.0113339999998,10917.485981308411
1776286866,80,POST,POST /v1/tweets,3.000000,0.000000,76,79,80,82,98,150,190,190,190,190,190,48,0,76,94.88769697916668,62.921333000000246,266.07029099999966,214.54166666666666
1776286866,80,POST,POST /v1/tweets/:id/like,0.500000,0.000000,78,82,84,88,93,100,100,100,100,100,100,39,0,78,79.55503417948728,63.72908400000021,101.9268750000002,0.0
1776286866,80,,Aggregated,17.500000,0.000000,80,86,93,100,170,220,260,270,330,330,330,454,0,80,99.93945713876664,61.463958999999235,329.3448749999999,8745.517621145375
1776286868,100,GET,GET /v1/timeline/home,39.250000,0.000000,80,84,88,92,150,170,210,220,270,270,270,387,0,81,97.26520459689922,60.4823329999995,329.3448749999999,10739.29457364341
1776286868,100,GET,GET /v1/timeline/user/:id,17.250000,0.000000,82,88,95,100,160,180,210,260,260,260,260,156,0,82,99.40877589743593,62.05362499999989,279.0113339999998,10924.615384615385
1776286868,100,POST,POST /v1/tweets,7.250000,0.000000,76,80,80,82,140,160,170,190,190,190,190,65,0,77,92.4726576461539,59.62525000000074,266.07029099999966,214.56923076923076
1776286868,100,POST,POST /v1/tweets/:id/like,2.750000,0.000000,78,81,84,88,93,95,100,100,100,100,100,67,0,78,79.33798389552238,63.72908400000021,101.9268750000002,0.0
1776286868,100,,Aggregated,66.500000,0.000000,80,85,90,94,160,190,260,270,330,330,330,675,0,80,95.51966057333335,59.62525000000074,329.3448749999999,8702.657777777778
1776286869,120,GET,GET /v1/timeline/home,52.000000,0.000000,80,84,87,91,150,170,200,220,270,270,270,548,0,80,93.77479473175183,60.4823329999995,329.3448749999999,10739.95802919708
1776286869,120,GET,GET /v1/timeline/user/:id,21.400000,0.000000,81,86,91,97,160,170,200,210,260,260,260,216,0,81,95.73470217129633,62.05362499999989,279.0113339999998,10911.023148148148
1776286869,120,POST,POST /v1/tweets,9.600000,0.000000,75,79,80,82,93,150,170,190,190,190,190,103,0,76,87.30627541747579,59.62525000000074,266.07029099999966,214.60194174757282
1776286869,120,POST,POST /v1/tweets/:id/like,7.800000,0.000000,78,80,84,87,92,95,100,100,100,100,100,105,0,78,78.77234454285713,63.25608300000063,101.9268750000002,0.0
1776286869,120,,Aggregated,90.800000,0.000000,79,84,88,91,150,170,260,260,330,330,330,972,0,79,91.90424457510296,59.62525000000074,329.3448749999999,8502.45061728395
1776286870,140,GET,GET /v1/timeline/home,64.333333,0.000000,79,83,86,89,140,160,180,210,270,270,270,740,0,79,91.08563245810805,60.4823329999995,329.3448749999999,10740.163513513513
1776286870,140,GET,GET /v1/timeline/user/:id,25.666667,0.000000,81,85,90,93,160,170,200,210,260,260,260,282,0,80,93.60340884397168,61.893958999998944,279.0113339999998,10902.553191489362
1776286870,140,POST,POST /v1/tweets,10.833333,0.000000,74,78,80,82,92,150,170,170,190,190,190,139,0,75,85.43363153237416,59.62525000000074,266.07029099999966,214.6115107913669
1776286870,140,POST,POST /v1/tweets/:id/like,11.166667,0.000000,78,80,83,84,90,93,100,100,100,100,100,135,0,78,78.35986704444446,63.25608300000063,101.9268750000002,0.0
1776286870,140,,Aggregated,112.000000,0.000000,79,83,86,89,140,170,210,260,310,330,330,1296,0,79,89.70168684182104,59.62525000000074,329.3448749999999,8527.833333333334
1776286871,160,GET,GET /v1/timeline/home,77.714286,0.000000,80,84,88,91,120,160,180,210,270,270,270,969,0,80,91.10507381320942,60.4823329999995,329.3448749999999,10739.798761609907
1776286871,160,GET,GET /v1/timeline/user/:id,30.857143,0.000000,81,87,92,98,150,170,200,220,260,260,260,369,0,81,94.3479906341464,61.893958999998944,279.0113339999998,10909.065040650406
1776286871,160,POST,POST /v1/tweets,14.714286,0.000000,75,79,82,84,95,160,170,170,190,190,190,178,0,75,85.73635411797753,59.62525000000074,266.07029099999966,214.58988764044943
1776286871,160,POST,POST /v1/tweets/:id/like,14.857143,0.000000,78,81,84,86,91,93,98,100,100,100,100,174,0,78,78.8063461034483,63.25608300000063,101.9268750000002,0.0
1776286871,160,,Aggregated,138.142857,0.000000,79,84,88,92,140,170,210,260,310,330,330,1690,0,79,89.98142031005929,59.62525000000074,329.3448749999999,8562.430177514792
1776286872,180,GET,GET /v1/timeline/home,91.875000,0.000000,80,85,90,95,140,160,180,210,260,270,270,1204,0,81,92.1746961088039,60.4823329999995,329.3448749999999,10739.796511627907
1776286872,180,GET,GET /v1/timeline/user/:id,35.250000,0.000000,81,87,94,100,150,170,210,240,340,340,340,476,0,81,95.99751207563031,60.711332999998646,343.2951660000008,10917.20588235294
1776286872,180,POST,POST /v1/tweets,17.250000,0.000000,75,79,81,84,95,150,170,170,190,190,190,217,0,75,84.77654739631336,59.62525000000074,266.07029099999966,214.56221198156683
1776286872,180,POST,POST /v1/tweets/:id/like,16.750000,0.000000,77,80,83,84,89,93,97,100,100,100,100,233,0,77,78.08380960085844,63.031624999998925,101.9268750000002,0.0
1776286872,180,,Aggregated,161.125000,0.000000,80,85,89,93,140,160,200,260,310,340,340,2130,0,80,90.73389121361512,59.62525000000074,343.2951660000008,8532.330985915492
1776286873,200,GET,GET /v1/timeline/home,107.444444,0.000000,82,88,96,110,150,170,210,250,320,320,320,1477,0,82,97.2300057156397,60.4823329999995,329.3448749999999,10739.707515233582
1776286873,200,GET,GET /v1/timeline/user/:id,40.444444,0.000000,83,92,100,130,160,180,230,250,340,340,340,579,0,83,101.62026359240069,60.711332999998646,343.2951660000008,10911.54749568221
1776286873,200,POST,POST /v1/tweets,19.666667,0.000000,75,78,81,83,93,150,170,170,190,190,190,267,0,75,83.66160983520595,59.62525000000074,266.07029099999966,214.5505617977528
1776286873,200,POST,POST /v1/tweets/:id/like,19.333333,0.000000,77,80,83,84,89,93,98,100,100,100,100,284,0,77,77.78951927464793,62.67270800000091,101.9268750000002,0.0
1776286873,200,,Aggregated,186.888889,0.000000,81,86,93,100,150,170,210,240,320,340,340,2607,0,81,94.69763113233603,59.62525000000074,343.2951660000008,8529.965093977753
1776286874,200,GET,GET /v1/timeline/home,119.800000,0.000000,82,90,100,120,160,170,220,250,320,320,320,1736,0,83,98.44117014631328,60.4823329999995,329.3448749999999,10739.973502304147
1776286874,200,GET,GET /v1/timeline/user/:id,47.300000,0.000000,84,93,110,130,160,190,230,250,340,340,340,670,0,84,102.55691714925375,60.711332999998646,343.2951660000008,10914.244776119403
1776286874,200,POST,POST /v1/tweets,21.600000,0.000000,75,77,81,83,91,150,160,170,190,190,190,317,0,75,82.28087117350152,59.62525000000074,266.07029099999966,214.53627760252365
1776286874,200,POST,POST /v1/tweets/:id/like,23.200000,0.000000,77,80,82,84,89,92,97,100,110,110,110,368,0,77,77.71926215489133,62.67270800000091,107.86429200000036,0.0
1776286874,200,,Aggregated,211.900000,0.000000,81,86,94,100,150,170,210,240,320,340,340,3091,0,81,95.20890666418629,59.62525000000074,343.2951660000008,8419.652539631188
1776286875,200,GET,GET /v1/timeline/home,146.200000,0.000000,83,92,110,120,160,170,220,250,320,320,320,1993,0,83,99.53176843803304,60.4823329999995,329.3448749999999,10740.173607626693
1776286875,200,GET,GET /v1/timeline/user/:id,57.200000,0.000000,84,94,120,130,160,190,230,250,340,340,340,764,0,84,102.20068492408383,60.711332999998646,343.2951660000008,10911.468586387435
1776286875,200,POST,POST /v1/tweets,26.400000,0.000000,75,78,81,83,89,140,160,170,190,190,190,377,0,75,81.32589599204239,59.62525000000074,266.07029099999966,214.53315649867375
1776286875,200,POST,POST /v1/tweets/:id/like,28.200000,0.000000,77,80,82,83,89,92,97,100,110,110,110,439,0,77,77.61431400000006,59.62366600000024,107.86429200000036,0.0
1776286875,200,,Aggregated,258.000000,0.000000,81,87,95,110,150,170,210,240,310,340,340,3573,0,81,95.48857666218858,59.62366600000024,343.2951660000008,8346.601455359641
1776286876,200,GET,GET /v1/timeline/home,170.500000,0.000000,84,94,110,130,150,170,220,240,320,320,320,2252,0,84,99.97124913188279,60.4823329999995,329.3448749999999,10740.003996447602
1776286876,200,GET,GET /v1/timeline/user/:id,65.800000,0.000000,85,96,120,130,160,180,230,240,340,340,340,860,0,85,102.24315594767448,60.711332999998646,343.2951660000008,10913.881395348837
1776286876,200,POST,POST /v1/tweets,30.900000,0.000000,75,78,81,83,91,110,160,170,170,170,170,433,0,75,81.00543321247115,58.67387500000021,266.07029099999966,214.5311778290993
1776286876,200,POST,POST /v1/tweets/:id/like,36.300000,0.000000,77,80,83,84,89,94,100,110,130,130,130,515,0,77,78.45097493398067,59.62366600000024,133.11083299999993,0.0
1776286876,200,,Aggregated,303.500000,0.000000,82,89,98,110,150,170,210,230,310,340,340,4060,0,82,95.69999306206903,58.67387500000021,343.2951660000008,8291.950492610837
1776286877,200,GET,GET /v1/timeline/home,191.100000,0.000000,86,100,120,130,160,170,210,240,300,320,320,2500,0,84,100.85458918600008,60.4823329999995,329.3448749999999,10740.1604
1776286877,200,GET,GET /v1/timeline/user/:id,72.400000,0.000000,86,100,120,130,160,180,230,240,340,340,340,954,0,85,103.17949365932918,60.711332999998646,343.2951660000008,10911.685534591195
1776286877,200,POST,POST /v1/tweets,36.000000,0.000000,75,79,82,84,93,110,150,160,170,170,170,476,0,75,81.40056556302522,58.67387500000021,266.07029099999966,214.53991596638656
1776286877,200,POST,POST /v1/tweets/:id/like,42.900000,0.000000,78,81,84,86,94,100,130,140,150,150,150,615,0,78,80.38300515934968,59.62366600000024,154.65000000000018,0.0
1776286877,200,,Aggregated,342.400000,0.000000,83,91,110,120,150,170,210,230,320,340,340,4545,0,82,96.5350775130914,58.67387500000021,343.2951660000008,8220.521452145214
1776286878,200,GET,GET /v1/timeline/home,209.100000,0.000000,88,110,120,130,160,170,220,240,300,320,320,2758,0,85,101.99255035678033,60.4823329999995,329.3448749999999,10740.24184191443
1776286878,200,GET,GET /v1/timeline/user/:id,79.000000,0.000000,88,110,130,140,160,190,230,240,340,340,340,1055,0,86,104.2746354180095,60.711332999998646,343.2951660000008,10909.80663507109
1776286878,200,POST,POST /v1/tweets,40.400000,0.000000,76,80,83,85,100,140,150,160,170,170,170,530,0,76,82.556476645283,58.67387500000021,266.07029099999966,214.54905660377358
1776286878,200,POST,POST /v1/tweets/:id/like,50.300000,0.000000,79,82,85,89,100,120,150,150,160,160,160,698,0,78,82.25497791833818,59.62366600000024,159.8797920000017,0.0
1776286878,200,,Aggregated,378.800000,0.000000,84,95,110,130,150,170,210,240,310,340,340,5041,0,83,97.69373169192622,58.67387500000021,343.2951660000008,8181.936917278318
1776286879,200,GET,GET /v1/timeline/home,223.800000,0.000000,90,110,130,140,160,170,220,240,300,320,320,3020,0,85,101.64192791158943,60.4823329999995,329.3448749999999,10740.359933774835
1776286879,200,GET,GET /v1/timeline/user/:id,84.700000,0.000000,89,110,130,140,160,190,230,240,340,340,340,1138,0,86,103.82666588664317,60.711332999998646,343.2951660000008,10912.449033391915
1776286879,200,POST,POST /v1/tweets,42.600000,0.000000,76,80,83,85,96,120,150,160,170,170,170,583,0,76,82.17537607375637,58.67387500000021,266.07029099999966,214.55060034305316
1776286879,200,POST,POST /v1/tweets/:id/like,57.200000,0.000000,79,82,85,89,99,120,150,150,160,160,160,802,0,78,81.72790274064855,59.62366600000024,159.8797920000017,0.0
1776286879,200,,Aggregated,408.400000,0.000000,84,97,110,130,150,170,210,230,310,340,340,5543,0,83,97.1617157353419,58.67387500000021,343.2951660000008,8114.6197005231825
1776286880,200,GET,GET /v1/timeline/home,236.200000,0.000000,90,110,130,140,160,170,220,240,300,320,320,3263,0,85,101.22130073000314,60.4823329999995,329.3448749999999,10740.411584431506
1776286880,200,GET,GET /v1/timeline/user/:id,89.600000,0.000000,90,110,130,140,160,180,230,240,340,340,340,1243,0,86,103.71691910539015,60.711332999998646,343.2951660000008,10910.016090104586
1776286880,200,POST,POST /v1/tweets,46.400000,0.000000,76,79,82,84,94,120,150,150,170,170,170,628,0,76,81.6484889203821,58.67387500000021,266.07029099999966,214.55095541401275
1776286880,200,POST,POST /v1/tweets/:id/like,62.700000,0.000000,78,82,84,86,98,110,140,150,160,160,160,907,0,78,81.08762793715556,59.62366600000024,159.8797920000017,0.0
1776286880,200,,Aggregated,434.900000,0.000000,84,97,120,130,150,170,210,230,310,340,340,6041,0,82,96.67719985283907,58.67387500000021,343.2951660000008,8068.507035259063
1776286881,200,GET,GET /v1/timeline/home,246.600000,0.000000,91,110,130,140,160,170,220,240,300,320,320,3517,0,85,101.32659589138478,60.4823329999995,329.3448749999999,10740.224054591981
1776286881,200,GET,GET /v1/timeline/user/:id,91.600000,0.000000,91,110,130,140,160,180,230,240,330,330,330,1364,0,86,103.77196883357774,60.711332999998646,343.2951660000008,10911.466275659825
1776286881,200,POST,POST /v1/tweets,47.800000,0.000000,76,79,82,84,91,110,140,150,170,170,170,668,0,76,81.28448901796406,58.67387500000021,266.07029099999966,214.55089820359282
1776286881,200,POST,POST /v1/tweets/:id/like,69.200000,0.000000,78,81,84,86,97,110,140,150,160,160,160,1006,0,78,80.65276817793254,59.62366600000024,159.8797920000017,0.0
1776286881,200,,Aggregated,455.200000,0.000000,84,97,120,130,150,170,210,230,300,330,330,6555,0,82,96.6201871380627,58.67387500000021,343.2951660000008,8054.908924485126
1776286882,200,GET,GET /v1/timeline/home,251.400000,0.000000,90,110,130,130,150,170,190,220,260,260,260,3775,0,85,100.98302924900673,60.4823329999995,329.3448749999999,10740.177218543045
1776286882,200,GET,GET /v1/timeline/user/:id,95.200000,0.000000,90,110,130,130,160,170,220,230,330,330,330,1448,0,86,103.21052387569065,60.711332999998646,343.2951660000008,10911.611187845303
1776286882,200,POST,POST /v1/tweets,48.700000,0.000000,76,79,83,84,92,110,140,150,150,150,150,727,0,76,80.94633602338374,57.72154099999938,266.07029099999966,214.55845942228336
1776286882,200,POST,POST /v1/tweets/:id/like,77.200000,0.000000,78,82,84,87,98,110,140,150,160,160,160,1119,0,78,80.50150994101895,59.62366600000024,159.8797920000017,0.0
1776286882,200,,Aggregated,472.500000,0.000000,84,95,110,120,150,160,180,220,260,330,330,7069,0,82,96.13650444192973,57.72154099999938,343.2951660000008,7992.667421134531
1776286883,200,GET,GET /v1/timeline/home,252.800000,0.000000,89,110,120,130,150,160,180,210,250,260,260,4010,0,85,100.75058541147143,60.4823329999995,329.3448749999999,10740.088029925188
1776286883,200,GET,GET /v1/timeline/user/:id,99.500000,0.000000,89,110,120,130,150,170,210,230,330,330,330,1559,0,87,103.09299875946127,60.711332999998646,343.2951660000008,10912.324567030148
1776286883,200,POST,POST /v1/tweets,48.900000,0.000000,76,79,83,85,95,110,140,150,150,150,150,786,0,75,80.65172667175571,57.72154099999938,266.07029099999966,214.55979643765903
1776286883,200,POST,POST /v1/tweets/:id/like,82.800000,0.000000,78,82,85,88,99,110,140,150,160,160,160,1227,0,77,80.45827601141009,59.62366600000024,159.8797920000017,0.0
1776286883,200,,Aggregated,484.000000,0.000000,83,95,110,120,140,160,180,200,250,330,330,7582,0,82,95.86473152149848,57.72154099999938,343.2951660000008,7946.282115536797
1776286884,200,GET,GET /v1/timeline/home,256.300000,0.000000,89,110,120,130,150,160,180,200,240,260,260,4263,0,85,100.78626716561128,59.63745900000106,329.3448749999999,10740.035655641566
1776286884,200,GET,GET /v1/timeline/user/:id,97.100000,0.000000,90,110,120,130,150,160,200,230,330,330,330,1663,0,87,102.74030769272406,60.711332999998646,343.2951660000008,10913.34455802766
1776286884,200,POST,POST /v1/tweets,50.900000,0.000000,76,80,83,85,99,110,140,150,150,150,150,840,0,75,80.4523133357143,57.72154099999938,266.07029099999966,214.54880952380952
1776286884,200,POST,POST /v1/tweets/:id/like,88.400000,0.000000,77,82,85,89,99,110,140,150,160,160,160,1343,0,77,80.3443842137008,59.62366600000024,159.8797920000017,0.0
1776286884,200,,Aggregated,492.700000,0.000000,83,95,110,120,140,160,170,190,240,330,330,8109,0,82,95.69508445196706,57.72154099999938,343.2951660000008,7906.509433962264
1776286885,200,GET,GET /v1/timeline/home,253.200000,0.000000,89,110,120,130,150,160,180,200,240,260,260,4507,0,85,100.76654826092758,59.63745900000106,329.3448749999999,10740.053472376303
1776286885,200,GET,GET /v1/timeline/user/:id,98.500000,0.000000,90,110,120,130,150,160,190,230,330,330,330,1761,0,87,102.48157939466222,60.711332999998646,343.2951660000008,10913.842703009654
1776286885,200,POST,POST /v1/tweets,51.800000,0.000000,76,79,82,85,93,110,140,150,150,150,150,894,0,75,80.07809157046982,56.34020799999817,266.07029099999966,214.5480984340045
1776286885,200,POST,POST /v1/tweets/:id/like,94.000000,0.000000,77,81,84,88,99,110,140,150,160,160,160,1449,0,77,80.3124685093169,59.62366600000024,159.8797920000017,0.0
1776286885,200,,Aggregated,497.500000,0.000000,83,94,110,120,140,160,170,190,240,330,330,8611,0,82,95.52752003948466,56.34020799999817,343.2951660000008,7875.566600859366
1776286886,200,GET,GET /v1/timeline/home,251.200000,0.000000,87,100,120,130,150,160,180,190,240,260,260,4766,0,86,100.49724495656751,59.63745900000106,329.3448749999999,10739.986151909357
1776286886,200,GET,GET /v1/timeline/user/:id,98.900000,0.000000,89,100,120,130,150,160,180,220,270,270,270,1859,0,87,102.63419528025833,60.711332999998646,343.2951660000008,10912.01559978483
1776286886,200,POST,POST /v1/tweets,51.600000,0.000000,75,79,81,83,90,100,120,150,150,150,150,939,0,75,79.87069926624072,56.34020799999817,266.07029099999966,214.55484558040467
1776286886,200,POST,POST /v1/tweets/:id/like,96.900000,0.000000,77,81,83,86,94,110,120,150,160,160,160,1550,0,77,80.12320295612915,59.62366600000024,159.8797920000017,0.0
1776286886,200,,Aggregated,498.600000,0.000000,82,92,100,120,140,160,170,180,240,270,270,9114,0,82,95.34303156484567,56.34020799999817,343.2951660000008,7864.129690585912
1776286887,200,GET,GET /v1/timeline/home,250.200000,0.000000,87,100,120,130,150,160,170,190,250,260,260,5016,0,86,100.78878266208154,58.16950000000176,329.3448749999999,10739.973285486443
1776286887,200,GET,GET /v1/timeline/user/:id,99.500000,0.000000,89,100,120,130,150,160,180,220,270,270,270,1964,0,87,102.68741056771906,60.711332999998646,343.2951660000008,10911.868126272913
1776286887,200,POST,POST /v1/tweets,51.900000,0.000000,75,78,80,82,88,96,100,120,130,130,130,988,0,75,79.81555017206477,56.34020799999817,266.07029099999966,214.54858299595142
1776286887,200,POST,POST /v1/tweets/:id/like,101.000000,0.000000,76,80,83,85,91,97,110,120,150,150,150,1654,0,77,79.97959225332534,59.62366600000024,159.8797920000017,0.0
1776286887,200,,Aggregated,502.600000,0.000000,82,91,100,110,140,150,170,180,240,270,270,9622,0,82,95.44570955570603,56.34020799999817,343.2951660000008,7848.1177509873205
1776286888,200,GET,GET /v1/timeline/home,250.400000,0.000000,87,100,120,130,150,160,180,200,250,260,260,5276,0,86,100.86218096247183,58.16950000000176,329.3448749999999,10740.036770280516
1776286888,200,GET,GET /v1/timeline/user/:id,99.400000,0.000000,89,100,120,130,150,160,180,220,270,270,270,2065,0,87,102.71662856222777,60.711332999998646,343.2951660000008,10911.7995157385
1776286888,200,POST,POST /v1/tweets,50.300000,0.000000,74,78,80,82,88,92,100,110,130,130,130,1041,0,75,79.52044435062443,56.34020799999817,266.07029099999966,214.54178674351584
1776286888,200,POST,POST /v1/tweets/:id/like,103.300000,0.000000,76,80,83,84,91,97,110,120,150,150,150,1756,0,77,79.72324603929391,59.62366600000024,159.8797920000017,0.0
1776286888,200,,Aggregated,503.400000,0.000000,82,91,100,110,140,160,170,190,250,270,270,10138,0,82,95.38700999733709,56.34020799999817,343.2951660000008,7833.955217991715
1776286889,200,GET,GET /v1/timeline/home,249.900000,0.000000,87,100,120,130,150,160,180,200,250,260,260,5529,0,86,100.82930876795099,58.16950000000176,329.3448749999999,10739.972508591065
1776286889,200,GET,GET /v1/timeline/user/:id,100.200000,0.000000,89,100,120,130,150,160,180,220,270,270,270,2159,0,87,102.50099331542391,60.711332999998646,343.2951660000008,10911.617415470126
1776286889,200,POST,POST /v1/tweets,51.000000,0.000000,74,78,80,81,87,92,100,110,130,130,130,1087,0,75,79.26364131830735,56.34020799999817,266.07029099999966,214.5510579576817
1776286889,200,POST,POST /v1/tweets/:id/like,102.900000,0.000000,76,80,83,84,91,96,110,120,150,150,150,1863,0,77,79.55942022114873,57.870790999999144,159.8797920000017,0.0
1776286889,200,,Aggregated,503.900000,0.000000,82,91,100,110,140,160,170,190,250,270,270,10638,0,82,95.2400517701639,56.34020799999817,343.2951660000008,7818.453374694492
1776286890,200,GET,GET /v1/timeline/home,250.500000,0.000000,87,100,120,130,150,160,180,200,250,260,260,5785,0,86,100.78682986136589,58.16950000000176,329.3448749999999,10740.007433016423
1776286890,200,GET,GET /v1/timeline/user/:id,100.700000,0.000000,89,100,120,130,150,160,180,210,250,250,250,2260,0,87,102.72717159955762,60.711332999998646,343.2951660000008,10910.883185840708
1776286890,200,POST,POST /v1/tweets,50.200000,0.000000,74,78,81,82,89,100,110,130,160,160,160,1133,0,75,79.6601790864961,56.34020799999817,266.07029099999966,214.55516328331862
1776286890,200,POST,POST /v1/tweets/:id/like,105.000000,0.000000,77,81,83,86,94,110,120,130,170,170,170,1970,0,77,80.19480023096445,57.870790999999144,168.3005840000007,0.0
1776286890,200,,Aggregated,506.400000,0.000000,82,92,100,110,140,160,170,190,250,260,260,11148,0,82,95.39414764289596,56.34020799999817,343.2951660000008,7807.017402224615
1776286891,200,GET,GET /v1/timeline/home,249.600000,0.000000,88,110,120,130,150,160,180,210,250,260,260,6045,0,86,101.0964810592227,58.16950000000176,329.3448749999999,10740.02464846981
1776286891,200,GET,GET /v1/timeline/user/:id,102.000000,0.000000,90,110,120,130,150,160,180,220,250,250,250,2366,0,88,103.10000520160624,60.711332999998646,343.2951660000008,10908.065934065935
1776286891,200,POST,POST /v1/tweets,50.400000,0.000000,75,78,81,82,91,100,130,130,160,160,160,1174,0,75,79.80189184327101,56.34020799999817,266.07029099999966,214.55536626916523
1776286891,200,POST,POST /v1/tweets/:id/like,105.600000,0.000000,77,81,84,87,95,110,120,130,170,170,170,2072,0,77,80.34160852895752,57.870790999999144,168.3005840000007,0.0
1776286891,200,,Aggregated,507.600000,0.000000,83,93,110,120,140,160,180,200,250,260,260,11657,0,82,95.6693895690148,56.34020799999817,343.2951660000008,7805.080295101656
1776286892,200,GET,GET /v1/timeline/home,251.500000,0.000000,88,110,120,130,150,160,190,210,250,260,260,6302,0,86,101.02984134068555,58.16950000000176,329.3448749999999,10740.148524278007
1776286892,200,GET,GET /v1/timeline/user/:id,101.700000,0.000000,90,110,120,130,150,160,180,230,250,250,250,2476,0,88,103.07684296324729,60.711332999998646,343.2951660000008,10907.631663974153
1776286892,200,POST,POST /v1/tweets,50.500000,0.000000,75,78,81,82,89,100,130,130,160,160,160,1213,0,75,79.6680599291015,56.34020799999817,266.07029099999966,214.5507007419621
1776286892,200,POST,POST /v1/tweets/:id/like,105.500000,0.000000,76,81,83,86,94,100,120,130,170,170,170,2183,0,77,80.17929048190567,57.870790999999144,168.3005840000007,0.0
1776286892,200,,Aggregated,509.200000,0.000000,83,93,110,120,140,160,180,200,250,260,260,12174,0,82,95.57886242171891,56.34020799999817,343.2951660000008,7799.56973878758
1776286893,200,GET,GET /v1/timeline/home,251.800000,0.000000,87,110,120,130,150,160,190,210,250,260,260,6554,0,86,100.92475071711955,58.16950000000176,329.3448749999999,10740.180347879157
1776286893,200,GET,GET /v1/timeline/user/:id,99.600000,0.000000,90,110,120,130,150,170,180,220,250,250,250,2582,0,88,102.98423262316047,60.711332999998646,343.2951660000008,10905.918280402788
1776286893,200,POST,POST /v1/tweets,50.400000,0.000000,75,78,80,82,89,98,130,130,160,160,160,1264,0,75,79.43677342484179,56.34020799999817,266.07029099999966,214.5506329113924
1776286893,200,POST,POST /v1/tweets/:id/like,105.800000,0.000000,77,80,83,85,93,100,120,130,170,170,170,2279,0,77,80.04433550724002,57.870790999999144,168.3005840000007,0.0
1776286893,200,,Aggregated,507.600000,0.000000,83,92,110,120,140,160,180,200,250,260,260,12679,0,82,95.4487914711732,56.34020799999817,343.2951660000008,7794.1016641690985
1776286894,200,GET,GET /v1/timeline/home,250.500000,0.000000,88,110,120,130,150,160,190,210,250,260,260,6829,0,86,100.94610940240177,58.16950000000176,329.3448749999999,10740.15390247474
1776286894,200,GET,GET /v1/timeline/user/:id,101.800000,0.000000,90,110,120,130,160,170,180,220,250,250,250,2685,0,88,102.87918284022363,60.711332999998646,343.2951660000008,10904.852141527002
1776286894,200,POST,POST /v1/tweets,48.700000,0.000000,75,79,81,84,91,100,130,130,160,160,160,1323,0,75,79.43438365003777,56.34020799999817,266.07029099999966,214.55479969765685
1776286894,200,POST,POST /v1/tweets/:id/like,105.400000,0.000000,77,80,83,85,93,100,120,130,170,170,170,2357,0,77,80.02223691854054,57.870790999999144,168.3005840000007,0.0
1776286894,200,,Aggregated,506.400000,0.000000,83,94,110,120,140,160,180,200,250,260,260,13194,0,82,95.44457245876957,56.34020799999817,343.2951660000008,7799.597923298469
1776286895,200,GET,GET /v1/timeline/home,252.500000,0.000000,89,110,130,130,150,170,190,210,250,260,260,7096,0,87,101.36784624309492,58.16950000000176,329.3448749999999,10740.171223224352
1776286895,200,GET,GET /v1/timeline/user/:id,100.800000,0.000000,90,110,120,130,150,170,190,220,250,250,250,2780,0,88,102.96016878381302,60.711332999998646,343.2951660000008,10904.48417266187
1776286895,200,POST,POST /v1/tweets,47.600000,0.000000,75,80,82,84,92,100,130,130,160,160,160,1362,0,75,79.44279566593242,56.34020799999817,266.07029099999966,214.55359765051395
1776286895,200,POST,POST /v1/tweets/:id/like,104.700000,0.000000,77,81,83,86,94,110,130,130,170,170,170,2452,0,77,80.10817057463292,57.870790999999144,168.3005840000007,0.0
1776286895,200,,Aggregated,505.600000,0.000000,83,95,110,120,150,160,180,200,250,260,260,13690,0,83,95.70210577837895,56.34020799999817,343.2951660000008,7802.69853907962
1776286896,200,GET,GET /v1/timeline/home,255.300000,0.000000,88,110,130,130,150,170,190,210,250,250,250,7329,0,86,101.39277941929335,58.16950000000176,329.3448749999999,10740.261017874198
1776286896,200,GET,GET /v1/timeline/user/:id,101.500000,0.000000,90,110,120,130,160,170,190,230,250,250,250,2885,0,88,103.25457859965343,60.711332999998646,343.2951660000008,10904.362218370883
1776286896,200,POST,POST /v1/tweets,48.100000,0.000000,74,79,82,84,91,100,120,130,160,160,160,1415,0,75,79.22841106148411,56.34020799999817,266.07029099999966,214.55759717314487
1776286896,200,POST,POST /v1/tweets/:id/like,101.700000,0.000000,77,81,83,86,95,110,130,130,170,170,170,2557,0,77,80.04007569065304,57.870790999999144,168.3005840000007,0.0
1776286896,200,,Aggregated,506.600000,0.000000,83,94,110,120,150,160,180,200,250,250,250,14186,0,83,95.71181550944654,56.34020799999817,343.2951660000008,7787.822994501621
1776286897,200,GET,GET /v1/timeline/home,257.400000,0.000000,89,110,130,140,160,170,200,220,250,270,270,7567,0,87,101.64809479053797,58.16950000000176,329.3448749999999,10740.31729879741
1776286897,200,GET,GET /v1/timeline/user/:id,101.100000,0.000000,91,110,130,140,160,170,200,230,270,270,270,3001,0,88,103.52077521659463,60.711332999998646,343.2951660000008,10904.812062645784
1776286897,200,POST,POST /v1/tweets,46.300000,0.000000,75,79,81,84,92,100,120,130,160,160,160,1470,0,75,79.06780339387755,56.34020799999817,266.07029099999966,214.5482993197279
1776286897,200,POST,POST /v1/tweets/:id/like,99.300000,0.000000,77,81,84,86,95,110,130,130,170,170,170,2648,0,77,79.97011815445612,57.870790999999144,168.3005840000007,0.0
1776286897,200,,Aggregated,504.100000,0.000000,84,95,110,120,150,160,180,210,250,270,270,14686,0,83,95.86187686007142,56.34020799999817,343.2951660000008,7783.787825139589
1776286898,200,GET,GET /v1/timeline/home,254.400000,0.000000,89,110,130,140,160,180,210,230,260,270,270,7823,0,87,102.06537529745628,58.16950000000176,329.3448749999999,10740.283778601559
1776286898,200,GET,GET /v1/timeline/user/:id,102.300000,0.000000,93,110,130,140,160,180,230,240,270,270,270,3120,0,89,104.13765931089765,60.711332999998646,343.2951660000008,10905.270192307693
1776286898,200,POST,POST /v1/tweets,46.900000,0.000000,75,80,82,85,93,100,120,130,160,160,160,1523,0,75,79.05620515298754,56.34020799999817,266.07029099999966,214.55088640840447
1776286898,200,POST,POST /v1/tweets/:id/like,99.800000,0.000000,77,81,84,86,96,110,130,140,170,170,170,2738,0,77,79.94328156099336,57.870790999999144,168.3005840000007,0.0
1776286898,200,,Aggregated,503.400000,0.000000,84,96,110,120,150,170,200,230,250,270,270,15204,0,83,96.20193589608058,56.34020799999817,343.2951660000008,7785.611944225204
1776286899,200,GET,GET /v1/timeline/home,254.100000,0.000000,89,110,130,140,160,180,210,230,260,270,270,8055,0,87,101.94786660409683,58.16950000000176,329.3448749999999,10740.287150837989
1776286899,200,GET,GET /v1/timeline/user/:id,102.300000,0.000000,92,110,130,140,160,180,230,240,270,270,270,3231,0,89,104.2176040210463,60.711332999998646,343.2951660000008,10905.501702259362
1776286899,200,POST,POST /v1/tweets,48.200000,0.000000,75,79,81,84,91,96,110,120,130,130,130,1579,0,75,78.9717781494617,56.34020799999817,266.07029099999966,214.54591513616214
1776286899,200,POST,POST /v1/tweets/:id/like,99.300000,0.000000,77,80,83,84,91,100,110,120,150,150,150,2838,0,77,79.85188724101472,57.870790999999144,168.3005840000007,0.0
1776286899,200,,Aggregated,503.900000,0.000000,84,95,110,120,150,170,200,230,260,270,270,15703,0,83,96.11114040476421,56.34020799999817,343.2951660000008,7774.785518690696
1776286900,200,GET,GET /v1/timeline/home,252.600000,0.000000,88,110,120,130,160,170,210,230,260,270,270,8288,0,87,101.83532774324333,58.16950000000176,329.3448749999999,10740.252533783783
1776286900,200,GET,GET /v1/timeline/user/:id,104.900000,0.000000,90,110,130,140,160,180,230,230,270,270,270,3348,0,88,103.8107796463563,60.711332999998646,343.2951660000008,10904.42771804062
1776286900,200,POST,POST /v1/tweets,48.400000,0.000000,74,78,81,83,90,96,110,110,120,120,120,1636,0,75,78.8300384046455,56.34020799999817,266.07029099999966,214.5458435207824
1776286900,200,POST,POST /v1/tweets/:id/like,98.100000,0.000000,77,80,83,84,91,99,110,110,140,140,140,2937,0,77,79.79690152570646,57.870790999999144,168.3005840000007,0.0
1776286900,200,,Aggregated,504.100000,0.000000,83,93,110,120,150,170,200,220,260,270,270,16209,0,83,95.92813432062508,56.34020799999817,343.2951660000008,7765.700166574125
1776286901,200,GET,GET /v1/timeline/home,251.400000,0.000000,89,110,130,130,160,170,210,230,260,270,270,8537,0,87,101.82422696392189,58.16950000000176,329.3448749999999,10740.299519737613
1776286901,200,GET,GET /v1/timeline/user/:id,106.600000,0.000000,91,110,130,140,160,180,230,240,260,270,270,3465,0,89,104.000509431169,60.711332999998646,343.2951660000008,10903.31313131313
1776286901,200,POST,POST /v1/tweets,48.700000,0.000000,74,78,81,83,91,97,110,120,120,120,120,1684,0,75,78.81026766389556,56.34020799999817,266.07029099999966,214.54275534441805
1776286901,200,POST,POST /v1/tweets/:id/like,97.400000,0.000000,77,80,83,85,91,100,110,120,140,140,140,3040,0,77,79.85147795789469,57.870790999999144,168.3005840000007,0.0
1776286901,200,,Aggregated,504.100000,0.000000,83,94,110,120,150,170,200,230,260,270,270,16726,0,83,95.96437728733774,56.34020799999817,343.2951660000008,7762.238849695085
1776286902,200,GET,GET /v1/timeline/home,249.900000,0.000000,89,110,130,130,160,170,210,230,260,270,270,8785,0,87,101.73638430495178,58.16950000000176,329.3448749999999,10740.347068867388
1776286902,200,GET,GET /v1/timeline/user/:id,107.500000,0.000000,91,110,130,140,160,180,230,240,270,270,270,3563,0,89,104.03617887819266,60.711332999998646,343.2951660000008,10903.819253438114
1776286902,200,POST,POST /v1/tweets,49.900000,0.000000,75,79,81,83,92,99,110,120,130,130,130,1735,0,75,78.83541068587898,56.34020799999817,266.07029099999966,214.54236311239194
1776286902,200,POST,POST /v1/tweets/:id/like,96.500000,0.000000,77,81,83,85,92,100,120,130,140,140,140,3134,0,77,79.89161957051684,57.870790999999144,168.3005840000007,0.0
1776286902,200,,Aggregated,503.800000,0.000000,84,94,110,120,150,160,200,230,260,270,270,17217,0,83,95.92814164697735,56.34020799999817,343.2951660000008,7758.406691061161
1776286903,200,GET,GET /v1/timeline/home,249.000000,0.000000,89,110,120,130,160,170,210,230,260,270,270,9036,0,87,101.57124899513076,58.16950000000176,329.3448749999999,10740.354913678619
1776286903,200,GET,GET /v1/timeline/user/:id,109.300000,0.000000,91,110,130,140,160,180,230,240,260,270,270,3674,0,89,103.83309569651625,60.711332999998646,343.2951660000008,10904.324442025041
1776286903,200,POST,POST /v1/tweets,50.200000,0.000000,75,78,81,83,90,97,110,120,130,130,130,1776,0,75,78.77689946734236,56.34020799999817,266.07029099999966,214.5394144144144
1776286903,200,POST,POST /v1/tweets/:id/like,96.700000,0.000000,77,81,84,86,93,100,120,130,140,140,140,3242,0,77,79.89473981554589,57.870790999999144,168.3005840000007,0.0
1776286903,200,,Aggregated,505.200000,0.000000,83,94,110,120,150,160,200,230,260,270,270,17728,0,83,95.7923691022682,56.34020799999817,343.2951660000008,7755.717339801444
1776286904,200,GET,GET /v1/timeline/home,248.600000,0.000000,87,100,120,130,150,170,200,230,260,270,270,9288,0,87,101.39363617108111,58.16950000000176,329.3448749999999,10740.343023255815
1776286904,200,GET,GET /v1/timeline/user/:id,109.200000,0.000000,91,110,130,140,160,170,230,240,260,270,270,3788,0,89,103.62935506019029,60.711332999998646,343.2951660000008,10904.390179514256
1776286904,200,POST,POST /v1/tweets,51.700000,0.000000,74,78,81,82,89,96,110,120,130,130,130,1825,0,75,78.6567105665754,56.34020799999817,266.07029099999966,214.54575342465753
1776286904,200,POST,POST /v1/tweets/:id/like,94.000000,0.000000,77,80,83,85,92,100,110,120,140,140,140,3335,0,77,79.81393916371815,57.870790999999144,168.3005840000007,0.0
1776286904,200,,Aggregated,503.500000,0.000000,82,92,110,120,140,160,190,220,260,270,270,18236,0,83,95.6361084459317,56.34020799999817,343.2951660000008,7756.8371353366965
1776286905,200,GET,GET /v1/timeline/home,247.200000,0.000000,87,110,120,130,150,170,200,230,260,270,270,9546,0,87,101.45343264623939,58.16950000000176,329.3448749999999,10740.342551854179
1776286905,200,GET,GET /v1/timeline/user/:id,109.600000,0.000000,91,110,130,140,150,170,210,230,260,270,270,3890,0,89,103.61214791259661,60.711332999998646,343.2951660000008,10904.249871465296
1776286905,200,POST,POST /v1/tweets,50.800000,0.000000,75,78,81,83,90,96,110,120,130,130,130,1877,0,75,78.61548081832717,56.34020799999817,266.07029099999966,214.5418220564731
1776286905,200,POST,POST /v1/tweets/:id/like,95.800000,0.000000,77,80,83,85,92,99,110,120,140,140,140,3421,0,77,79.77534074831924,57.870790999999144,168.3005840000007,0.0
1776286905,200,,Aggregated,503.400000,0.000000,83,93,110,120,140,160,190,220,260,270,270,18734,0,83,95.65487464593853,56.34020799999817,343.2951660000008,7758.489217465571
1776286906,200,GET,GET /v1/timeline/home,245.900000,0.000000,87,110,120,130,150,160,190,220,250,270,270,9800,0,87,101.54680693020421,58.16950000000176,329.3448749999999,10740.319591836735
1776286906,200,GET,GET /v1/timeline/user/:id,110.200000,0.000000,90,110,130,130,160,170,210,230,270,270,270,3991,0,89,103.76882553570553,60.711332999998646,343.2951660000008,10902.704334753194
1776286906,200,POST,POST /v1/tweets,50.500000,0.000000,75,79,81,83,90,99,110,120,140,140,140,1943,0,75,78.6085812918168,56.34020799999817,266.07029099999966,214.54091610910962
1776286906,200,POST,POST /v1/tweets/:id/like,97.000000,0.000000,77,81,84,86,94,100,120,120,140,140,140,3513,0,77,79.83649245317396,57.870790999999144,168.3005840000007,0.0
1776286906,200,,Aggregated,503.600000,0.000000,83,93,110,120,140,160,180,210,260,270,270,19247,0,83,95.7293168840345,56.34020799999817,343.2951660000008,7751.061360211981
1776286907,200,GET,GET /v1/timeline/home,244.600000,0.000000,87,100,120,130,150,160,170,200,250,260,260,10067,0,87,101.50515783480688,58.16950000000176,329.3448749999999,10740.349557961657
1776286907,200,GET,GET /v1/timeline/user/:id,110.500000,0.000000,90,110,120,130,150,160,190,230,270,270,270,4092,0,89,103.73592238074309,60.711332999998646,343.2951660000008,10902.924486803518
1776286907,200,POST,POST /v1/tweets,51.000000,0.000000,75,78,81,83,91,100,120,120,140,140,140,1996,0,75,78.64231226653307,56.34020799999817,266.07029099999966,214.54158316633266
1776286907,200,POST,POST /v1/tweets/:id/like,97.100000,0.000000,77,81,84,86,95,100,120,120,140,140,140,3609,0,77,79.91391598060409,57.870790999999144,168.3005840000007,0.0
1776286907,200,,Aggregated,503.200000,0.000000,82,93,110,120,140,160,170,190,250,270,270,19764,0,83,95.71540155651739,56.34020799999817,343.2951660000008,7749.751619105445
1776286908,200,GET,GET /v1/timeline/home,247.900000,0.000000,86,100,120,130,150,160,170,180,250,250,250,10311,0,87,101.34482421006699,58.16950000000176,329.3448749999999,10740.356900397634
1776286908,200,GET,GET /v1/timeline/user/:id,110.100000,0.000000,88,100,120,130,150,160,180,210,270,270,270,4186,0,89,103.38219557381768,60.711332999998646,343.2951660000008,10902.835881509794
1776286908,200,POST,POST /v1/tweets,52.800000,0.000000,75,78,81,83,90,100,120,120,140,140,140,2063,0,75,78.6022220460495,56.34020799999817,266.07029099999966,214.54580707707223
1776286908,200,POST,POST /v1/tweets/:id/like,94.900000,0.000000,77,80,83,86,95,100,120,120,140,140,140,3707,0,77,79.82852829754526,57.870790999999144,168.3005840000007,0.0
1776286908,200,,Aggregated,505.700000,0.000000,82,92,100,110,140,150,170,180,250,270,270,20267,0,82,95.51512762530281,56.34020799999817,343.2951660000008,7737.982878571076
1776286909,200,GET,GET /v1/timeline/home,249.100000,0.000000,87,100,120,130,150,160,180,200,250,270,270,10559,0,87,101.48145160734926,58.16950000000176,329.3448749999999,10740.369731982195
1776286909,200,GET,GET /v1/timeline/user/:id,109.400000,0.000000,90,110,120,130,150,160,190,220,270,270,270,4292,0,89,103.45397736276816,60.711332999998646,343.2951660000008,10903.200139794968
1776286909,200,POST,POST /v1/tweets,51.700000,0.000000,75,79,82,83,91,100,120,120,140,140,140,2119,0,75,78.62779101462961,56.34020799999817,266.07029099999966,214.54884379424257
1776286909,200,POST,POST /v1/tweets/:id/like,96.300000,0.000000,77,81,84,86,95,110,120,130,140,140,140,3806,0,77,79.86221988885976,57.870790999999144,168.3005840000007,0.0
1776286909,200,,Aggregated,506.500000,0.000000,82,93,110,120,140,150,170,190,250,270,270,20776,0,83,95.59756528783267,56.34020799999817,343.2951660000008,7732.899884482094
1776286910,200,GET,GET /v1/timeline/home,248.700000,0.000000,87,100,120,130,150,160,180,210,250,270,270,10808,0,87,101.5547751229645,58.16950000000176,329.3448749999999,10740.392116950406
1776286910,200,GET,GET /v1/timeline/user/:id,106.000000,0.000000,89,100,120,130,150,160,180,200,270,270,270,4393,0,89,103.3439573865243,60.711332999998646,343.2951660000008,10904.163897109038
1776286910,200,POST,POST /v1/tweets,53.600000,0.000000,76,79,82,83,90,100,120,120,140,140,140,2178,0,75,78.62530144123058,56.34020799999817,266.07029099999966,214.54912764003674
1776286910,200,POST,POST /v1/tweets/:id/like,96.700000,0.000000,77,81,84,86,94,110,120,120,140,140,140,3895,0,77,79.82688285879337,57.870790999999144,168.3005840000007,0.0
1776286910,200,,Aggregated,504.900000,0.000000,82,92,110,120,140,150,170,190,250,270,270,21274,0,83,95.598647626305,56.34020799999817,343.2951660000008,7730.160665601204
1776286911,200,GET,GET /v1/timeline/home,249.500000,0.000000,87,110,120,130,150,160,190,210,250,270,270,11058,0,87,101.68335092910098,58.16950000000176,329.3448749999999,10740.402694881534
1776286911,200,GET,GET /v1/timeline/user/:id,106.200000,0.000000,89,100,120,130,150,160,190,210,270,270,270,4498,0,89,103.43258389995582,60.711332999998646,343.2951660000008,10904.055580257893
1776286911,200,POST,POST /v1/tweets,53.900000,0.000000,76,79,82,84,90,100,120,120,140,140,140,2233,0,75,78.65548234706681,56.34020799999817,266.07029099999966,214.54903716972683
1776286911,200,POST,POST /v1/tweets/:id/like,96.500000,0.000000,77,81,84,87,95,100,110,120,130,130,130,4001,0,77,79.90432885253692,57.870790999999144,168.3005840000007,0.0
1776286911,200,,Aggregated,506.100000,0.000000,83,92,110,120,140,160,180,200,250,270,270,21790,0,83,95.68559746562693,56.34020799999817,343.2951660000008,7723.400780174392
1776286912,200,GET,GET /v1/timeline/home,250.900000,0.000000,88,110,120,130,150,170,190,220,250,270,270,11299,0,87,101.72435358120153,56.22562500000328,329.3448749999999,10740.452960438977
1776286912,200,GET,GET /v1/timeline/user/:id,104.900000,0.000000,90,110,120,130,150,170,200,230,270,270,270,4595,0,89,103.62401534494047,60.711332999998646,343.2951660000008,10904.44069640914
1776286912,200,POST,POST /v1/tweets,53.700000,0.000000,76,79,82,84,90,99,120,120,140,140,140,2286,0,75,78.58289362773415,56.34020799999817,266.07029099999966,214.54855643044618
1776286912,200,POST,POST /v1/tweets/:id/like,95.700000,0.000000,77,81,84,87,95,110,110,120,130,130,130,4108,0,77,79.90701142843237,57.870790999999144,168.3005840000007,0.0
1776286912,200,,Aggregated,505.200000,0.000000,83,93,110,120,140,160,180,210,250,270,270,22288,0,83,95.72120959283096,56.22562500000328,343.2951660000008,7715.036835965542
1776286913,200,GET,GET /v1/timeline/home,251.500000,0.000000,90,110,130,130,150,170,190,220,250,270,270,11563,0,87,101.92936915022018,56.22562500000328,329.3448749999999,10740.455764075066
1776286913,200,GET,GET /v1/timeline/user/:id,103.000000,0.000000,91,110,120,130,150,170,200,230,270,270,270,4683,0,89,103.76258993828777,60.711332999998646,343.2951660000008,10905.041212897715
1776286913,200,POST,POST /v1/tweets,55.600000,0.000000,76,80,83,85,92,110,120,130,140,140,140,2334,0,75,78.78078461653823,56.34020799999817,266.07029099999966,214.54798628963152
1776286913,200,POST,POST /v1/tweets/:id/like,95.200000,0.000000,78,82,86,89,98,110,120,130,200,200,200,4209,0,77,80.14787062247565,57.870790999999144,202.90987499999602,0.0
1776286913,200,,Aggregated,505.300000,0.000000,84,95,110,120,140,160,180,210,250,270,270,22789,0,83,95.91233678134255,56.22562500000328,343.2951660000008,7712.534687787968
1776286914,200,GET,GET /v1/timeline/home,252.100000,0.000000,90,110,120,130,150,170,190,220,250,270,270,11797,0,87,101.81078128727609,56.22562500000328,329.3448749999999,10740.474357887599
1776286914,200,GET,GET /v1/timeline/user/:id,102.100000,0.000000,91,110,120,130,150,170,210,230,270,270,270,4795,0,89,103.62851442878036,60.711332999998646,343.2951660000008,10904.943065693431
1776286914,200,POST,POST /v1/tweets,55.300000,0.000000,76,80,83,85,93,110,120,130,140,140,140,2387,0,75,78.78304172140773,56.34020799999817,266.07029099999966,214.54754922496858
1776286914,200,POST,POST /v1/tweets/:id/like,97.300000,0.000000,78,83,86,89,98,110,120,130,200,200,200,4316,0,77,80.19409488716406,57.870790999999144,202.90987499999602,0.0
1776286914,200,,Aggregated,506.800000,0.000000,84,95,110,120,140,160,180,210,250,270,270,23295,0,83,95.82027678274365,56.22562500000328,343.2951660000008,7705.803949345353
1776286915,200,GET,GET /v1/timeline/home,251.500000,0.000000,90,110,120,130,150,170,210,230,270,280,280,12046,0,87,102.07946879046962,56.22562500000328,329.3448749999999,10740.472355968786
1776286915,200,GET,GET /v1/timeline/user/:id,100.200000,0.000000,91,110,120,130,150,170,220,240,300,300,300,4891,0,89,103.8916995193216,60.711332999998646,343.2951660000008,10904.734819055408
1776286915,200,POST,POST /v1/tweets,55.800000,0.000000,77,81,83,86,93,110,120,130,140,140,140,2437,0,75,78.80394101600336,56.34020799999817,266.07029099999966,214.54575297496922
1776286915,200,POST,POST /v1/tweets/:id/like,95.900000,0.000000,78,83,86,89,98,110,120,130,200,200,200,4432,0,77,80.24293857671476,57.870790999999144,202.90987499999602,0.0
1776286915,200,,Aggregated,503.400000,0.000000,84,95,110,120,140,160,190,220,270,300,300,23806,0,83,96.00375919629555,56.22562500000328,343.2951660000008,7697.11988574309
1776286916,200,GET,GET /v1/timeline/home,250.900000,0.000000,90,110,130,130,150,170,210,230,270,280,280,12304,0,87,102.04759753616676,56.22562500000328,329.3448749999999,10740.446115084525
1776286916,200,GET,GET /v1/timeline/user/:id,100.100000,0.000000,91,110,120,130,150,170,220,230,300,300,300,4990,0,89,103.7939804811627,60.711332999998646,343.2951660000008,10904.284368737475
1776286916,200,POST,POST /v1/tweets,56.000000,0.000000,77,81,83,85,92,100,120,120,140,140,140,2493,0,75,78.79481169153641,55.75616699999841,266.07029099999966,214.54552747693543
1776286916,200,POST,POST /v1/tweets/:id/like,97.800000,0.000000,78,83,86,88,98,110,120,130,200,200,200,4519,0,77,80.25002163531748,57.870790999999144,202.90987499999602,0.0
1776286916,200,,Aggregated,504.800000,0.000000,84,95,110,120,140,160,190,220,270,300,300,24306,0,83,95.96852283399218,55.75616699999841,343.2951660000008,7697.592775446392
1776286917,200,GET,GET /v1/timeline/home,248.100000,0.000000,91,110,130,130,150,170,210,230,270,280,280,12557,0,87,102.0510929669504,56.22562500000328,329.3448749999999,10740.434737596559
1776286917,200,GET,GET /v1/timeline/user/:id,100.400000,0.000000,91,110,130,130,150,170,220,230,300,300,300,5086,0,89,103.71561963822286,60.711332999998646,343.2951660000008,10905.021234762093
1776286917,200,POST,POST /v1/tweets,55.900000,0.000000,78,81,84,86,93,100,120,130,140,140,140,2548,0,76,78.85238882064368,55.75616699999841,266.07029099999966,214.54748822605964
1776286917,200,POST,POST /v1/tweets/:id/like,100.200000,0.000000,79,83,87,89,98,110,120,130,200,200,200,4632,0,77,80.27201639356645,57.870790999999144,202.90987499999602,0.0
1776286917,200,,Aggregated,504.600000,0.000000,85,95,110,120,140,160,190,220,270,300,300,24823,0,83,95.94686711984912,55.75616699999841,343.2951660000008,7689.531644039802
1776286918,200,GET,GET /v1/timeline/home,248.200000,0.000000,91,110,130,130,150,170,210,220,270,280,280,12793,0,87,101.96459076033749,56.22562500000328,329.3448749999999,10740.441647776128
1776286918,200,GET,GET /v1/timeline/user/:id,99.100000,0.000000,91,110,130,130,150,170,210,240,300,300,300,5198,0,89,103.67784216237048,58.542500000001496,343.2951660000008,10904.595806079262
1776286918,200,POST,POST /v1/tweets,54.600000,0.000000,78,81,84,86,95,110,120,130,140,140,140,2606,0,76,78.82992730122801,55.75616699999841,266.07029099999966,214.54950115118956
1776286918,200,POST,POST /v1/tweets/:id/like,101.100000,0.000000,79,83,87,89,98,110,120,130,200,200,200,4739,0,77,80.23171989744665,57.870790999999144,202.90987499999602,0.0
1776286918,200,,Aggregated,503.000000,0.000000,85,96,110,120,140,160,190,220,270,300,300,25336,0,83,95.87146133162334,55.75616699999841,343.2951660000008,7682.494276918219
1776286919,200,GET,GET /v1/timeline/home,247.900000,0.000000,91,110,120,130,150,170,200,220,270,280,280,13033,0,87,101.85742331358836,56.22562500000328,329.3448749999999,10740.396148239086
1776286919,200,GET,GET /v1/timeline/user/:id,99.400000,0.000000,91,110,120,130,150,170,210,240,300,300,300,5307,0,89,103.49220119125708,58.542500000001496,343.2951660000008,10903.79178443565
1776286919,200,POST,POST /v1/tweets,55.100000,0.000000,78,81,84,86,94,100,120,130,140,140,140,2654,0,76,78.7970248229089,55.75616699999841,266.07029099999966,214.55086661642804
1776286919,200,POST,POST /v1/tweets/:id/like,101.400000,0.000000,79,84,87,89,98,110,120,130,200,200,200,4849,0,77,80.19701499793769,57.870790999999144,202.90987499999602,0.0
1776286919,200,,Aggregated,503.800000,0.000000,85,95,110,120,140,160,190,210,270,300,300,25843,0,83,95.76069107197348,55.75616699999841,343.2951660000008,7677.724103238788
1776286920,200,GET,GET /v1/timeline/home,248.800000,0.000000,90,110,120,130,150,170,190,220,270,280,280,13256,0,87,101.85149429865693,56.22562500000328,329.3448749999999,10740.36277911889
1776286920,200,GET,GET /v1/timeline/user/:id,101.100000,0.000000,90,110,120,130,150,170,210,230,300,300,300,5404,0,89,103.44195475962282,58.542500000001496,343.2951660000008,10903.186158401184
1776286920,200,POST,POST /v1/tweets,53.800000,0.000000,77,81,84,86,94,100,120,140,220,220,220,2698,0,76,78.89850797183107,55.75616699999841,266.07029099999966,214.55040770941437
1776286920,200,POST,POST /v1/tweets/:id/like,103.000000,0.000000,79,83,87,88,98,110,130,160,260,260,260,4955,0,77,80.42601532593338,57.870790999999144,257.76604099999645,0.0
1776286920,200,,Aggregated,506.700000,0.000000,84,94,110,120,140,160,180,210,270,300,300,26313,0,83,95.79002061308132,55.75616699999841,343.2951660000008,7672.022346368715
1776286921,200,GET,GET /v1/timeline/home,247.600000,0.000000,92,110,130,130,160,180,230,270,830,930,930,13479,0,88,103.08085036056056,56.22562500000328,928.1155420000005,10740.341494176126
1776286921,200,GET,GET /v1/timeline/user/:id,100.900000,0.000000,90,110,120,130,150,170,230,260,890,890,890,5491,0,89,104.21320326079062,58.542500000001496,893.8289159999968,10902.495173920961
1776286921,200,POST,POST /v1/tweets,53.600000,0.000000,78,82,85,87,100,120,140,170,270,270,270,2726,0,76,79.2022843026413,55.75616699999841,271.6016250000024,214.54952311078503
1776286921,200,POST,POST /v1/tweets/:id/like,103.400000,0.000000,80,85,89,92,110,160,260,310,370,370,370,5071,0,78,82.01345920863733,57.870790999999144,374.950124999998,0.0
1776286921,200,,Aggregated,505.500000,0.000000,86,99,110,120,150,170,230,270,790,930,930,26767,0,83,96.89009451081587,55.75616699999841,928.1155420000005,7666.885568050211
1776286922,200,GET,GET /v1/timeline/home,244.800000,0.000000,94,110,130,140,160,190,230,270,830,930,930,13724,0,88,103.29451555428417,56.22562500000328,928.1155420000005,10740.285703876421
1776286922,200,GET,GET /v1/timeline/user/:id,102.000000,0.000000,93,110,130,130,150,180,240,270,890,890,890,5590,0,90,104.62911079695901,58.542500000001496,893.8289159999968,10902.489266547405
1776286922,200,POST,POST /v1/tweets,52.600000,0.000000,78,83,86,89,100,120,140,170,270,270,270,2781,0,76,79.41992687234816,55.75616699999841,271.6016250000024,214.54836389787846
1776286922,200,POST,POST /v1/tweets/:id/like,105.700000,0.000000,81,87,91,96,120,170,260,310,370,370,370,5180,0,78,82.44759866988423,57.870790999999144,374.950124999998,0.0
1776286922,200,,Aggregated,505.100000,0.000000,87,100,120,130,150,180,230,270,790,930,930,27275,0,83,97.17455686760792,55.75616699999841,928.1155420000005,7660.540971585701
1776286923,200,GET,GET /v1/timeline/home,241.300000,0.000000,94,110,130,130,160,190,230,270,830,930,930,13967,0,88,103.2382249748691,56.22562500000328,928.1155420000005,10740.258967566406
1776286923,200,GET,GET /v1/timeline/user/:id,99.400000,0.000000,94,110,130,140,150,180,230,270,890,890,890,5687,0,90,104.70950054615808,58.542500000001496,893.8289159999968,10902.699665904694
1776286923,200,POST,POST /v1/tweets,49.000000,0.000000,78,82,86,89,100,120,140,170,270,270,270,2827,0,76,79.43233311248684,55.75616699999841,271.6016250000024,214.54899186416696
1776286923,200,POST,POST /v1/tweets/:id/like,105.900000,0.000000,81,87,91,96,120,170,260,310,370,370,370,5292,0,78,82.4926665141723,57.870790999999144,374.950124999998,0.0
1776286923,200,,Aggregated,495.600000,0.000000,87,100,110,130,150,170,230,270,790,930,930,27773,0,84,97.16334622590303,55.75616699999841,928.1155420000005,7655.614445684658
1776286924,200,GET,GET /v1/timeline/home,239.200000,0.000000,93,110,130,130,150,180,230,270,830,930,930,14208,0,88,103.09678780264605,56.22562500000328,928.1155420000005,10740.268510698199
1776286924,200,GET,GET /v1/timeline/user/:id,99.500000,0.000000,92,110,120,130,150,170,230,270,890,890,890,5795,0,90,104.50105641742901,58.542500000001496,893.8289159999968,10902.164797238998
1776286924,200,POST,POST /v1/tweets,48.800000,0.000000,78,82,86,88,100,120,140,170,270,270,270,2890,0,76,79.3427901262977,55.75616699999841,271.6016250000024,214.5484429065744
1776286924,200,POST,POST /v1/tweets/:id/like,107.600000,0.000000,81,86,91,95,120,170,260,310,370,370,370,5403,0,78,82.42276545881914,57.870790999999144,374.950124999998,0.0
1776286924,200,,Aggregated,495.100000,0.000000,87,100,110,120,150,170,230,270,790,930,930,28296,0,83,97.010660456531,55.75616699999841,928.1155420000005,7647.576512581283
1776286925,200,GET,GET /v1/timeline/home,241.000000,0.000000,94,110,120,130,150,170,220,250,830,930,930,14461,0,88,103.0509151721178,56.22562500000328,928.1155420000005,10740.207592835903
1776286925,200,GET,GET /v1/timeline/user/:id,100.200000,0.000000,92,110,120,130,150,170,220,260,890,890,890,5894,0,90,104.42658591788276,58.542500000001496,893.8289159999968,10901.58296572786
1776286925,200,POST,POST /v1/tweets,49.700000,0.000000,77,82,85,87,100,120,140,170,270,270,270,2939,0,76,79.25372509356934,55.75616699999841,271.6016250000024,214.54916638312352
1776286925,200,POST,POST /v1/tweets/:id/like,108.400000,0.000000,80,86,90,94,120,170,260,310,370,370,370,5505,0,78,82.3696785458673,57.870790999999144,374.950124999998,0.0
1776286925,200,,Aggregated,499.300000,0.000000,87,100,110,120,150,170,220,270,790,930,930,28799,0,83,96.95063579113854,55.75616699999841,928.1155420000005,7646.051321226431
1776286926,200,GET,GET /v1/timeline/home,238.500000,0.000000,94,110,130,130,150,180,230,260,830,930,930,14720,0,88,103.19351765224158,56.22562500000328,928.1155420000005,10740.200339673913
1776286926,200,GET,GET /v1/timeline/user/:id,100.200000,0.000000,93,110,130,130,150,170,220,260,890,890,890,5977,0,90,104.5067052553122,58.542500000001496,893.8289159999968,10901.12012715409
1776286926,200,POST,POST /v1/tweets,50.200000,0.000000,77,82,84,87,100,120,140,170,270,270,270,2986,0,76,79.26990459845958,55.75616699999841,271.6016250000024,214.54688546550568
1776286926,200,POST,POST /v1/tweets/:id/like,108.100000,0.000000,81,87,92,97,120,170,260,310,370,370,370,5601,0,78,82.44176901124793,57.870790999999144,374.950124999998,0.0
1776286926,200,,Aggregated,497.000000,0.000000,87,100,110,120,150,170,230,270,790,930,930,29284,0,84,97.05304741548282,55.75616699999841,928.1155420000005,7645.553237262669
1776286927,200,GET,GET /v1/timeline/home,240.500000,0.000000,96,120,130,140,160,200,240,280,830,930,930,14965,0,88,103.62632072161692,56.22562500000328,928.1155420000005,10740.225526227865
1776286927,200,GET,GET /v1/timeline/user/:id,100.000000,0.000000,95,120,130,140,160,200,240,260,890,890,890,6090,0,90,104.95522740344843,58.542500000001496,893.8289159999968,10900.752545155994
1776286927,200,POST,POST /v1/tweets,50.400000,0.000000,77,82,85,87,100,120,150,170,270,270,270,3034,0,76,79.34664794924201,55.75616699999841,271.6016250000024,214.5487804878049
1776286927,200,POST,POST /v1/tweets/:id/like,107.200000,0.000000,81,87,93,99,130,170,260,310,370,370,370,5687,0,78,82.52548679374007,57.870790999999144,374.950124999998,0.0
1776286927,200,,Aggregated,498.100000,0.000000,88,100,120,130,150,190,240,280,790,930,930,29776,0,84,97.39405554003221,55.75616699999841,928.1155420000005,7649.247682697474
1776286928,200,GET,GET /v1/timeline/home,240.100000,0.000000,96,120,130,140,160,200,240,280,830,930,930,15206,0,88,103.61813882487147,56.22562500000328,928.1155420000005,10740.206957779823
1776286928,200,GET,GET /v1/timeline/user/:id,98.600000,0.000000,96,120,130,140,160,200,240,260,890,890,890,6209,0,90,104.95774217667922,58.542500000001496,893.8289159999968,10900.501530037043
1776286928,200,POST,POST /v1/tweets,49.400000,0.000000,77,83,85,89,100,120,150,170,270,270,270,3088,0,76,79.36701933840685,55.75616699999841,271.6016250000024,214.5472797927461
1776286928,200,POST,POST /v1/tweets/:id/like,107.500000,0.000000,81,88,94,99,130,170,260,310,370,370,370,5789,0,78,82.49196782190356,57.870790999999144,374.950124999998,0.0
1776286928,200,,Aggregated,495.600000,0.000000,88,100,120,130,150,190,240,280,790,930,930,30292,0,84,97.38318359910211,55.75616699999841,928.1155420000005,7647.541364056517
1776286929,200,GET,GET /v1/timeline/home,239.600000,0.000000,98,120,130,140,170,210,240,280,830,930,930,15455,0,89,103.70120952584885,56.22562500000328,928.1155420000005,10740.206599805888
1776286929,200,GET,GET /v1/timeline/user/:id,99.300000,0.000000,96,120,130,140,160,200,240,260,890,890,890,6315,0,90,104.86554653840071,58.542500000001496,893.8289159999968,10900.183689627871
1776286929,200,POST,POST /v1/tweets,49.200000,0.000000,77,83,86,90,110,120,150,170,270,270,270,3134,0,76,79.36259810593499,55.75616699999841,271.6016250000024,214.54658583280153
1776286929,200,POST,POST /v1/tweets/:id/like,105.400000,0.000000,82,88,94,100,130,170,260,310,370,370,370,5880,0,78,82.44634557959175,57.870790999999144,374.950124999998,0.0
1776286929,200,,Aggregated,493.500000,0.000000,89,110,120,130,160,200,240,280,790,930,930,30784,0,84,97.40238481301989,55.75616699999841,928.1155420000005,7649.978625259875
1776286930,200,GET,GET /v1/timeline/home,237.900000,0.000000,94,110,130,140,160,190,230,250,750,930,930,15712,0,89,103.78566861087016,56.22562500000328,928.1155420000005,10740.191509674134
1776286930,200,GET,GET /v1/timeline/user/:id,99.900000,0.000000,94,120,130,140,160,190,220,240,580,580,580,6429,0,90,105.03377816861097,58.542500000001496,893.8289159999968,10899.809768237674
1776286930,200,POST,POST /v1/tweets,48.600000,0.000000,76,82,84,87,100,110,120,130,170,170,170,3185,0,76,79.33861500753542,55.75616699999841,271.6016250000024,214.54536891679749
1776286930,200,POST,POST /v1/tweets/:id/like,104.300000,0.000000,81,86,90,94,110,130,190,240,350,350,350,5957,0,78,82.4258620258519,57.870790999999144,374.950124999998,0.0
1776286930,200,,Aggregated,490.700000,0.000000,87,100,120,130,150,170,220,240,580,930,930,31283,0,84,97.48575692698932,55.75616699999841,928.1155420000005,7656.174056196656
1776286931,200,GET,GET /v1/timeline/home,240.600000,0.000000,91,110,130,140,160,180,230,240,280,300,300,15959,0,89,103.7149850478095,56.22562500000328,928.1155420000005,10740.184096747917
1776286931,200,GET,GET /v1/timeline/user/:id,100.400000,0.000000,92,110,130,140,160,190,220,240,260,260,260,6537,0,90,105.00244925240936,58.542500000001496,893.8289159999968,10899.342052929478
1776286931,200,POST,POST /v1/tweets,47.700000,0.000000,76,80,84,85,95,110,120,130,160,160,160,3238,0,76,79.30594703675119,55.75616699999841,271.6016250000024,214.54570722668313
1776286931,200,POST,POST /v1/tweets/:id/like,103.000000,0.000000,79,84,87,89,98,110,120,140,150,150,150,6043,0,78,82.35853993612434,57.870790999999144,374.950124999998,0.0
1776286931,200,,Aggregated,491.700000,0.000000,85,98,110,120,150,170,210,230,280,300,300,31777,0,84,97.43127955691247,55.75616699999841,928.1155420000005,7657.938005475658
1776286932,200,GET,GET /v1/timeline/home,241.900000,0.000000,91,110,130,140,160,200,230,250,280,300,300,16223,0,89,103.78276180632389,56.22562500000328,928.1155420000005,10740.21007211983
1776286932,200,GET,GET /v1/timeline/user/:id,100.600000,0.000000,90,110,130,140,160,190,220,250,260,260,260,6643,0,90,105.09084481348785,58.542500000001496,893.8289159999968,10899.20728586482
1776286932,200,POST,POST /v1/tweets,47.800000,0.000000,76,80,83,84,93,100,120,130,160,160,160,3287,0,76,79.28850332400378,55.75616699999841,271.6016250000024,214.54456951627623
1776286932,200,POST,POST /v1/tweets/:id/like,99.800000,0.000000,78,83,86,88,96,110,120,130,150,150,150,6128,0,78,82.3188220944842,57.870790999999144,374.950124999998,0.0
1776286932,200,,Aggregated,490.100000,0.000000,84,96,110,120,150,170,220,240,280,300,300,32281,0,84,97.48326505068007,55.75616699999841,928.1155420000005,7662.311266689384
1776286933,200,GET,GET /v1/timeline/home,245.100000,0.000000,91,110,130,140,160,200,230,250,280,300,300,16470,0,89,103.74449378621689,56.22562500000328,928.1155420000005,10740.226290224651
1776286933,200,GET,GET /v1/timeline/user/:id,103.700000,0.000000,91,110,130,140,160,200,220,250,260,260,260,6728,0,90,105.04388271209869,58.542500000001496,893.8289159999968,10898.656064209275
1776286933,200,POST,POST /v1/tweets,51.000000,0.000000,76,80,83,85,94,100,120,130,160,160,160,3344,0,76,79.23954069736861,55.75616699999841,271.6016250000024,214.54276315789474
1776286933,200,POST,POST /v1/tweets/:id/like,97.900000,0.000000,78,82,86,88,95,110,120,130,150,150,150,6245,0,78,82.23094433530805,57.870790999999144,374.950124999998,0.0
1776286933,200,,Aggregated,497.700000,0.000000,84,97,110,120,150,180,220,240,280,300,300,32787,0,84,97.4141070244916,55.75616699999841,928.1155420000005,7653.494250770123
1776286934,200,GET,GET /v1/timeline/home,248.600000,0.000000,91,110,130,140,160,200,230,250,280,300,300,16723,0,89,103.72316203217088,56.22562500000328,928.1155420000005,10740.206840877832
1776286934,200,GET,GET /v1/timeline/user/:id,103.600000,0.000000,92,110,130,140,170,190,220,250,260,260,260,6839,0,90,105.06021876560894,58.542500000001496,893.8289159999968,10898.079251352538
1776286934,200,POST,POST /v1/tweets,50.300000,0.000000,76,80,83,85,95,100,120,130,160,160,160,3395,0,76,79.20037616818868,55.75616699999841,271.6016250000024,214.54226804123712
1776286934,200,POST,POST /v1/tweets/:id/like,95.000000,0.000000,78,83,86,88,95,110,120,130,150,150,150,6341,0,78,82.18019413199795,57.870790999999144,374.950124999998,0.0
1776286934,200,,Aggregated,497.500000,0.000000,85,97,110,120,150,180,220,240,280,300,300,33298,0,84,97.39501360093726,55.75616699999841,928.1155420000005,7654.177848519431
1776286935,200,GET,GET /v1/timeline/home,248.900000,0.000000,90,110,130,140,160,200,230,250,280,300,300,16971,0,88,103.59689730516729,56.22562500000328,928.1155420000005,10740.181309292322
1776286935,200,GET,GET /v1/timeline/user/:id,103.800000,0.000000,91,110,130,140,170,200,230,250,260,260,260,6939,0,90,105.02001852024777,58.542500000001496,893.8289159999968,10897.686121919585
1776286935,200,POST,POST /v1/tweets,50.600000,0.000000,76,80,83,85,93,100,110,130,160,160,160,3450,0,76,79.12964939710157,55.75616699999841,271.6016250000024,214.54260869565218
1776286935,200,POST,POST /v1/tweets/:id/like,94.700000,0.000000,78,82,85,87,94,100,120,130,150,150,150,6442,0,78,82.11351875566587,57.870790999999144,374.950124999998,0.0
1776286935,200,,Aggregated,498.000000,0.000000,84,95,110,120,150,180,220,240,280,300,300,33802,0,84,97.29748035388461,55.75616699999841,928.1155420000005,7651.347050470386
1776286936,200,GET,GET /v1/timeline/home,251.500000,0.000000,91,110,130,130,160,180,220,240,280,300,300,17219,0,89,103.72479516853447,56.22562500000328,928.1155420000005,10740.162204541495
1776286936,200,GET,GET /v1/timeline/user/:id,102.900000,0.000000,90,110,130,140,160,180,220,230,260,260,260,7039,0,90,105.11289143344207,58.542500000001496,893.8289159999968,10897.197755362979
1776286936,200,POST,POST /v1/tweets,50.100000,0.000000,76,80,83,85,93,100,120,130,160,160,160,3498,0,76,79.21923780303047,55.75616699999841,271.6016250000024,214.54373927958832
1776286936,200,POST,POST /v1/tweets/:id/like,92.800000,0.000000,78,82,85,87,93,110,120,130,150,150,150,6549,0,78,82.16299665857382,57.870790999999144,374.950124999998,0.0
1776286936,200,,Aggregated,497.300000,0.000000,84,95,110,120,150,170,200,230,270,300,300,34305,0,84,97.39458533038942,55.75616699999841,928.1155420000005,7648.759714327358
1776286937,200,GET,GET /v1/timeline/home,251.500000,0.000000,90,110,120,130,160,180,210,230,270,280,280,17460,0,89,103.69666663333304,56.22562500000328,928.1155420000005,10740.1843069874
1776286937,200,GET,GET /v1/timeline/user/:id,103.400000,0.000000,89,110,130,140,160,180,220,230,260,260,260,7159,0,90,105.08486760329633,58.542500000001496,893.8289159999968,10896.745215812265
1776286937,200,POST,POST /v1/tweets,50.800000,0.000000,75,79,82,84,92,100,110,130,150,150,150,3546,0,76,79.17848315087443,55.75616699999841,271.6016250000024,214.54455724760294
1776286937,200,POST,POST /v1/tweets/:id/like,92.400000,0.000000,78,81,85,87,93,99,110,120,150,150,150,6635,0,78,82.13317167083643,57.870790999999144,374.950124999998,0.0
1776286937,200,,Aggregated,498.100000,0.000000,83,95,110,120,150,170,200,230,260,280,280,34800,0,84,97.37261097353488,55.75616699999841,928.1155420000005,7652.131954022989
1776286938,200,GET,GET /v1/timeline/home,249.400000,0.000000,91,110,120,130,150,180,210,230,270,280,280,17709,0,89,103.69847866694869,56.22562500000328,928.1155420000005,10740.192162177424
1776286938,200,GET,GET /v1/timeline/user/:id,106.000000,0.000000,90,110,130,140,160,180,220,230,260,260,260,7258,0,90,105.05914374979308,58.542500000001496,893.8289159999968,10896.526866905484
1776286938,200,POST,POST /v1/tweets,50.900000,0.000000,76,79,82,84,92,100,110,120,150,150,150,3588,0,76,79.2057558893536,55.75616699999841,271.6016250000024,214.54459308807134
1776286938,200,POST,POST /v1/tweets/:id/like,93.600000,0.000000,78,82,85,87,95,110,110,120,150,150,150,6753,0,78,82.18212698548788,57.870790999999144,374.950124999998,0.0
1776286938,200,,Aggregated,499.900000,0.000000,84,95,110,120,150,170,200,230,260,280,280,35308,0,84,97.37401664532176,55.75616699999841,928.1155420000005,7648.545400475813
1776286939,200,GET,GET /v1/timeline/home,250.300000,0.000000,91,110,120,130,150,180,210,230,270,280,280,17962,0,89,103.8154602286491,56.22562500000328,928.1155420000005,10740.202538692796
1776286939,200,GET,GET /v1/timeline/user/:id,106.600000,0.000000,91,110,130,140,160,170,200,230,250,250,250,7361,0,90,105.10513459434837,58.542500000001496,893.8289159999968,10896.341257981252
1776286939,200,POST,POST /v1/tweets,50.300000,0.000000,76,80,82,84,92,100,110,120,150,150,150,3636,0,76,79.19238762953817,55.75616699999841,271.6016250000024,214.5470297029703
1776286939,200,POST,POST /v1/tweets/:id/like,95.300000,0.000000,78,82,86,88,95,110,120,120,150,150,150,6852,0,78,82.17040131129592,57.870790999999144,374.950124999998,0.0
1776286939,200,,Aggregated,502.500000,0.000000,84,96,110,120,150,160,200,220,260,280,280,35811,0,84,97.43897974315207,55.75616699999841,928.1155420000005,7648.587836139734
1776286940,200,GET,GET /v1/timeline/home,250.600000,0.000000,92,110,120,130,160,180,210,240,270,280,280,18222,0,89,103.89364883739411,56.22562500000328,928.1155420000005,10740.176270442322
1776286940,200,GET,GET /v1/timeline/user/:id,105.500000,0.000000,91,110,130,140,160,180,220,230,250,250,250,7464,0,90,105.15182089523022,58.542500000001496,893.8289159999968,10895.306002143623
1776286940,200,POST,POST /v1/tweets,49.900000,0.000000,76,80,82,84,93,100,110,120,150,150,150,3675,0,76,79.20468609034033,55.75616699999841,271.6016250000024,214.54666666666665
1776286940,200,POST,POST /v1/tweets/:id/like,95.800000,0.000000,78,82,86,88,97,110,120,120,150,150,150,6937,0,78,82.17701744168949,57.870790999999144,374.950124999998,0.0
1776286940,200,,Aggregated,501.800000,0.000000,85,97,110,120,150,170,200,230,260,280,280,36298,0,84,97.50240926916125,55.75616699999841,928.1155420000005,7653.824315389277
1776286941,200,GET,GET /v1/timeline/home,249.000000,0.000000,94,110,130,140,160,180,220,240,270,280,280,18490,0,89,103.94371397247131,56.22562500000328,928.1155420000005,10740.177393185506
1776286941,200,GET,GET /v1/timeline/user/:id,104.200000,0.000000,93,110,130,140,160,170,220,230,250,250,250,7562,0,90,105.17701801269484,58.542500000001496,893.8289159999968,10894.991801110817
1776286941,200,POST,POST /v1/tweets,50.100000,0.000000,76,80,82,85,94,100,110,120,150,150,150,3710,0,76,79.20629080323471,55.75616699999841,271.6016250000024,214.5477088948787
1776286941,200,POST,POST /v1/tweets/:id/like,96.700000,0.000000,78,83,86,89,98,110,120,120,150,150,150,7044,0,78,82.17548052072675,57.870790999999144,374.950124999998,0.0
1776286941,200,,Aggregated,500.000000,0.000000,85,99,110,120,150,170,200,230,260,280,280,36806,0,84,97.53755651880172,55.75616699999841,928.1155420000005,7655.539314242244
1776286942,200,GET,GET /v1/timeline/home,252.700000,0.000000,93,110,130,130,150,170,200,220,250,260,260,18729,0,89,103.95476991222144,56.22562500000328,928.1155420000005,10740.187409899087
1776286942,200,GET,GET /v1/timeline/user/:id,104.400000,0.000000,93,110,130,140,150,170,190,230,250,250,250,7662,0,90,105.1482538450794,58.542500000001496,893.8289159999968,10894.249412685982
1776286942,200,POST,POST /v1/tweets,49.300000,0.000000,76,81,84,86,95,110,120,120,150,150,150,3762,0,76,79.27719271929848,55.75616699999841,271.6016250000024,214.54970760233917
1776286942,200,POST,POST /v1/tweets/:id/like,97.400000,0.000000,78,83,87,89,99,110,120,120,150,150,150,7146,0,78,82.17536805499569,57.870790999999144,374.950124999998,0.0
1776286942,200,,Aggregated,503.800000,0.000000,86,99,110,120,150,160,190,210,250,260,260,37299,0,84,97.53829287053301,55.75616699999841,928.1155420000005,7652.533445936889
1776286943,200,GET,GET /v1/timeline/home,253.600000,0.000000,93,110,130,130,150,170,200,220,260,260,260,18988,0,89,103.87490229239498,56.22562500000328,928.1155420000005,10740.180219085738
1776286943,200,GET,GET /v1/timeline/user/:id,102.800000,0.000000,93,110,130,130,150,170,190,230,250,250,250,7755,0,90,105.01512236260456,58.542500000001496,893.8289159999968,10893.877498388136
1776286943,200,POST,POST /v1/tweets,47.500000,0.000000,76,81,84,87,96,110,120,120,150,150,150,3828,0,76,79.28060898145273,55.75616699999841,271.6016250000024,214.54989550679207
1776286943,200,POST,POST /v1/tweets/:id/like,99.700000,0.000000,78,83,87,90,100,110,120,120,150,150,150,7252,0,78,82.15424934473238,57.870790999999144,374.950124999998,0.0
1776286943,200,,Aggregated,503.600000,0.000000,86,99,110,120,140,160,190,210,250,260,260,37823,0,84,97.45492705705561,55.75616699999841,928.1155420000005,7647.142188615393
1776286944,200,GET,GET /v1/timeline/home,250.900000,0.000000,94,110,130,130,150,170,200,220,260,260,260,19239,0,89,103.82541610010905,56.22562500000328,928.1155420000005,10740.205987837206
1776286944,200,GET,GET /v1/timeline/user/:id,102.900000,0.000000,91,110,120,130,150,170,180,220,270,270,270,7867,0,90,104.87792652968068,58.542500000001496,893.8289159999968,10893.253590949536
1776286944,200,POST,POST /v1/tweets,47.000000,0.000000,77,81,84,87,98,110,120,120,150,150,150,3872,0,76,79.25770511931843,55.75616699999841,271.6016250000024,214.5495867768595
1776286944,200,POST,POST /v1/tweets/:id/like,100.800000,0.000000,78,83,87,90,100,110,120,120,150,150,150,7360,0,78,82.10045103641298,57.870790999999144,374.950124999998,0.0
1776286944,200,,Aggregated,501.600000,0.000000,86,99,110,120,140,160,180,210,250,270,270,38338,0,84,97.38945647162113,55.75616699999841,928.1155420000005,7646.6895769210705
1776286945,200,GET,GET /v1/timeline/home,251.000000,0.000000,94,110,130,130,160,180,210,240,260,260,260,19498,0,89,103.9901250884705,56.22562500000328,928.1155420000005,10740.218637809006
1776286945,200,GET,GET /v1/timeline/user/:id,102.700000,0.000000,91,110,120,130,150,170,200,230,270,270,270,7972,0,90,104.9970057918964,58.542500000001496,893.8289159999968,10893.191670847968
1776286945,200,POST,POST /v1/tweets,48.500000,0.000000,76,81,84,87,97,110,120,120,150,150,150,3921,0,76,79.25384703443021,55.75616699999841,271.6016250000024,214.54960469268045
1776286945,200,POST,POST /v1/tweets/:id/like,100.200000,0.000000,78,83,87,90,100,110,120,130,150,150,150,7441,0,78,82.07819190431378,57.870790999999144,374.950124999998,0.0
1776286945,200,,Aggregated,502.400000,0.000000,86,99,110,120,150,160,190,220,260,270,270,38832,0,84,97.50035407215721,55.75616699999841,928.1155420000005,7650.766275236918
1776286946,200,GET,GET /v1/timeline/home,250.100000,0.000000,93,110,130,140,160,180,220,240,260,260,260,19750,0,89,104.1355442095188,56.22562500000328,928.1155420000005,10740.210075949368
1776286946,200,GET,GET /v1/timeline/user/:id,102.000000,0.000000,91,110,130,140,160,170,210,240,270,270,270,8082,0,90,105.10328522234569,58.542500000001496,893.8289159999968,10892.92897797575
1776286946,200,POST,POST /v1/tweets,48.000000,0.000000,76,81,84,87,97,110,120,120,140,140,140,3950,0,76,79.23858251316476,55.75616699999841,271.6016250000024,214.54962025316456
1776286946,200,POST,POST /v1/tweets/:id/like,102.600000,0.000000,78,82,86,89,98,110,120,120,150,150,150,7536,0,78,82.02229329233006,57.870790999999144,374.950124999998,0.0
1776286946,200,,Aggregated,502.700000,0.000000,85,98,110,120,150,170,210,230,260,270,270,39318,0,84,97.59484593527161,55.75616699999841,928.1155420000005,7655.609949641385
1776286947,200,GET,GET /v1/timeline/home,251.700000,0.000000,93,110,130,140,160,190,230,240,260,260,260,20014,0,89,104.21168893489548,56.22562500000328,928.1155420000005,10740.194413910263
1776286947,200,GET,GET /v1/timeline/user/:id,102.800000,0.000000,91,110,130,140,160,180,210,240,270,270,270,8164,0,90,105.15905648272873,58.542500000001496,893.8289159999968,10893.006246937775
1776286947,200,POST,POST /v1/tweets,46.600000,0.000000,76,80,84,86,95,100,120,120,140,140,140,3992,0,76,79.20107881613245,55.75616699999841,271.6016250000024,214.54884769539078
1776286947,200,POST,POST /v1/tweets/:id/like,100.900000,0.000000,77,81,84,87,95,110,120,120,150,150,150,7643,0,78,81.97600858537223,57.870790999999144,374.950124999998,0.0
1776286947,200,,Aggregated,502.000000,0.000000,85,98,110,120,150,170,210,240,260,270,270,39813,0,84,97.62953356240436,55.75616699999841,928.1155420000005,7654.314746439605
1776286948,200,GET,GET /v1/timeline/home,251.500000,0.000000,93,110,130,140,160,180,230,240,260,260,260,20270,0,89,104.11459586255528,56.22562500000328,928.1155420000005,10740.17799703996
1776286948,200,GET,GET /v1/timeline/user/:id,104.000000,0.000000,90,110,120,140,160,180,210,240,270,270,270,8262,0,90,105.06083544601765,58.542500000001496,893.8289159999968,10892.168240135561
1776286948,200,POST,POST /v1/tweets,45.900000,0.000000,75,80,83,86,95,100,120,120,140,140,140,4035,0,76,79.15596278587375,55.75616699999841,271.6016250000024,214.54820322180916
1776286948,200,POST,POST /v1/tweets/:id/like,98.600000,0.000000,77,81,84,86,94,110,120,120,150,150,150,7758,0,78,81.9151815913895,57.870790999999144,374.950124999998,0.0
1776286948,200,,Aggregated,500.000000,0.000000,84,96,110,120,150,170,210,240,260,270,270,40325,0,84,97.54018026574096,55.75616699999841,928.1155420000005,7651.83394916305
1776286949,200,GET,GET /v1/timeline/home,251.800000,0.000000,92,110,130,130,160,180,220,240,260,260,260,20515,0,89,104.09473293190337,56.22562500000328,928.1155420000005,10740.17177674872
1776286949,200,GET,GET /v1/timeline/user/:id,101.000000,0.000000,89,110,120,130,160,170,210,240,270,270,270,8372,0,90,105.05034722838008,58.542500000001496,893.8289159999968,10892.10618729097
1776286949,200,POST,POST /v1/tweets,44.900000,0.000000,76,80,83,86,95,100,120,120,140,140,140,4087,0,76,79.12592159236614,55.75616699999841,271.6016250000024,214.54758991925618
1776286949,200,POST,POST /v1/tweets/:id/like,98.500000,0.000000,77,81,84,86,93,100,120,120,150,150,150,7873,0,78,81.8556461696939,57.870790999999144,374.950124999998,0.0
1776286949,200,,Aggregated,496.300000,0.000000,84,95,110,120,150,170,200,230,260,270,270,40847,0,84,97.50586571684585,55.75616699999841,928.1155420000005,7648.057213504052
1776286950,200,GET,GET /v1/timeline/home,254.400000,0.000000,91,110,120,130,160,180,220,240,260,260,260,20773,0,89,104.07904171145228,56.22562500000328,928.1155420000005,10740.178452799306
1776286950,200,GET,GET /v1/timeline/user/:id,100.000000,0.000000,89,110,120,140,160,170,210,240,270,270,270,8478,0,90,105.06778713977334,58.542500000001496,893.8289159999968,10891.886529841944
1776286950,200,POST,POST /v1/tweets,44.700000,0.000000,76,80,83,85,92,100,120,120,140,140,140,4141,0,76,79.13928873122448,55.75616699999841,271.6016250000024,214.54696933107945
1776286950,200,POST,POST /v1/tweets/:id/like,99.700000,0.000000,77,80,83,85,92,99,110,120,150,150,150,7969,0,78,81.81056069933491,57.870790999999144,374.950124999998,0.0
1776286950,200,,Aggregated,498.800000,0.000000,84,95,110,120,150,170,200,230,260,270,270,41361,0,84,97.49432522646947,55.75616699999841,928.1155420000005,7648.160827832983
1776286951,200,GET,GET /v1/timeline/home,254.000000,0.000000,91,110,120,130,160,180,220,240,260,260,260,21034,0,89,104.10517039792718,56.22562500000328,928.1155420000005,10740.19454216982
1776286951,200,GET,GET /v1/timeline/user/:id,100.200000,0.000000,89,110,120,140,160,180,210,240,270,270,270,8579,0,90,105.10305387690855,58.542500000001496,893.8289159999968,10891.780044294206
1776286951,200,POST,POST /v1/tweets,44.000000,0.000000,76,80,83,85,93,100,120,120,150,150,150,4187,0,76,79.20353535108687,55.75616699999841,271.6016250000024,214.54549796990685
1776286951,200,POST,POST /v1/tweets/:id/like,101.100000,0.000000,77,81,84,85,92,100,120,120,150,150,150,8078,0,78,81.8675934028225,57.870790999999144,374.950124999998,0.0
1776286951,200,,Aggregated,499.300000,0.000000,84,95,110,120,150,170,210,230,260,270,270,41878,0,84,97.5304187254169,55.75616699999841,928.1155420000005,7647.168799847175
1776286952,200,GET,GET /v1/timeline/home,251.300000,0.000000,92,110,130,140,160,180,220,240,260,260,260,21283,0,89,104.22365210576494,56.22562500000328,928.1155420000005,10740.18122445144
1776286952,200,GET,GET /v1/timeline/user/:id,99.200000,0.000000,92,110,130,140,160,180,210,240,270,270,270,8680,0,90,105.29421817476936,58.542500000001496,893.8289159999968,10891.414170506912
1776286952,200,POST,POST /v1/tweets,46.000000,0.000000,76,80,83,86,96,100,120,120,150,150,150,4233,0,76,79.27839881478877,55.75616699999841,271.6016250000024,214.54500354358612
1776286952,200,POST,POST /v1/tweets/:id/like,102.400000,0.000000,78,82,85,87,98,110,120,140,150,150,150,8176,0,78,82.02107209173198,57.870790999999144,374.950124999998,0.0
1776286952,200,,Aggregated,498.900000,0.000000,85,97,110,120,150,170,210,230,260,270,270,42372,0,84,97.66675042785344,55.75616699999841,928.1155420000005,7647.241598225243
1776286953,200,GET,GET /v1/timeline/home,252.700000,0.000000,93,110,130,140,160,180,220,240,260,260,260,21526,0,89,104.16854768168722,56.22562500000328,928.1155420000005,10740.17899284586
1776286953,200,GET,GET /v1/timeline/user/:id,101.200000,0.000000,91,110,130,140,160,180,210,240,260,260,260,8785,0,90,105.18848491906637,58.542500000001496,893.8289159999968,10891.171428571428
1776286953,200,POST,POST /v1/tweets,46.400000,0.000000,76,80,84,87,96,100,120,120,150,150,150,4290,0,76,79.25266870093265,55.75616699999841,271.6016250000024,214.54568764568765
1776286953,200,POST,POST /v1/tweets/:id/like,103.200000,0.000000,78,82,85,87,98,110,120,140,150,150,150,8274,0,78,81.98231061252122,57.870790999999144,374.950124999998,0.0
1776286953,200,,Aggregated,503.500000,0.000000,85,98,110,120,150,170,210,230,260,260,260,42875,0,84,97.60299904711394,55.75616699999841,928.1155420000005,7645.304606413994
1776286954,200,GET,GET /v1/timeline/home,252.300000,0.000000,92,110,130,140,160,180,220,230,260,260,260,21774,0,89,104.22036678736104,56.22562500000328,928.1155420000005,10740.17709194452
1776286954,200,GET,GET /v1/timeline/user/:id,100.800000,0.000000,92,110,130,140,160,180,210,240,260,260,260,8885,0,90,105.13048416510951,58.542500000001496,893.8289159999968,10890.840742824987
1776286954,200,POST,POST /v1/tweets,47.200000,0.000000,76,80,84,86,94,100,120,120,150,150,150,4337,0,76,79.2207853004383,55.75616699999841,271.6016250000024,214.5450772423334
1776286954,200,POST,POST /v1/tweets/:id/like,101.800000,0.000000,78,82,85,87,97,110,120,130,150,150,150,8378,0,78,81.95039354177615,57.870790999999144,374.950124999998,0.0
1776286954,200,,Aggregated,502.100000,0.000000,85,97,110,120,150,170,200,230,260,260,260,43374,0,84,97.60546781887787,55.75616699999841,928.1155420000005,7644.031401300318
1776286955,200,GET,GET /v1/timeline/home,251.400000,0.000000,91,110,130,140,150,170,210,230,260,260,260,22037,0,89,104.24150743372505,56.22562500000328,928.1155420000005,10740.181149884285
1776286955,200,GET,GET /v1/timeline/user/:id,102.000000,0.000000,92,110,130,140,160,180,210,220,260,260,260,8974,0,90,105.2255671915531,58.542500000001496,893.8289159999968,10890.844773790952
1776286955,200,POST,POST /v1/tweets,46.400000,0.000000,76,80,83,86,94,100,120,120,150,150,150,4389,0,76,79.21261769218515,55.75616699999841,271.6016250000024,214.54659375712006
1776286955,200,POST,POST /v1/tweets/:id/like,102.400000,0.000000,78,82,85,87,98,110,120,130,150,150,150,8472,0,78,81.92913926428238,57.870790999999144,374.950124999998,0.0
1776286955,200,,Aggregated,502.200000,0.000000,85,96,110,120,150,160,190,220,260,260,260,43872,0,84,97.63020118052522,55.75616699999841,928.1155420000005,7643.997492706054
1776286956,200,GET,GET /v1/timeline/home,253.000000,0.000000,91,110,130,140,160,170,200,220,250,260,260,22280,0,89,104.31117574340216,56.22562500000328,928.1155420000005,10740.203500897665
1776286956,200,GET,GET /v1/timeline/user/:id,101.800000,0.000000,92,110,130,140,160,180,210,230,260,260,260,9077,0,90,105.31553303767738,58.542500000001496,893.8289159999968,10890.734053101245
1776286956,200,POST,POST /v1/tweets,45.500000,0.000000,77,80,83,86,93,100,110,120,150,150,150,4435,0,76,79.18317750056387,55.75616699999841,271.6016250000024,214.54633596392333
1776286956,200,POST,POST /v1/tweets/:id/like,101.300000,0.000000,78,83,85,88,98,110,120,130,150,150,150,8578,0,78,81.91299578048492,56.55854200000476,374.950124999998,0.0
1776286956,200,,Aggregated,501.600000,0.000000,84,96,110,120,150,170,200,220,250,260,260,44370,0,84,97.67476130191588,55.75616699999841,928.1155420000005,7642.516114491774
1776286957,200,GET,GET /v1/timeline/home,251.400000,0.000000,92,110,130,140,160,180,210,230,260,260,260,22532,0,90,104.458476676549,56.22562500000328,928.1155420000005,10740.194035150009
1776286957,200,GET,GET /v1/timeline/user/:id,99.900000,0.000000,94,110,130,140,160,180,220,230,260,260,260,9161,0,90,105.38889498591828,58.542500000001496,893.8289159999968,10890.529636502566
1776286957,200,POST,POST /v1/tweets,47.300000,0.000000,77,81,85,86,96,100,120,120,150,150,150,4476,0,76,79.22880739879375,55.75616699999841,271.6016250000024,214.54803395889186
1776286957,200,POST,POST /v1/tweets/:id/like,102.600000,0.000000,78,83,87,90,100,110,130,140,150,150,150,8684,0,78,81.97979194656831,56.55854200000476,374.950124999998,0.0
1776286957,200,,Aggregated,501.200000,0.000000,85,99,110,120,150,170,200,220,250,260,260,44853,0,84,97.77867073825608,55.75616699999841,928.1155420000005,7641.105633959824
1776286958,200,GET,GET /v1/timeline/home,252.200000,0.000000,93,120,130,140,170,200,230,240,260,280,280,22791,0,90,104.6785768968892,56.22562500000328,928.1155420000005,10740.200473871266
1776286958,200,GET,GET /v1/timeline/user/:id,98.900000,0.000000,95,120,130,140,170,190,230,230,260,260,260,9255,0,90,105.56812111518072,58.542500000001496,893.8289159999968,10890.402593192868
1776286958,200,POST,POST /v1/tweets,47.900000,0.000000,77,82,85,88,97,110,120,140,160,160,160,4526,0,76,79.30788030291666,55.75616699999841,271.6016250000024,214.54794520547946
1776286958,200,POST,POST /v1/tweets/:id/like,103.500000,0.000000,79,84,88,91,100,110,130,140,150,150,150,8780,0,78,81.98655725261952,56.55854200000476,374.950124999998,0.0
1776286958,200,,Aggregated,502.500000,0.000000,86,100,120,130,150,180,220,230,260,280,280,45352,0,84,97.93508215529653,55.75616699999841,928.1155420000005,7641.154282060328
1776286959,200,GET,GET /v1/timeline/home,251.900000,0.000000,95,120,140,150,170,210,230,250,270,290,290,23032,0,90,104.9503077806965,56.22562500000328,928.1155420000005,10740.203716568252
1776286959,200,GET,GET /v1/timeline/user/:id,99.700000,0.000000,98,120,130,150,180,210,230,230,260,260,260,9353,0,90,105.81837968662433,58.542500000001496,893.8289159999968,10890.159734844436
1776286959,200,POST,POST /v1/tweets,48.700000,0.000000,77,83,86,90,99,110,120,140,160,160,160,4572,0,76,79.36380130927401,55.75616699999841,271.6016250000024,214.54615048118984
1776286959,200,POST,POST /v1/tweets/:id/like,104.100000,0.000000,80,86,90,95,110,120,130,140,150,150,150,8881,0,78,82.12621699121713,56.55854200000476,374.950124999998,0.0
1776286959,200,,Aggregated,504.300000,0.000000,88,100,120,130,160,190,230,240,270,290,290,45838,0,84,98.15325770537576,55.75616699999841,928.1155420000005,7640.057179632619
1776286960,200,GET,GET /v1/timeline/home,252.100000,0.000000,97,120,140,150,180,210,240,250,270,290,290,23285,0,90,105.09013842645489,56.22562500000328,928.1155420000005,10740.200687137642
1776286960,200,GET,GET /v1/timeline/user/:id,98.400000,0.000000,97,120,140,150,180,210,230,240,290,290,290,9451,0,90,105.92119653063139,58.542500000001496,893.8289159999968,10889.296793990054
1776286960,200,POST,POST /v1/tweets,48.700000,0.000000,77,82,86,89,98,110,120,140,160,160,160,4617,0,76,79.34542412085788,55.75616699999841,271.6016250000024,214.54602555772146
1776286960,200,POST,POST /v1/tweets/:id/like,102.100000,0.000000,80,86,91,95,110,120,130,140,150,150,150,8969,0,78,82.13209532679222,56.55854200000476,374.950124999998,0.0
1776286960,200,,Aggregated,501.300000,0.000000,88,110,120,130,170,200,230,240,270,290,290,46322,0,84,98.24847130570814,55.75616699999841,928.1155420000005,7641.96010534951
1776286961,200,GET,GET /v1/timeline/home,252.500000,0.000000,94,120,140,150,180,210,240,250,270,290,290,23531,0,90,105.02269951179308,56.22562500000328,928.1155420000005,10740.226807190515
1776286961,200,GET,GET /v1/timeline/user/:id,97.700000,0.000000,93,120,130,140,180,210,230,240,290,290,290,9544,0,90,105.85729919719167,58.542500000001496,893.8289159999968,10889.238579212071
1776286961,200,POST,POST /v1/tweets,48.300000,0.000000,77,81,85,86,95,100,120,130,160,160,160,4681,0,76,79.29409697842355,55.75616699999841,271.6016250000024,214.5449690237129
1776286961,200,POST,POST /v1/tweets/:id/like,101.000000,0.000000,78,84,88,91,100,120,130,140,290,290,290,9082,0,78,82.10328289737932,56.55854200000476,374.950124999998,0.0
1776286961,200,,Aggregated,499.500000,0.000000,86,100,120,130,160,200,230,240,270,290,290,46838,0,84,98.17731092232818,55.75616699999841,928.1155420000005,7636.095798283445
1776286962,200,GET,GET /v1/timeline/home,252.000000,0.000000,94,120,140,150,180,210,240,250,270,290,290,23780,0,90,104.95444845487815,56.22562500000328,928.1155420000005,10740.23141295206
1776286962,200,GET,GET /v1/timeline/user/:id,97.000000,0.000000,94,110,130,140,180,210,230,240,290,290,290,9635,0,90,105.81013089787204,58.542500000001496,893.8289159999968,10888.674623767514
1776286962,200,POST,POST /v1/tweets,47.700000,0.000000,77,81,84,85,93,100,120,130,160,160,160,4735,0,76,79.25358285807827,55.75616699999841,271.6016250000024,214.54382259767686
1776286962,200,POST,POST /v1/tweets/:id/like,101.100000,0.000000,79,84,88,91,100,120,130,130,290,290,290,9202,0,78,82.08698118908923,56.55854200000476,374.950124999998,0.0
1776286962,200,,Aggregated,497.800000,0.000000,86,100,120,130,160,200,230,240,270,290,290,47352,0,84,98.1147050006971,55.75616699999841,928.1155420000005,7630.743115391113
1776286963,200,GET,GET /v1/timeline/home,250.500000,0.000000,94,120,140,150,180,210,240,250,270,290,290,24049,0,90,104.98785431211297,56.22562500000328,928.1155420000005,10740.235269657782
1776286963,200,GET,GET /v1/timeline/user/:id,95.800000,0.000000,95,110,130,140,180,210,230,240,290,290,290,9745,0,90,105.78127951021015,58.542500000001496,893.8289159999968,10888.362544894819
1776286963,200,POST,POST /v1/tweets,48.700000,0.000000,77,81,84,85,93,100,120,130,160,160,160,4774,0,76,79.22859014935078,55.75616699999841,271.6016250000024,214.54377880184333
1776286963,200,POST,POST /v1/tweets/:id/like,99.800000,0.000000,79,84,88,91,100,120,130,130,290,290,290,9295,0,78,82.05626067595476,56.55854200000476,374.950124999998,0.0
1776286963,200,,Aggregated,494.800000,0.000000,86,99,120,130,160,200,230,240,270,290,290,47863,0,84,98.1267724449995,55.75616699999841,928.1155420000005,7634.775149907026
1776286964,200,GET,GET /v1/timeline/home,250.500000,0.000000,94,120,130,150,180,210,240,250,270,290,290,24299,0,90,104.89230904773883,56.22562500000328,928.1155420000005,10740.250339520146
1776286964,200,GET,GET /v1/timeline/user/:id,95.100000,0.000000,96,110,130,140,180,210,230,240,290,290,290,9846,0,90,105.72939232866113,58.542500000001496,893.8289159999968,10888.238574040219
1776286964,200,POST,POST /v1/tweets,50.100000,0.000000,77,81,85,86,93,100,120,130,160,160,160,4822,0,76,79.233644363957,55.75616699999841,271.6016250000024,214.54396515968477
1776286964,200,POST,POST /v1/tweets/:id/like,102.200000,0.000000,79,84,88,91,100,120,130,130,290,290,290,9406,0,78,82.0371428462683,56.55854200000476,374.950124999998,0.0
1776286964,200,,Aggregated,497.900000,0.000000,86,99,120,130,160,200,230,240,270,290,290,48373,0,84,98.06081518934144,55.75616699999841,928.1155420000005,7632.718065863188
1776286965,200,GET,GET /v1/timeline/home,252.500000,0.000000,93,110,130,140,170,210,240,250,270,290,290,24557,0,90,104.87069768461159,56.22562500000328,928.1155420000005,10740.263712994258
1776286965,200,GET,GET /v1/timeline/user/:id,94.300000,0.000000,95,110,130,140,170,210,230,240,290,290,290,9948,0,90,105.66921611037372,58.542500000001496,893.8289159999968,10887.755629272215
1776286965,200,POST,POST /v1/tweets,48.100000,0.000000,77,81,84,86,93,99,120,130,160,160,160,4870,0,76,79.20270476529788,55.75616699999841,271.6016250000024,214.5451745379877
1776286965,200,POST,POST /v1/tweets/:id/like,101.600000,0.000000,79,83,87,90,100,120,130,130,290,290,290,9505,0,78,81.98398460799575,56.55854200000476,374.950124999998,0.0
1776286965,200,,Aggregated,496.500000,0.000000,86,98,110,120,160,190,230,240,270,290,290,48880,0,84,98.02540979568363,55.75616699999841,928.1155420000005,7633.078641571195
1776286966,200,GET,GET /v1/timeline/home,251.100000,0.000000,92,110,130,140,170,210,230,250,270,290,290,24804,0,90,104.83626999338844,56.22562500000328,928.1155420000005,10740.260159651669
1776286966,200,GET,GET /v1/timeline/user/:id,96.200000,0.000000,93,110,130,140,170,200,230,240,290,290,290,10056,0,90,105.64299471141585,58.542500000001496,893.8289159999968,10887.3572991249
1776286966,200,POST,POST /v1/tweets,48.900000,0.000000,77,81,84,86,92,99,120,130,160,160,160,4921,0,76,79.20446966206069,55.75616699999841,271.6016250000024,214.54460475513108
1776286966,200,POST,POST /v1/tweets/:id/like,102.200000,0.000000,79,83,86,89,100,110,130,130,290,290,290,9607,0,78,82.00281830477778,56.55854200000476,374.950124999998,0.0
1776286966,200,,Aggregated,498.400000,0.000000,85,97,110,120,150,180,230,240,270,290,290,49388,0,84,98.00500255922525,55.75616699999841,928.1155420000005,7632.227504657002
1776286967,200,GET,GET /v1/timeline/home,252.300000,0.000000,91,110,120,130,160,190,230,240,270,290,290,25081,0,90,104.75377112997916,56.22562500000328,928.1155420000005,10740.27734141382
1776286967,200,GET,GET /v1/timeline/user/:id,97.200000,0.000000,93,110,130,140,160,200,230,240,290,290,290,10150,0,90,105.64654826167468,58.542500000001496,893.8289159999968,10887.155566502463
1776286967,200,POST,POST /v1/tweets,47.600000,0.000000,76,80,83,85,91,98,100,120,140,140,140,4970,0,76,79.19111525835021,55.75616699999841,271.6016250000024,214.54587525150905
1776286967,200,POST,POST /v1/tweets/:id/like,102.300000,0.000000,79,83,86,89,99,110,130,130,290,290,290,9701,0,78,81.99531783991343,56.55854200000476,374.950124999998,0.0
1776286967,200,,Aggregated,499.400000,0.000000,85,97,110,120,150,170,220,240,270,290,290,49902,0,84,97.96517614055595,55.75616699999841,928.1155420000005,7633.91884092822
1776286968,200,GET,GET /v1/timeline/home,252.800000,0.000000,89,110,120,130,150,170,210,230,270,270,270,25343,0,90,104.72168666712727,56.22562500000328,928.1155420000005,10740.309947520025
1776286968,200,GET,GET /v1/timeline/user/:id,96.900000,0.000000,91,110,120,130,150,170,220,230,290,290,290,10252,0,90,105.60918735573524,58.542500000001496,893.8289159999968,10886.775458447133
1776286968,200,POST,POST /v1/tweets,48.200000,0.000000,76,80,83,85,91,96,100,110,140,140,140,5018,0,76,79.17145162415316,55.75616699999841,271.6016250000024,214.5450378636907
1776286968,200,POST,POST /v1/tweets/:id/like,102.300000,0.000000,78,82,85,87,96,110,120,130,290,290,290,9804,0,78,81.94875228937165,56.55854200000476,374.950124999998,0.0
1776286968,200,,Aggregated,500.200000,0.000000,84,95,110,120,140,160,200,220,270,290,290,50417,0,84,97.93075759507765,55.75616699999841,928.1155420000005,7633.922764147014
1776286969,200,GET,GET /v1/timeline/home,252.000000,0.000000,89,100,120,130,150,160,190,220,260,270,270,25605,0,90,104.66010607943781,56.22562500000328,928.1155420000005,10740.31353251318
1776286969,200,GET,GET /v1/timeline/user/:id,98.600000,0.000000,90,110,120,130,150,170,200,230,290,290,290,10341,0,90,105.54387677477969,58.542500000001496,893.8289159999968,10886.266415240305
1776286969,200,POST,POST /v1/tweets,48.300000,0.000000,76,79,82,84,88,93,100,100,140,140,140,5066,0,76,79.13643081326501,55.75616699999841,271.6016250000024,214.54579549940783
1776286969,200,POST,POST /v1/tweets/:id/like,102.300000,0.000000,78,81,84,85,92,100,120,120,290,290,290,9888,0,78,81.91463668760106,56.55854200000476,374.950124999998,0.0
1776286969,200,,Aggregated,501.200000,0.000000,83,93,100,110,140,160,180,210,260,290,290,50900,0,84,97.88071379094369,55.75616699999841,928.1155420000005,7635.9036935167
1776286970,200,GET,GET /v1/timeline/home,253.500000,0.000000,88,100,120,120,150,160,190,210,260,290,290,25862,0,90,104.65402904821757,56.22562500000328,928.1155420000005,10740.323331528884
1776286970,200,GET,GET /v1/timeline/user/:id,99.500000,0.000000,90,110,120,130,150,170,190,220,260,260,260,10445,0,90,105.57545403092362,58.542500000001496,893.8289159999968,10885.980277644807
1776286970,200,POST,POST /v1/tweets,49.100000,0.000000,76,79,82,84,89,93,100,100,140,140,140,5109,0,76,79.11528906478772,55.75616699999841,271.6016250000024,214.54550792718732
1776286970,200,POST,POST /v1/tweets/:id/like,101.300000,0.000000,78,81,84,85,93,100,110,120,130,130,130,9998,0,78,81.89830141638318,56.55854200000476,374.950124999998,0.0
1776286970,200,,Aggregated,503.400000,0.000000,83,93,100,110,140,160,180,210,260,290,290,51414,0,84,97.87834725932676,55.75616699999841,928.1155420000005,7635.399288131637
1776286971,200,GET,GET /v1/timeline/home,254.200000,0.000000,89,110,120,130,150,170,200,220,260,290,290,26126,0,90,104.64083834414008,56.22562500000328,928.1155420000005,10740.332350914798
1776286971,200,GET,GET /v1/timeline/user/:id,98.400000,0.000000,90,110,120,130,150,170,190,210,260,260,260,10537,0,90,105.51913300094891,58.542500000001496,893.8289159999968,10885.5196925121
1776286971,200,POST,POST /v1/tweets,49.900000,0.000000,76,79,82,84,88,94,100,100,140,140,140,5165,0,76,79.09220417153927,55.75616699999841,271.6016250000024,214.54540174249757
1776286971,200,POST,POST /v1/tweets/:id/like,100.600000,0.000000,78,81,84,86,94,100,120,120,130,130,130,10096,0,78,81.90086832824873,56.55854200000476,374.950124999998,0.0
1776286971,200,,Aggregated,503.100000,0.000000,84,94,110,110,140,160,180,210,260,290,290,51924,0,84,97.856175336993,55.75616699999841,928.1155420000005,7634.4420884369465
1776286972,200,GET,GET /v1/timeline/home,255.300000,0.000000,88,100,120,120,150,160,190,220,260,290,290,26380,0,90,104.55682269359372,56.22562500000328,928.1155420000005,10740.323388931009
1776286972,200,GET,GET /v1/timeline/user/:id,99.500000,0.000000,90,110,120,130,150,160,180,210,260,260,260,10626,0,90,105.48139727009212,58.542500000001496,893.8289159999968,10885.138528138528
1776286972,200,POST,POST /v1/tweets,49.400000,0.000000,76,79,82,83,89,94,100,100,140,140,140,5211,0,76,79.06232490635195,55.75616699999841,271.6016250000024,214.5440414507772
1776286972,200,POST,POST /v1/tweets/:id/like,100.000000,0.000000,78,81,84,85,93,100,120,120,130,130,130,10200,0,78,81.84560730549012,56.55854200000476,374.950124999998,0.0
1776286972,200,,Aggregated,504.200000,0.000000,83,92,100,110,140,150,170,200,260,290,290,52417,0,84,97.79028329839625,55.75616699999841,928.1155420000005,7633.27168666654
1776286973,200,GET,GET /v1/timeline/home,256.000000,0.000000,88,100,120,130,150,160,200,220,260,290,290,26632,0,90,104.56740115556495,56.22562500000328,928.1155420000005,10740.327726043857
1776286973,200,GET,GET /v1/timeline/user/:id,99.200000,0.000000,89,110,120,130,150,160,180,210,260,260,260,10730,0,90,105.4281069448275,58.542500000001496,893.8289159999968,10885.030941286113
1776286973,200,POST,POST /v1/tweets,49.300000,0.000000,76,79,82,84,89,94,100,110,140,140,140,5267,0,76,79.08176620258213,55.75616699999841,271.6016250000024,214.54452249857604
1776286973,200,POST,POST /v1/tweets/:id/like,100.900000,0.000000,78,81,84,85,94,100,120,120,130,130,130,10307,0,78,81.84648117939255,56.55854200000476,374.950124999998,0.0
1776286973,200,,Aggregated,505.400000,0.000000,83,92,100,110,140,160,180,210,260,290,290,52936,0,84,97.78218904333603,55.75616699999841,928.1155420000005,7631.154526220342
1776286974,200,GET,GET /v1/timeline/home,258.200000,0.000000,88,100,120,130,150,160,190,220,260,290,290,26884,0,90,104.4572797463921,56.22562500000328,928.1155420000005,10740.331647076327
1776286974,200,GET,GET /v1/timeline/user/:id,98.600000,0.000000,88,110,120,130,150,160,180,200,260,260,260,10820,0,90,105.32439857707946,58.542500000001496,893.8289159999968,10884.6292051756
1776286974,200,POST,POST /v1/tweets,47.700000,0.000000,75,79,83,84,90,96,100,110,140,140,140,5326,0,76,79.06401210383031,55.75616699999841,271.6016250000024,214.54355989485543
1776286974,200,POST,POST /v1/tweets/:id/like,99.800000,0.000000,78,82,84,86,95,100,120,120,140,140,140,10427,0,78,81.83055426757447,56.55854200000476,374.950124999998,0.0
1776286974,200,,Aggregated,504.300000,0.000000,83,92,100,110,140,150,170,200,250,290,290,53457,0,84,97.68938808984859,55.75616699999841,928.1155420000005,7625.894139214696
1776286975,200,GET,GET /v1/timeline/home,255.800000,0.000000,88,100,120,120,150,160,190,220,260,290,290,27128,0,90,104.43127587433656,56.22562500000328,928.1155420000005,10740.324830433501
1776286975,200,GET,GET /v1/timeline/user/:id,99.100000,0.000000,89,110,120,130,150,160,180,200,260,260,260,10935,0,90,105.3133156891632,58.542500000001496,893.8289159999968,10884.39515317787
1776286975,200,POST,POST /v1/tweets,48.200000,0.000000,76,80,83,84,91,97,110,110,140,140,140,5378,0,76,79.06769328114547,55.75616699999841,271.6016250000024,214.5440684269245
1776286975,200,POST,POST /v1/tweets/:id/like,100.200000,0.000000,78,81,84,86,95,100,110,120,140,140,140,10521,0,78,81.82795017669416,56.55854200000476,374.950124999998,0.0
1776286975,200,,Aggregated,503.300000,0.000000,83,92,100,110,140,150,170,200,250,290,290,53962,0,84,97.67522844325698,55.75616699999841,928.1155420000005,7626.44473889033
1776286976,200,GET,GET /v1/timeline/home,256.600000,0.000000,88,100,120,130,150,160,190,220,260,290,290,27374,0,90,104.40023050040199,56.22562500000328,928.1155420000005,10740.324797252868
1776286976,200,GET,GET /v1/timeline/user/:id,97.300000,0.000000,88,110,120,130,150,160,180,200,260,260,260,11040,0,90,105.2284264550724,58.542500000001496,893.8289159999968,10883.85643115942
1776286976,200,POST,POST /v1/tweets,49.300000,0.000000,75,79,82,84,90,96,110,110,140,140,140,5430,0,76,79.01318176151024,55.75616699999841,271.6016250000024,214.54438305709024
1776286976,200,POST,POST /v1/tweets/:id/like,100.500000,0.000000,78,81,84,86,94,100,110,120,140,140,140,10611,0,78,81.80300482678346,56.55854200000476,374.950124999998,0.0
1776286976,200,,Aggregated,503.700000,0.000000,83,92,100,110,140,150,170,200,250,290,290,54455,0,84,97.63340370882433,55.75616699999841,928.1155420000005,7627.002148563034
1776286977,200,GET,GET /v1/timeline/home,256.000000,0.000000,88,100,120,130,150,160,180,210,260,290,290,27626,0,89,104.3604411081591,56.22562500000328,928.1155420000005,10740.32038659234
1776286977,200,GET,GET /v1/timeline/user/:id,98.100000,0.000000,88,100,120,130,150,160,170,190,260,260,260,11163,0,90,105.18551424213912,58.542500000001496,893.8289159999968,10883.571441368807
1776286977,200,POST,POST /v1/tweets,49.800000,0.000000,75,79,82,84,89,96,110,110,120,120,120,5484,0,76,78.99297509500374,55.75616699999841,271.6016250000024,214.5428519328957
1776286977,200,POST,POST /v1/tweets/:id/like,101.800000,0.000000,78,81,84,86,93,100,110,120,140,140,140,10706,0,78,81.77306656855968,56.55854200000476,374.950124999998,0.0
1776286977,200,,Aggregated,505.700000,0.000000,83,91,100,110,140,150,170,190,260,290,290,54979,0,84,97.59921729465833,55.75616699999841,928.1155420000005,7628.038923952782
1776286978,200,GET,GET /v1/timeline/home,254.000000,0.000000,88,100,120,130,150,160,180,210,260,290,290,27874,0,89,104.33209310823715,56.22562500000328,928.1155420000005,10740.295902992035
1776286978,200,GET,GET /v1/timeline/user/:id,98.200000,0.000000,89,110,120,130,150,160,170,190,260,260,260,11264,0,90,105.16736189968036,58.542500000001496,893.8289159999968,10883.30087002841
1776286978,200,POST,POST /v1/tweets,50.900000,0.000000,75,79,82,84,89,96,110,110,120,120,120,5534,0,76,78.98149320166257,55.75616699999841,271.6016250000024,214.54445247560534
1776286978,200,POST,POST /v1/tweets/:id/like,101.200000,0.000000,78,82,84,87,94,100,110,130,140,140,140,10809,0,78,81.78656425016189,56.55854200000476,374.950124999998,0.0
1776286978,200,,Aggregated,504.300000,0.000000,83,92,100,110,140,150,170,190,260,290,290,55481,0,84,97.58065795668828,55.75616699999841,928.1155420000005,7626.967754726844
1776286979,200,GET,GET /v1/timeline/home,255.000000,0.000000,87,100,120,130,150,160,170,190,250,260,260,28131,0,89,104.24835249834706,56.22562500000328,928.1155420000005,10740.301375706516
1776286979,200,GET,GET /v1/timeline/user/:id,98.700000,0.000000,89,100,120,130,150,160,170,180,230,230,230,11357,0,90,105.1134026175046,58.542500000001496,893.8289159999968,10882.989874086466
1776286979,200,POST,POST /v1/tweets,51.000000,0.000000,75,79,83,84,90,96,110,110,120,120,120,5591,0,76,78.95714828206052,55.75616699999841,271.6016250000024,214.54480414952602
1776286979,200,POST,POST /v1/tweets/:id/like,99.800000,0.000000,78,82,84,86,93,100,110,130,140,140,140,10919,0,78,81.75394920780292,56.55854200000476,374.950124999998,0.0
1776286979,200,,Aggregated,504.500000,0.000000,83,91,100,110,140,150,170,180,240,260,260,55998,0,84,97.5124844655707,55.75616699999841,928.1155420000005,7624.076824172292
1776286980,200,GET,GET /v1/timeline/home,252.800000,0.000000,87,100,120,130,150,160,180,200,270,310,310,28370,0,89,104.30731355900609,56.22562500000328,928.1155420000005,10740.280578075432
1776286980,200,GET,GET /v1/timeline/user/:id,100.500000,0.000000,89,110,120,130,150,160,170,200,290,290,290,11453,0,90,105.2387545533048,58.542500000001496,893.8289159999968,10882.803195669258
1776286980,200,POST,POST /v1/tweets,51.400000,0.000000,75,80,83,85,92,100,110,130,150,150,150,5632,0,76,79.04100916796881,55.75616699999841,271.6016250000024,214.544921875
1776286980,200,POST,POST /v1/tweets/:id/like,100.900000,0.000000,78,82,85,87,96,110,130,140,230,230,230,11023,0,78,81.84537611739097,56.55854200000476,374.950124999998,0.0
1776286980,200,,Aggregated,505.600000,0.000000,83,92,100,110,140,150,170,190,270,310,310,56478,0,84,97.59266415496339,55.75616699999841,928.1155420000005,7623.336909947236
1776286981,200,GET,GET /v1/timeline/home,253.200000,0.000000,89,110,120,130,150,160,180,200,270,310,310,28617,0,90,104.32040017154144,56.22562500000328,928.1155420000005,10740.293706538072
1776286981,200,GET,GET /v1/timeline/user/:id,101.000000,0.000000,90,110,120,130,150,160,180,200,290,290,290,11554,0,90,105.2314262902026,58.542500000001496,893.8289159999968,10882.636662627661
1776286981,200,POST,POST /v1/tweets,51.800000,0.000000,76,81,85,87,94,110,120,130,150,150,150,5690,0,76,79.11023717223206,55.75616699999841,271.6016250000024,214.54481546572936
1776286981,200,POST,POST /v1/tweets/:id/like,101.600000,0.000000,79,83,86,89,99,110,130,140,230,230,230,11130,0,78,81.91144284097038,56.55854200000476,374.950124999998,0.0
1776286981,200,,Aggregated,507.600000,0.000000,84,95,110,120,140,150,170,190,270,310,310,56991,0,84,97.61177026891988,55.75616699999841,928.1155420000005,7620.742380375848
1776286982,200,GET,GET /v1/timeline/home,252.100000,0.000000,91,110,120,130,150,170,210,230,310,320,320,28850,0,90,104.55510944072789,56.22562500000328,928.1155420000005,10740.277850953205
1776286982,200,GET,GET /v1/timeline/user/:id,100.700000,0.000000,92,110,130,130,150,170,200,230,320,320,320,11647,0,91,105.4532178049283,58.542500000001496,893.8289159999968,10882.531381471623
1776286982,200,POST,POST /v1/tweets,51.200000,0.000000,77,82,86,88,97,110,140,180,230,230,230,5737,0,76,79.2724563163675,55.75616699999841,271.6016250000024,214.5454070071466
1776286982,200,POST,POST /v1/tweets/:id/like,103.200000,0.000000,80,84,89,92,110,130,150,190,260,260,260,11221,0,78,82.15943809473312,56.55854200000476,374.950124999998,0.0
1776286982,200,,Aggregated,507.200000,0.000000,85,98,110,120,150,160,190,230,290,320,320,57455,0,84,97.83875505851577,55.75616699999841,928.1155420000005,7620.515290227134
1776286983,200,GET,GET /v1/timeline/home,249.700000,0.000000,92,110,120,130,150,170,210,240,310,320,320,29103,0,90,104.54406321891219,56.22562500000328,928.1155420000005,10740.291035288457
1776286983,200,GET,GET /v1/timeline/user/:id,100.600000,0.000000,93,110,130,130,150,170,200,230,320,320,320,11752,0,90,105.41018300638189,58.542500000001496,893.8289159999968,10881.963325391423
1776286983,200,POST,POST /v1/tweets,51.700000,0.000000,76,81,85,87,98,110,140,180,230,230,230,5782,0,76,79.26622646610174,55.75616699999841,271.6016250000024,214.5456589415427
1776286983,200,POST,POST /v1/tweets/:id/like,103.400000,0.000000,80,84,88,91,110,130,150,190,260,260,260,11325,0,78,82.14420977041944,56.55854200000476,374.950124999998,0.0
1776286983,200,,Aggregated,505.400000,0.000000,85,99,110,120,150,160,190,230,290,320,320,57962,0,84,97.82144921893675,55.75616699999841,928.1155420000005,7620.510437873089
1776286984,200,GET,GET /v1/timeline/home,245.700000,0.000000,92,110,120,130,150,170,210,240,310,320,320,29354,0,90,104.56479575168628,56.22562500000328,928.1155420000005,10740.300538257137
1776286984,200,GET,GET /v1/timeline/user/:id,101.300000,0.000000,94,110,130,140,160,170,210,230,320,320,320,11855,0,91,105.48980860953183,58.542500000001496,893.8289159999968,10881.69574019401
1776286984,200,POST,POST /v1/tweets,51.700000,0.000000,76,82,85,87,98,110,140,180,230,230,230,5822,0,76,79.28454088010996,55.75616699999841,271.6016250000024,214.5446581930608
1776286984,200,POST,POST /v1/tweets/:id/like,102.600000,0.000000,80,84,87,92,110,120,150,190,260,260,260,11437,0,78,82.14449739765669,56.55854200000476,374.950124999998,0.0
1776286984,200,,Aggregated,501.300000,0.000000,86,99,110,120,150,170,200,230,290,320,320,58468,0,84,97.84938614801295,55.75616699999841,928.1155420000005,7619.935075596908
1776286985,200,GET,GET /v1/timeline/home,248.100000,0.000000,94,110,130,130,160,170,210,240,310,320,320,29622,0,90,104.57489942137583,56.22562500000328,928.1155420000005,10740.297717912363
1776286985,200,GET,GET /v1/timeline/user/:id,102.000000,0.000000,95,120,130,140,160,180,210,230,320,320,320,11948,0,91,105.52285841613654,58.542500000001496,893.8289159999968,10881.587127552728
1776286985,200,POST,POST /v1/tweets,52.200000,0.000000,77,83,86,89,100,120,150,180,230,230,230,5860,0,76,79.29703773532424,55.75616699999841,271.6016250000024,214.54470989761091
1776286985,200,POST,POST /v1/tweets/:id/like,102.200000,0.000000,80,84,88,93,110,120,150,190,260,260,260,11520,0,78,82.14479552517363,56.55854200000476,374.950124999998,0.0
1776286985,200,,Aggregated,504.500000,0.000000,87,100,110,120,150,170,200,230,290,320,320,58950,0,84,97.87096638838038,55.75616699999841,928.1155420000005,7623.741034775233
1776286986,200,GET,GET /v1/timeline/home,247.000000,0.000000,96,110,130,140,160,180,220,240,310,320,320,29861,0,90,104.70513905214145,56.22562500000328,928.1155420000005,10740.306419744818
1776286986,200,GET,GET /v1/timeline/user/:id,102.900000,0.000000,98,120,140,140,160,180,220,240,320,320,320,12049,0,91,105.70533558328478,58.542500000001496,893.8289159999968,10881.290729521123
1776286986,200,POST,POST /v1/tweets,50.300000,0.000000,79,84,88,91,110,120,150,180,230,230,230,5913,0,76,79.42727314899372,55.75616699999841,271.6016250000024,214.54439370877728
1776286986,200,POST,POST /v1/tweets/:id/like,100.800000,0.000000,81,86,91,96,110,130,170,200,260,260,260,11602,0,78,82.24265763014996,56.55854200000476,374.950124999998,0.0
1776286986,200,,Aggregated,501.000000,0.000000,88,100,120,130,150,170,210,240,290,320,320,59425,0,84,98.00717754537702,55.75616699999841,928.1155420000005,7624.628742111906
1776286987,200,GET,GET /v1/timeline/home,247.300000,0.000000,96,110,130,140,160,180,220,240,310,320,320,30130,0,90,104.72320503730485,56.22562500000328,928.1155420000005,10740.308230999004
1776286987,200,GET,GET /v1/timeline/user/:id,101.200000,0.000000,100,120,140,150,170,190,230,240,320,320,320,12139,0,91,105.74566246428856,58.542500000001496,893.8289159999968,10881.093006013674
1776286987,200,POST,POST /v1/tweets,48.600000,0.000000,79,84,88,91,110,130,150,180,230,230,230,5969,0,76,79.41083078606128,55.75616699999841,271.6016250000024,214.54330708661416
1776286987,200,POST,POST /v1/tweets/:id/like,100.100000,0.000000,81,86,92,96,110,130,170,200,260,260,260,11698,0,78,82.2405919416994,56.55854200000476,374.950124999998,0.0
1776286987,200,,Aggregated,497.200000,0.000000,89,100,120,130,150,170,210,240,290,320,320,59936,0,84,98.02139712233115,55.75616699999841,928.1155420000005,7624.32734917245
1776286988,200,GET,GET /v1/timeline/home,247.900000,0.000000,96,110,130,140,160,180,220,240,310,320,320,30380,0,90,104.66237576451594,56.22562500000328,928.1155420000005,10740.301481237657
1776286988,200,GET,GET /v1/timeline/user/:id,101.000000,0.000000,98,120,140,140,170,190,230,240,320,320,320,12236,0,91,105.67092781791423,58.542500000001496,893.8289159999968,10880.95897352076
1776286988,200,POST,POST /v1/tweets,47.800000,0.000000,78,84,88,91,110,130,150,180,230,230,230,6020,0,76,79.387230960299,55.75616699999841,271.6016250000024,214.5433554817276
1776286988,200,POST,POST /v1/tweets/:id/like,98.200000,0.000000,80,86,91,96,110,130,160,200,260,260,260,11816,0,78,82.23189399526066,56.55854200000476,374.950124999998,0.0
1776286988,200,,Aggregated,494.900000,0.000000,89,100,120,130,150,170,210,240,290,320,320,60452,0,84,97.96525571254963,55.75616699999841,928.1155420000005,7621.275127373784
1776286989,200,GET,GET /v1/timeline/home,248.900000,0.000000,97,120,130,140,160,180,220,240,310,320,320,30643,0,90,104.63319289106795,56.22562500000328,928.1155420000005,10740.31008713246
1776286989,200,GET,GET /v1/timeline/user/:id,99.200000,0.000000,98,120,140,140,170,190,230,240,320,320,320,12342,0,91,105.62778536622895,58.542500000001496,893.8289159999968,10880.416950251174
1776286989,200,POST,POST /v1/tweets,47.900000,0.000000,78,83,87,91,110,120,150,180,230,230,230,6065,0,76,79.36863332085736,55.75616699999841,271.6016250000024,214.54476504534213
1776286989,200,POST,POST /v1/tweets/:id/like,98.800000,0.000000,81,86,92,96,110,130,170,200,260,260,260,11914,0,78,82.20444088752727,56.55854200000476,374.950124999998,0.0
1776286989,200,,Aggregated,494.800000,0.000000,89,100,120,130,150,180,210,240,290,320,320,60964,0,84,97.9379228163515,55.75616699999841,928.1155420000005,7622.5746670166
1776286990,200,GET,GET /v1/timeline/home,248.400000,0.000000,95,110,130,140,160,180,210,230,290,320,320,30922,0,90,104.5822201941658,56.22562500000328,928.1155420000005,10740.314339305349
1776286990,200,GET,GET /v1/timeline/user/:id,97.900000,0.000000,97,120,130,140,160,180,210,240,320,320,320,12437,0,91,105.62064675508549,58.542500000001496,893.8289159999968,10880.185334083782
1776286990,200,POST,POST /v1/tweets,48.100000,0.000000,78,83,86,89,100,120,150,180,230,230,230,6103,0,76,79.35867613763723,55.75616699999841,271.6016250000024,214.54399475667705
1776286990,200,POST,POST /v1/tweets/:id/like,99.000000,0.000000,80,85,88,93,110,120,150,200,260,260,260,12017,0,78,82.18399757551795,56.55854200000476,374.950124999998,0.0
1776286990,200,,Aggregated,493.400000,0.000000,88,100,120,130,150,170,210,230,280,320,320,61479,0,84,97.91028637209534,55.75616699999841,928.1155420000005,7624.363229720718
1776286991,200,GET,GET /v1/timeline/home,248.700000,0.000000,93,110,130,140,160,170,210,230,280,320,320,31179,0,90,104.56806648465287,56.22562500000328,928.1155420000005,10740.313351935598
1776286991,200,GET,GET /v1/timeline/user/:id,98.800000,0.000000,96,120,130,140,160,180,220,240,260,260,260,12540,0,91,105.62048576427426,58.542500000001496,893.8289159999968,10879.859728867623
1776286991,200,POST,POST /v1/tweets,47.200000,0.000000,77,82,85,88,100,120,150,170,230,230,230,6152,0,76,79.40057767213916,55.75616699999841,271.6016250000024,214.5437256176853
1776286991,200,POST,POST /v1/tweets/:id/like,99.700000,0.000000,79,84,88,91,100,120,140,190,260,260,260,12134,0,78,82.19666426199106,56.55854200000476,374.950124999998,0.0
1776286991,200,,Aggregated,494.400000,0.000000,87,100,110,120,150,170,200,220,270,320,320,62005,0,84,97.90589975652058,55.75616699999841,928.1155420000005,7622.377937263124
1776286992,200,GET,GET /v1/timeline/home,252.300000,0.000000,91,110,120,130,150,170,190,210,250,280,280,31428,0,90,104.46212732063734,56.22562500000328,928.1155420000005,10740.304728267787
1776286992,200,GET,GET /v1/timeline/user/:id,98.100000,0.000000,94,110,130,140,160,170,200,220,260,260,260,12633,0,91,105.56278624016454,58.542500000001496,893.8289159999968,10879.901448587034
1776286992,200,POST,POST /v1/tweets,47.900000,0.000000,77,80,84,86,97,110,130,140,170,170,170,6207,0,76,79.36356565281135,55.75616699999841,271.6016250000024,214.54470758820688
1776286992,200,POST,POST /v1/tweets/:id/like,98.600000,0.000000,79,83,87,89,100,110,130,140,210,210,210,12245,0,78,82.17141228354426,56.55854200000476,374.950124999998,0.0
1776286992,200,,Aggregated,496.900000,0.000000,85,97,110,120,140,160,180,210,250,280,280,62513,0,84,97.82619633394742,55.75616699999841,928.1155420000005,7619.59546014429
1776286993,200,GET,GET /v1/timeline/home,253.900000,0.000000,89,110,120,130,150,160,190,210,250,280,280,31694,0,90,104.34439650192434,56.22562500000328,928.1155420000005,10740.306240928883
1776286993,200,GET,GET /v1/timeline/user/:id,97.500000,0.000000,92,110,120,130,150,170,190,220,260,260,260,12721,0,91,105.44368882422755,58.542500000001496,893.8289159999968,10879.775961009354
1776286993,200,POST,POST /v1/tweets,46.800000,0.000000,76,80,83,86,96,110,130,140,170,170,170,6264,0,76,79.32348511494251,55.75616699999841,271.6016250000024,214.54501915708812
1776286993,200,POST,POST /v1/tweets/:id/like,98.200000,0.000000,78,83,87,89,99,110,130,140,320,320,320,12369,0,78,82.15144547133956,56.55854200000476,374.950124999998,0.0
1776286993,200,,Aggregated,496.400000,0.000000,85,95,110,120,140,160,180,210,250,320,320,63048,0,84,97.7263990619854,55.75616699999841,928.1155420000005,7615.607251617815
1776286994,200,GET,GET /v1/timeline/home,257.700000,0.000000,89,100,120,130,150,160,180,210,260,280,280,31949,0,90,104.27506793176592,56.22562500000328,928.1155420000005,10740.310901749663
1776286994,200,GET,GET /v1/timeline/user/:id,98.400000,0.000000,91,110,120,130,150,160,190,220,260,260,260,12824,0,91,105.37191360846838,58.542500000001496,893.8289159999968,10879.57735495945
1776286994,200,POST,POST /v1/tweets,47.100000,0.000000,76,79,83,85,94,110,130,140,170,170,170,6309,0,76,79.3020221859248,55.75616699999841,271.6016250000024,214.5443017910921
1776286994,200,POST,POST /v1/tweets/:id/like,101.100000,0.000000,78,82,86,88,98,110,130,140,320,320,320,12469,0,78,82.13092229994373,56.55854200000476,374.950124999998,0.0
1776286994,200,,Aggregated,504.300000,0.000000,84,94,110,120,140,160,180,210,260,320,320,63551,0,84,97.6724283425287,55.75616699999841,928.1155420000005,7616.173671539394
1776286995,200,GET,GET /v1/timeline/home,256.200000,0.000000,88,100,120,130,150,160,190,220,260,280,280,32200,0,90,104.38149591437852,56.22562500000328,928.1155420000005,10740.309844720497
1776286995,200,GET,GET /v1/timeline/user/:id,97.500000,0.000000,90,100,120,130,150,160,190,220,270,270,270,12934,0,91,105.41055338595939,58.542500000001496,893.8289159999968,10879.33207051183
1776286995,200,POST,POST /v1/tweets,47.600000,0.000000,76,78,82,84,91,99,110,120,140,140,140,6360,0,76,79.29847632578611,55.75616699999841,271.6016250000024,214.5441823899371
1776286995,200,POST,POST /v1/tweets/:id/like,102.300000,0.000000,78,82,85,87,95,110,120,130,150,320,320,12556,0,78,82.12018586627897,56.55854200000476,374.950124999998,0.0
1776286995,200,,Aggregated,503.600000,0.000000,83,92,100,110,140,150,170,210,260,320,320,64050,0,84,97.73463901804905,55.75616699999841,928.1155420000005,7617.732380952381
1776286996,200,GET,GET /v1/timeline/home,257.800000,0.000000,88,100,120,130,150,160,190,220,260,280,280,32443,0,90,104.41904463267849,56.22562500000328,928.1155420000005,10740.311191936627
1776286996,200,GET,GET /v1/timeline/user/:id,96.000000,0.000000,90,100,120,130,150,160,190,210,270,270,270,13039,0,91,105.42940402484841,58.542500000001496,893.8289159999968,10879.079377252856
1776286996,200,POST,POST /v1/tweets,48.800000,0.000000,76,79,82,85,91,100,120,130,140,140,140,6409,0,76,79.36631410516456,55.75616699999841,271.6016250000024,214.54485879232328
1776286996,200,POST,POST /v1/tweets/:id/like,104.200000,0.000000,78,82,86,88,99,110,130,140,160,320,320,12657,0,78,82.24710498056402,56.55854200000476,374.950124999998,0.0
1776286996,200,,Aggregated,506.800000,0.000000,84,94,110,110,140,150,170,210,260,320,320,64548,0,84,97.7880240896238,55.75616699999841,928.1155420000005,7617.203476482618
1776286997,200,GET,GET /v1/timeline/home,256.000000,0.000000,89,110,120,130,150,160,190,220,260,270,270,32703,0,90,104.46165035654182,56.22562500000328,928.1155420000005,10740.307005473504
1776286997,200,GET,GET /v1/timeline/user/:id,98.000000,0.000000,92,110,120,130,150,160,180,210,270,270,270,13143,0,91,105.46385121646487,58.542500000001496,893.8289159999968,10878.707981434984
1776286997,200,POST,POST /v1/tweets,49.900000,0.000000,76,81,84,88,98,110,140,140,160,160,160,6463,0,76,79.47419990932998,55.75616699999841,271.6016250000024,214.5440198050441
1776286997,200,POST,POST /v1/tweets/:id/like,102.300000,0.000000,79,83,87,90,100,120,140,150,320,320,320,12734,0,78,82.31686220857537,56.55854200000476,374.950124999998,0.0
1776286997,200,,Aggregated,506.200000,0.000000,84,95,110,120,140,150,170,210,260,320,320,65043,0,84,97.84581623735133,55.75616699999841,928.1155420000005,7619.662638562182
1776286998,200,GET,GET /v1/timeline/home,257.400000,0.000000,89,110,120,130,150,160,190,220,260,270,270,32946,0,90,104.450742891762,56.22562500000328,928.1155420000005,10740.31199538639
1776286998,200,GET,GET /v1/timeline/user/:id,97.400000,0.000000,91,110,120,130,150,160,180,210,270,270,270,13255,0,91,105.4402347697471,58.542500000001496,893.8289159999968,10878.771180686534
1776286998,200,POST,POST /v1/tweets,49.300000,0.000000,77,81,85,88,99,120,140,140,160,160,160,6516,0,76,79.4985695618477,55.75616699999841,271.6016250000024,214.54465930018415
1776286998,200,POST,POST /v1/tweets/:id/like,105.200000,0.000000,79,84,88,90,100,120,140,150,320,320,320,12825,0,78,82.32447383625716,56.55854200000476,374.950124999998,0.0
1776286998,200,,Aggregated,509.300000,0.000000,85,96,110,120,140,150,170,210,260,320,320,65542,0,84,97.84059905709373,55.75616699999841,928.1155420000005,7620.249671966068
1776286999,200,GET,GET /v1/timeline/home,256.700000,0.000000,89,110,120,130,150,160,190,220,260,270,270,33197,0,90,104.44686223981043,56.22562500000328,928.1155420000005,10740.297466638553
1776286999,200,GET,GET /v1/timeline/user/:id,99.400000,0.000000,92,110,120,130,150,160,180,210,270,270,270,13352,0,91,105.46380509122214,58.542500000001496,893.8289159999968,10878.437387657279
1776286999,200,POST,POST /v1/tweets,49.900000,0.000000,77,82,87,90,110,120,140,140,170,170,170,6565,0,76,79.57121268926115,55.75616699999841,271.6016250000024,214.54440213252096
1776286999,200,POST,POST /v1/tweets/:id/like,104.100000,0.000000,79,84,88,92,110,130,140,150,320,320,320,12926,0,78,82.38644082933605,56.55854200000476,374.950124999998,0.0
1776286999,200,,Aggregated,510.100000,0.000000,85,96,110,120,140,160,170,200,260,320,320,66040,0,84,97.8617104303157,55.75616699999841,928.1155420000005,7619.670427013931
1776287000,200,GET,GET /v1/timeline/home,255.700000,0.000000,89,110,120,130,150,170,190,220,260,270,270,33446,0,90,104.36774932628683,56.22562500000328,928.1155420000005,10740.29055791425
1776287000,200,GET,GET /v1/timeline/user/:id,100.100000,0.000000,91,110,120,130,150,160,180,210,270,270,270,13460,0,91,105.37710894286762,58.542500000001496,893.8289159999968,10878.271842496286
1776287000,200,POST,POST /v1/tweets,49.300000,0.000000,77,82,86,89,100,120,140,140,170,170,170,6615,0,76,79.5548565591836,55.75616699999841,271.6016250000024,214.54391534391533
1776287000,200,POST,POST /v1/tweets/:id/like,102.300000,0.000000,79,84,88,92,110,130,140,150,320,320,320,13029,0,78,82.34431193798437,56.55854200000476,374.950124999998,0.0
1776287000,200,,Aggregated,507.400000,0.000000,85,96,110,120,140,160,170,210,260,320,320,66550,0,84,97.79382489432061,55.75616699999841,928.1155420000005,7619.241247182569
1776287001,200,GET,GET /v1/timeline/home,255.500000,0.000000,89,110,120,130,150,170,190,220,260,270,270,33698,0,90,104.3766115340077,56.22562500000328,928.1155420000005,10740.286871624428
1776287001,200,GET,GET /v1/timeline/user/:id,100.000000,0.000000,91,110,120,130,150,160,180,210,270,270,270,13555,0,91,105.38258689885625,58.542500000001496,893.8289159999968,10877.977941718922
1776287001,200,POST,POST /v1/tweets,50.500000,0.000000,77,83,86,90,110,120,140,150,170,170,170,6668,0,76,79.61445840386916,55.75616699999841,271.6016250000024,214.54319136172765
1776287001,200,POST,POST /v1/tweets/:id/like,101.200000,0.000000,79,84,88,92,110,130,150,160,320,320,320,13126,0,78,82.4228462300776,56.55854200000476,374.950124999998,0.0
1776287001,200,,Aggregated,507.200000,0.000000,85,97,110,120,140,160,170,210,260,320,320,67047,0,84,97.81937311348821,55.75616699999841,928.1155420000005,7618.6518710755145
1776287002,200,GET,GET /v1/timeline/home,251.000000,0.000000,89,110,120,130,150,170,190,220,260,270,270,33933,0,90,104.31058476058685,56.22562500000328,928.1155420000005,10740.279197241623
1776287002,200,GET,GET /v1/timeline/user/:id,100.600000,0.000000,91,100,120,130,150,160,180,210,270,270,270,13676,0,91,105.27338924020161,58.542500000001496,893.8289159999968,10877.688432290144
1776287002,200,POST,POST /v1/tweets,50.400000,0.000000,78,83,87,90,110,120,140,150,170,170,170,6723,0,76,79.59506331607908,55.75616699999841,271.6016250000024,214.54291239030195
1776287002,200,POST,POST /v1/tweets/:id/like,101.200000,0.000000,79,84,89,92,110,130,150,160,320,320,320,13218,0,78,82.3932498865182,56.55854200000476,374.950124999998,0.0
1776287002,200,,Aggregated,503.200000,0.000000,85,97,110,120,140,160,170,210,260,320,320,67550,0,84,97.7569434730428,55.75616699999841,928.1155420000005,7618.882797927461
1776287003,200,GET,GET /v1/timeline/home,250.500000,0.000000,91,110,120,130,150,170,190,220,260,270,270,34189,0,90,104.27830458422288,56.22562500000328,928.1155420000005,10740.277896399426
1776287003,200,GET,GET /v1/timeline/user/:id,102.800000,0.000000,92,110,120,130,150,160,180,210,240,270,270,13785,0,91,105.20450247551666,58.542500000001496,893.8289159999968,10877.544214726151
1776287003,200,POST,POST /v1/tweets,51.500000,0.000000,78,83,87,91,110,130,140,150,170,170,170,6771,0,76,79.60174936109878,55.75616699999841,271.6016250000024,214.54260818195243
1776287003,200,POST,POST /v1/tweets/:id/like,100.200000,0.000000,79,85,90,93,110,140,150,160,180,180,180,13309,0,78,82.38712565436913,56.55854200000476,374.950124999998,0.0
1776287003,200,,Aggregated,505.000000,0.000000,86,98,110,120,140,160,180,210,260,270,270,68054,0,84,97.72957831006322,55.75616699999841,928.1155420000005,7620.404032092162
1776287004,200,GET,GET /v1/timeline/home,249.800000,0.000000,91,110,120,130,150,160,180,210,260,260,260,34432,0,90,104.20419734264627,56.22562500000328,928.1155420000005,10740.262575511153
1776287004,200,GET,GET /v1/timeline/user/:id,103.000000,0.000000,91,100,120,130,150,160,180,200,270,270,270,13879,0,91,105.13335153807893,58.542500000001496,893.8289159999968,10877.508105771309
1776287004,200,POST,POST /v1/tweets,51.100000,0.000000,78,83,87,90,110,130,140,150,170,170,170,6824,0,76,79.56044321644191,55.75616699999841,271.6016250000024,214.5414712778429
1776287004,200,POST,POST /v1/tweets/:id/like,97.500000,0.000000,79,85,90,94,110,140,150,160,180,180,180,13420,0,78,82.39744428718322,56.55854200000476,374.950124999998,0.0
1776287004,200,,Aggregated,501.400000,0.000000,86,98,110,120,140,160,170,190,260,270,270,68555,0,84,97.67046715399361,55.75616699999841,928.1155420000005,7617.849711910145
1776287005,200,GET,GET /v1/timeline/home,248.100000,0.000000,90,110,120,130,150,160,170,180,230,240,240,34696,0,90,104.19658308692624,56.22562500000328,928.1155420000005,10740.263056260088
1776287005,200,GET,GET /v1/timeline/user/:id,105.600000,0.000000,91,100,120,130,150,160,180,180,230,240,240,13986,0,91,105.14391238252517,58.542500000001496,893.8289159999968,10877.204132704133
1776287005,200,POST,POST /v1/tweets,51.100000,0.000000,77,83,87,90,110,130,140,150,170,170,170,6872,0,76,79.57729506300919,55.75616699999841,271.6016250000024,214.54103608847498
1776287005,200,POST,POST /v1/tweets/:id/like,95.100000,0.000000,79,85,90,93,110,130,150,160,180,180,180,13504,0,78,82.40192801518057,56.55854200000476,374.950124999998,0.0
1776287005,200,,Aggregated,499.900000,0.000000,86,97,110,120,140,150,170,180,230,240,240,69058,0,84,97.67670962026175,55.75616699999841,928.1155420000005,7620.3636074024735
1776287006,200,GET,GET /v1/timeline/home,248.200000,0.000000,90,110,120,130,150,160,180,200,260,330,330,34945,0,90,104.26951669626538,56.22562500000328,928.1155420000005,10740.257776505938
1776287006,200,GET,GET /v1/timeline/user/:id,106.300000,0.000000,91,100,120,130,150,160,180,220,260,260,260,14087,0,91,105.21662449762171,58.542500000001496,893.8289159999968,10877.267480655924
1776287006,200,POST,POST /v1/tweets,50.800000,0.000000,77,82,86,89,100,120,130,140,170,170,170,6911,0,76,79.57194764520321,55.75616699999841,271.6016250000024,214.54044277239183
1776287006,200,POST,POST /v1/tweets/:id/like,93.500000,0.000000,78,83,88,91,110,120,150,160,180,180,180,13606,0,78,82.39048028766706,56.55854200000476,374.950124999998,0.0
1776287006,200,,Aggregated,498.800000,0.000000,86,96,110,120,140,160,170,190,250,330,330,69549,0,84,97.72694726335452,55.75616699999841,928.1155420000005,7620.9444276697
1776287007,200,GET,GET /v1/timeline/home,248.600000,0.000000,89,110,120,130,150,160,190,220,260,330,330,35191,0,90,104.28625157460692,56.22562500000328,928.1155420000005,10740.256429200648
1776287007,200,GET,GET /v1/timeline/user/:id,105.800000,0.000000,89,100,120,130,150,160,190,220,260,260,260,14176,0,91,105.20639583697779,58.542500000001496,893.8289159999968,10876.818425507901
1776287007,200,POST,POST /v1/tweets,51.000000,0.000000,77,81,85,87,97,110,130,140,170,170,170,6958,0,76,79.56097358695018,55.75616699999841,271.6016250000024,214.54052888761137
1776287007,200,POST,POST /v1/tweets/:id/like,94.600000,0.000000,78,82,87,89,100,120,140,160,180,180,180,13721,0,78,82.36821515122794,56.55854200000476,374.950124999998,0.0
1776287007,200,,Aggregated,500.000000,0.000000,84,94,110,120,140,160,180,200,260,330,330,70046,0,84,97.7229660630877,55.75616699999841,928.1155420000005,7618.463795220284
1776287008,200,GET,GET /v1/timeline/home,249.000000,0.000000,90,110,120,130,150,160,200,220,260,330,330,35454,0,90,104.29640098634822,56.22562500000328,928.1155420000005,10740.247955096745
1776287008,200,GET,GET /v1/timeline/user/:id,105.000000,0.000000,90,100,120,130,150,160,200,220,260,260,260,14275,0,91,105.22312498325729,58.542500000001496,893.8289159999968,10876.730227670752
1776287008,200,POST,POST /v1/tweets,50.600000,0.000000,77,81,85,87,98,110,130,140,170,170,170,7004,0,76,79.59094988135344,55.75616699999841,271.6016250000024,214.53983438035408
1776287008,200,POST,POST /v1/tweets/:id/like,93.300000,0.000000,78,82,86,90,100,120,140,160,180,180,180,13813,0,78,82.37066341193069,56.55854200000476,374.950124999998,0.0
1776287008,200,,Aggregated,497.900000,0.000000,85,95,110,120,140,160,180,210,260,330,330,70546,0,84,97.73801060845446,55.75616699999841,928.1155420000005,7619.889320443399
1776287009,200,GET,GET /v1/timeline/home,248.100000,0.000000,90,110,120,130,150,160,200,220,260,330,330,35714,0,90,104.242485790698,56.22562500000328,928.1155420000005,10740.232065856528
1776287009,200,GET,GET /v1/timeline/user/:id,103.600000,0.000000,90,110,120,130,150,160,200,220,260,260,260,14377,0,91,105.21931374250524,58.542500000001496,893.8289159999968,10876.297628156082
1776287009,200,POST,POST /v1/tweets,49.600000,0.000000,76,80,83,86,96,110,130,130,170,170,170,7056,0,76,79.5601474112811,55.75616699999841,271.6016250000024,214.53996598639455
1776287009,200,POST,POST /v1/tweets/:id/like,96.200000,0.000000,78,82,86,89,99,110,130,160,180,180,180,13907,0,78,82.34207585812894,56.55854200000476,374.950124999998,0.0
1776287009,200,,Aggregated,497.500000,0.000000,84,95,110,120,140,160,180,210,260,330,330,71054,0,84,97.70261857598473,55.75616699999841,928.1155420000005,7620.386931066513
1776287010,200,GET,GET /v1/timeline/home,249.600000,0.000000,90,110,120,130,150,160,200,220,260,330,330,35974,0,90,104.2200399369263,56.22562500000328,928.1155420000005,10740.217935175404
1776287010,200,GET,GET /v1/timeline/user/:id,102.200000,0.000000,91,110,120,130,150,170,200,220,260,260,260,14473,0,91,105.2533908888273,58.542500000001496,893.8289159999968,10876.48034270711
1776287010,200,POST,POST /v1/tweets,49.200000,0.000000,76,81,84,86,97,110,130,130,170,170,170,7113,0,76,79.58050141248404,55.75616699999841,271.6016250000024,214.54041895121608
1776287010,200,POST,POST /v1/tweets/:id/like,99.000000,0.000000,78,82,86,90,100,120,130,160,180,180,180,14007,0,78,82.36146729899332,56.55854200000476,374.950124999998,0.0
1776287010,200,,Aggregated,500.000000,0.000000,85,96,110,120,140,160,180,210,260,330,330,71567,0,84,97.70197468147347,55.75616699999841,928.1155420000005,7619.572233012422
1776287011,200,GET,GET /v1/timeline/home,249.000000,0.000000,90,110,120,130,150,170,200,230,270,330,330,36221,0,90,104.2572386089282,56.22562500000328,928.1155420000005,10740.20670329367
1776287011,200,GET,GET /v1/timeline/user/:id,102.200000,0.000000,91,110,120,130,150,170,210,220,260,260,260,14573,0,91,105.24018071145251,58.542500000001496,893.8289159999968,10876.12070266932
1776287011,200,POST,POST /v1/tweets,48.800000,0.000000,77,80,84,86,96,110,120,130,150,150,150,7160,0,76,79.58231922164795,55.75616699999841,271.6016250000024,214.53938547486032
1776287011,200,POST,POST /v1/tweets/:id/like,98.200000,0.000000,78,82,86,89,98,110,120,130,160,160,160,14111,0,78,82.33869812564659,56.55854200000476,374.950124999998,0.0
1776287011,200,,Aggregated,498.200000,0.000000,84,95,110,120,140,160,190,220,260,330,330,72065,0,84,97.71258402886308,55.75616699999841,928.1155420000005,7618.88345243877
1776287012,200,GET,GET /v1/timeline/home,252.200000,0.000000,91,110,120,130,150,170,220,240,280,330,330,36481,0,90,104.31052872796764,56.22562500000328,928.1155420000005,10740.189386255859
1776287012,200,GET,GET /v1/timeline/user/:id,102.400000,0.000000,92,110,130,130,150,170,210,220,260,260,260,14677,0,91,105.23438120365184,58.542500000001496,893.8289159999968,10875.818287115895
1776287012,200,POST,POST /v1/tweets,49.100000,0.000000,77,81,84,86,96,110,120,130,150,150,150,7209,0,76,79.56998682230538,55.75616699999841,271.6016250000024,214.5391871272021
1776287012,200,POST,POST /v1/tweets/:id/like,96.900000,0.000000,78,82,86,89,99,110,120,130,160,160,160,14197,0,78,82.3134062719588,56.55854200000476,374.950124999998,0.0
1776287012,200,,Aggregated,500.600000,0.000000,85,97,110,120,140,160,200,230,260,330,330,72564,0,84,97.73580391510973,55.75616699999841,928.1155420000005,7620.636224574169
1776287013,200,GET,GET /v1/timeline/home,253.500000,0.000000,92,110,120,130,160,170,220,240,280,330,330,36732,0,90,104.31388060854262,56.22562500000328,928.1155420000005,10740.189181095502
1776287013,200,GET,GET /v1/timeline/user/:id,100.900000,0.000000,92,110,130,140,150,170,210,220,260,260,260,14773,0,91,105.22495426413028,58.542500000001496,893.8289159999968,10875.707506938334
1776287013,200,POST,POST /v1/tweets,48.100000,0.000000,77,81,85,87,98,110,120,120,130,130,130,7272,0,76,79.60628060891081,55.75616699999841,271.6016250000024,214.53905390539055
1776287013,200,POST,POST /v1/tweets/:id/like,97.500000,0.000000,78,82,86,89,99,110,120,120,140,140,140,14297,0,78,82.31723197586896,56.55854200000476,374.950124999998,0.0
1776287013,200,,Aggregated,500.000000,0.000000,85,98,110,120,150,160,200,230,260,330,330,73074,0,84,97.7356111613437,55.75616699999841,928.1155420000005,7618.791690614993
1776287014,200,GET,GET /v1/timeline/home,251.700000,0.000000,92,110,130,130,160,170,220,240,280,330,330,36982,0,90,104.29905497528479,56.22562500000328,928.1155420000005,10740.176139743658
1776287014,200,GET,GET /v1/timeline/user/:id,101.000000,0.000000,92,110,130,140,150,170,210,220,260,260,260,14869,0,91,105.19072356681663,58.542500000001496,893.8289159999968,10875.354966709261
1776287014,200,POST,POST /v1/tweets,48.800000,0.000000,77,81,85,87,98,110,120,120,130,130,130,7325,0,76,79.59241251494873,55.75616699999841,271.6016250000024,214.539795221843
1776287014,200,POST,POST /v1/tweets/:id/like,98.000000,0.000000,78,82,85,88,98,110,120,120,140,140,140,14405,0,78,82.29390607268304,56.55854200000476,374.950124999998,0.0
1776287014,200,,Aggregated,499.500000,0.000000,85,98,110,120,150,160,200,230,260,330,330,73581,0,84,97.71172800668693,55.75616699999841,928.1155420000005,7617.052649461138
1776287015,200,GET,GET /v1/timeline/home,255.100000,0.000000,90,110,120,130,160,180,220,230,280,330,330,37233,0,90,104.27987503136953,56.22562500000328,928.1155420000005,10740.182660543067
1776287015,200,GET,GET /v1/timeline/user/:id,98.100000,0.000000,91,110,130,140,150,170,210,220,250,250,250,14957,0,91,105.21068665240331,58.542500000001496,893.8289159999968,10875.135989837534
1776287015,200,POST,POST /v1/tweets,48.600000,0.000000,77,81,84,86,97,100,110,120,130,130,130,7380,0,76,79.57783201300808,55.75616699999841,271.6016250000024,214.54065040650406
1776287015,200,POST,POST /v1/tweets/:id/like,97.300000,0.000000,78,82,85,87,98,100,110,120,140,140,140,14504,0,78,82.28635240133755,56.55854200000476,374.950124999998,0.0
1776287015,200,,Aggregated,499.100000,0.000000,84,96,110,120,150,160,200,230,260,330,330,74074,0,84,97.70033321797166,55.75616699999841,928.1155420000005,7615.788805788806
1776287016,200,GET,GET /v1/timeline/home,253.000000,0.000000,91,110,120,130,160,170,220,230,270,280,280,37483,0,90,104.3361955643354,56.22562500000328,928.1155420000005,10740.175679641437
1776287016,200,GET,GET /v1/timeline/user/:id,98.500000,0.000000,92,110,130,140,150,170,210,220,260,260,260,15063,0,91,105.27222666255037,58.542500000001496,893.8289159999968,10874.817898161056
1776287016,200,POST,POST /v1/tweets,49.200000,0.000000,77,81,84,86,98,100,110,120,130,130,130,7418,0,76,79.57411053761115,55.75616699999841,271.6016250000024,214.5412510110542
1776287016,200,POST,POST /v1/tweets/:id/like,99.000000,0.000000,79,83,86,88,99,110,120,120,150,150,150,14614,0,78,82.30681576878327,56.55854200000476,374.950124999998,0.0
1776287016,200,,Aggregated,499.700000,0.000000,85,97,110,120,150,160,200,220,260,280,280,74578,0,84,97.74547086498754,55.75616699999841,928.1155420000005,7615.823084555767
1776287017,200,GET,GET /v1/timeline/home,254.300000,0.000000,91,110,120,130,160,170,210,230,270,280,280,37756,0,90,104.31326934346819,56.22562500000328,928.1155420000005,10740.178064413603
1776287017,200,GET,GET /v1/timeline/user/:id,95.600000,0.000000,92,110,130,140,150,170,210,220,260,260,260,15162,0,91,105.24807887673103,58.542500000001496,893.8289159999968,10874.494130061998
1776287017,200,POST,POST /v1/tweets,50.100000,0.000000,77,81,84,86,97,100,110,120,130,130,130,7464,0,76,79.5436265030814,55.75616699999841,271.6016250000024,214.54019292604502
1776287017,200,POST,POST /v1/tweets/:id/like,99.600000,0.000000,78,82,85,88,99,110,110,120,150,150,150,14707,0,78,82.28322274937088,56.55854200000476,374.950124999998,0.0
1776287017,200,,Aggregated,499.600000,0.000000,85,97,110,120,150,160,200,220,260,280,280,75089,0,84,97.72504833537592,55.75616699999841,928.1155420000005,7617.448241420181
1776287018,200,GET,GET /v1/timeline/home,253.800000,0.000000,89,110,120,130,150,170,210,230,270,280,280,38004,0,90,104.24720280183625,56.22562500000328,928.1155420000005,10740.188822229238
1776287018,200,GET,GET /v1/timeline/user/:id,96.000000,0.000000,91,110,120,130,150,170,200,210,260,260,260,15264,0,91,105.17912000032726,58.542500000001496,893.8289159999968,10874.28642557652
1776287018,200,POST,POST /v1/tweets,50.200000,0.000000,76,80,83,85,95,100,110,120,130,130,130,7518,0,76,79.50354651183817,55.75616699999841,271.6016250000024,214.54043628624635
1776287018,200,POST,POST /v1/tweets/:id/like,100.600000,0.000000,78,82,85,87,97,100,110,120,150,150,150,14821,0,78,82.24613451211101,56.55854200000476,374.950124999998,0.0
1776287018,200,,Aggregated,500.600000,0.000000,84,94,110,120,140,160,190,220,260,280,280,75607,0,84,97.66215304463925,55.75616699999841,928.1155420000005,7615.275821021863
1776287019,200,GET,GET /v1/timeline/home,253.000000,0.000000,89,110,120,130,150,170,210,230,270,280,280,38236,0,90,104.14585540869824,56.22562500000328,928.1155420000005,10740.186447327127
1776287019,200,GET,GET /v1/timeline/user/:id,97.200000,0.000000,89,100,120,130,150,160,190,210,260,260,260,15377,0,91,105.05595137634096,58.542500000001496,893.8289159999968,10874.162515445145
1776287019,200,POST,POST /v1/tweets,50.900000,0.000000,76,79,82,84,93,99,110,120,130,130,130,7567,0,76,79.4740726027487,55.75616699999841,271.6016250000024,214.53957975419584
1776287019,200,POST,POST /v1/tweets/:id/like,99.800000,0.000000,78,82,85,86,95,100,110,120,150,150,150,14933,0,78,82.22844107982297,56.55854200000476,374.950124999998,0.0
1776287019,200,,Aggregated,500.900000,0.000000,83,93,100,110,140,160,190,220,260,280,280,76113,0,84,97.57681223642534,55.75616699999841,928.1155420000005,7613.642702297899
1776287020,200,GET,GET /v1/timeline/home,254.300000,0.000000,88,100,120,130,150,160,200,230,270,280,280,38477,0,90,104.07927741739184,56.22562500000328,928.1155420000005,10740.189541804195
1776287020,200,GET,GET /v1/timeline/user/:id,97.800000,0.000000,88,100,120,130,150,160,190,210,260,260,260,15495,0,91,104.98591704149692,58.542500000001496,893.8289159999968,10873.797095837366
1776287020,200,POST,POST /v1/tweets,50.700000,0.000000,75,79,82,84,92,99,110,120,130,130,130,7617,0,76,79.45740358316915,55.75616699999841,271.6016250000024,214.54010765393198
1776287020,200,POST,POST /v1/tweets/:id/like,98.100000,0.000000,77,82,84,86,94,100,110,120,150,150,150,15036,0,78,82.19439887483345,56.55854200000476,374.950124999998,0.0
1776287020,200,,Aggregated,500.900000,0.000000,83,92,100,110,140,160,180,210,260,280,280,76625,0,84,97.52061554743271,55.75616699999841,928.1155420000005,7613.362623164763
1776287021,200,GET,GET /v1/timeline/home,253.300000,0.000000,88,100,120,130,150,160,200,230,260,280,280,38729,0,90,104.04702532185146,56.22562500000328,928.1155420000005,10740.18216323685
1776287021,200,GET,GET /v1/timeline/user/:id,98.900000,0.000000,89,100,120,130,150,160,190,210,260,260,260,15601,0,91,105.0051964365102,58.542500000001496,893.8289159999968,10873.743285686814
1776287021,200,POST,POST /v1/tweets,50.500000,0.000000,76,79,82,84,92,99,100,110,130,130,130,7681,0,76,79.45697884429097,55.75616699999841,271.6016250000024,214.54081499804713
1776287021,200,POST,POST /v1/tweets/:id/like,100.700000,0.000000,77,81,84,86,94,100,110,120,150,150,150,15131,0,78,82.17270809853915,56.55854200000476,374.950124999998,0.0
1776287021,200,,Aggregated,503.400000,0.000000,83,92,100,110,140,160,180,210,260,280,280,77142,0,84,97.50184872103436,55.75616699999841,928.1155420000005,7612.528479946073
1776287022,200,GET,GET /v1/timeline/home,249.500000,0.000000,87,100,120,130,150,160,190,210,250,260,260,38997,0,90,104.03910381106203,56.22562500000328,928.1155420000005,10740.174526245608
1776287022,200,GET,GET /v1/timeline/user/:id,99.800000,0.000000,89,100,120,130,150,160,190,210,260,260,260,15696,0,91,104.99933635563173,58.542500000001496,893.8289159999968,10873.468144750255
1776287022,200,POST,POST /v1/tweets,50.600000,0.000000,76,79,82,84,92,98,100,110,130,130,130,7728,0,76,79.4501286661489,55.75616699999841,271.6016250000024,214.54089026915113
1776287022,200,POST,POST /v1/tweets/:id/like,103.400000,0.000000,78,82,85,86,96,100,110,120,150,150,150,15236,0,78,82.1873376260827,56.55854200000476,374.950124999998,0.0
1776287022,200,,Aggregated,503.300000,0.000000,82,91,100,110,140,150,180,200,250,260,260,77657,0,84,97.49899410434386,55.75616699999841,928.1155420000005,7612.481991320808
1776287023,200,GET,GET /v1/timeline/home,247.800000,0.000000,87,100,120,130,150,160,190,210,250,260,260,39266,0,90,104.03942699037297,56.22562500000328,928.1155420000005,10740.16882290022
1776287023,200,GET,GET /v1/timeline/user/:id,101.400000,0.000000,89,110,120,130,150,170,190,210,260,260,260,15781,0,91,105.04017285678955,58.542500000001496,893.8289159999968,10873.272859768076
1776287023,200,POST,POST /v1/tweets,51.000000,0.000000,76,79,82,84,91,96,100,100,130,130,130,7778,0,76,79.44860112303918,55.75616699999841,271.6016250000024,214.54139881717666
1776287023,200,POST,POST /v1/tweets/:id/like,103.200000,0.000000,78,82,85,87,95,110,120,120,150,150,150,15340,0,78,82.18445127027357,56.55854200000476,374.950124999998,0.0
1776287023,200,,Aggregated,503.400000,0.000000,83,92,100,110,140,160,180,200,250,260,260,78165,0,84,97.50542838966328,55.75616699999841,928.1155420000005,7611.88883771509
1776287024,200,GET,GET /v1/timeline/home,250.700000,0.000000,86,100,120,120,140,160,180,210,260,270,270,39507,0,90,103.98446558954075,56.22562500000328,928.1155420000005,10740.166274331132
1776287024,200,GET,GET /v1/timeline/user/:id,101.500000,0.000000,88,100,120,130,150,160,190,210,260,260,260,15880,0,91,104.9782739985514,58.542500000001496,893.8289159999968,10872.97934508816
1776287024,200,POST,POST /v1/tweets,51.900000,0.000000,76,79,82,84,90,95,100,110,130,130,130,7843,0,76,79.43248991023829,55.75616699999841,271.6016250000024,214.54099196735942
1776287024,200,POST,POST /v1/tweets/:id/like,102.200000,0.000000,78,82,85,87,95,100,120,120,150,150,150,15448,0,78,82.17086621951042,56.55854200000476,374.950124999998,0.0
1776287024,200,,Aggregated,506.300000,0.000000,82,91,100,110,140,150,180,200,250,270,270,78678,0,84,97.45461034683176,55.75616699999841,928.1155420000005,7608.954294720253
1776287025,200,GET,GET /v1/timeline/home,249.300000,0.000000,86,100,120,120,140,160,180,200,260,270,270,39756,0,90,103.96948084460175,56.22562500000328,928.1155420000005,10740.152505282222
1776287025,200,GET,GET /v1/timeline/user/:id,101.100000,0.000000,89,100,120,130,150,160,180,210,260,260,260,15976,0,91,104.96880608994712,58.542500000001496,893.8289159999968,10872.781234351527
1776287025,200,POST,POST /v1/tweets,50.900000,0.000000,75,79,81,83,89,94,100,100,130,130,130,7907,0,76,79.39600986341208,55.75616699999841,271.6016250000024,214.54154546604275
1776287025,200,POST,POST /v1/tweets/:id/like,104.900000,0.000000,78,81,84,86,94,100,120,120,150,150,150,15529,0,78,82.15014639126773,56.55854200000476,374.950124999998,0.0
1776287025,200,,Aggregated,506.200000,0.000000,82,91,100,110,140,150,170,190,260,270,270,79168,0,84,97.43692148154597,55.75616699999841,928.1155420000005,7608.951040824576
1776287026,200,GET,GET /v1/timeline/home,253.000000,0.000000,86,100,120,120,140,160,170,190,240,270,270,40006,0,90,103.98561707808788,56.22562500000328,928.1155420000005,10740.148702694596
1776287026,200,GET,GET /v1/timeline/user/:id,100.100000,0.000000,89,110,120,130,150,160,180,210,260,260,260,16080,0,91,105.02861618575851,58.542500000001496,893.8289159999968,10872.549440298508
1776287026,200,POST,POST /v1/tweets,51.400000,0.000000,76,79,82,84,90,96,110,130,160,160,160,7959,0,76,79.44566960233695,55.75616699999841,271.6016250000024,214.54177660510115
1776287026,200,POST,POST /v1/tweets/:id/like,102.600000,0.000000,78,81,84,87,95,110,120,120,150,150,150,15627,0,78,82.17992737070433,56.55854200000476,374.950124999998,0.0
1776287026,200,,Aggregated,507.100000,0.000000,83,92,100,110,140,150,170,180,240,270,270,79672,0,84,97.467649293102,55.75616699999841,928.1155420000005,7608.80261572447
1776287027,200,GET,GET /v1/timeline/home,251.000000,0.000000,86,100,120,120,140,160,170,190,240,270,270,40243,0,90,103.94292950401277,56.22562500000328,928.1155420000005,10740.154610739755
1776287027,200,GET,GET /v1/timeline/user/:id,102.400000,0.000000,89,110,120,130,150,160,180,210,260,260,260,16185,0,91,104.98987279493343,58.542500000001496,893.8289159999968,10872.18171146123
1776287027,200,POST,POST /v1/tweets,52.400000,0.000000,76,80,82,84,90,98,110,130,160,160,160,8017,0,76,79.42349261394533,55.75616699999841,271.6016250000024,214.5417238368467
1776287027,200,POST,POST /v1/tweets/:id/like,102.500000,0.000000,78,81,84,86,95,110,120,120,150,150,150,15720,0,78,82.1487376893764,56.55854200000476,374.950124999998,0.0
1776287027,200,,Aggregated,508.300000,0.000000,82,91,100,110,140,150,170,180,240,270,270,80165,0,84,97.4284625457373,55.75616699999841,928.1155420000005,7608.086870828915
1776287028,200,GET,GET /v1/timeline/home,250.500000,0.000000,86,100,120,130,140,160,170,190,240,270,270,40533,0,90,103.89185522764122,56.22562500000328,928.1155420000005,10740.161152641058
1776287028,200,GET,GET /v1/timeline/user/:id,102.100000,0.000000,89,110,120,130,150,160,180,210,260,260,260,16270,0,91,104.95197826158561,58.542500000001496,893.8289159999968,10871.863306699446
1776287028,200,POST,POST /v1/tweets,53.500000,0.000000,76,80,82,84,90,98,110,130,160,160,160,8073,0,76,79.39576137941283,55.75616699999841,271.6016250000024,214.54217762913416
1776287028,200,POST,POST /v1/tweets/:id/like,102.000000,0.000000,78,81,83,86,94,100,120,120,150,150,150,15820,0,78,82.12382294924123,56.55854200000476,374.950124999998,0.0
1776287028,200,,Aggregated,508.100000,0.000000,82,91,100,110,140,150,170,180,240,270,270,80696,0,84,97.38745557315139,55.75616699999841,928.1155420000005,7608.161086051353
1776287029,200,GET,GET /v1/timeline/home,250.400000,0.000000,87,100,120,130,150,160,170,190,240,270,270,40773,0,90,103.86253239938146,56.22562500000328,928.1155420000005,10740.152772668187
1776287029,200,GET,GET /v1/timeline/user/:id,101.000000,0.000000,91,110,120,130,150,160,180,210,260,260,260,16388,0,91,104.90816359708313,58.542500000001496,893.8289159999968,10871.685684647304
1776287029,200,POST,POST /v1/tweets,54.000000,0.000000,76,80,83,84,90,96,110,130,160,160,160,8120,0,76,79.38092312056652,55.75616699999841,271.6016250000024,214.54347290640393
1776287029,200,POST,POST /v1/tweets/:id/like,100.500000,0.000000,78,82,84,86,94,100,120,120,150,150,150,15940,0,78,82.09821953005,56.55854200000476,374.950124999998,0.0
1776287029,200,,Aggregated,505.900000,0.000000,83,92,100,120,140,150,170,180,240,270,270,81221,0,84,97.35463406750749,55.75616699999841,928.1155420000005,7606.59837972938
1776287030,200,GET,GET /v1/timeline/home,250.500000,0.000000,87,100,120,130,150,160,170,190,240,270,270,41036,0,89,103.80233789655391,56.22562500000328,928.1155420000005,10740.15776391461
1776287030,200,GET,GET /v1/timeline/user/:id,101.800000,0.000000,91,110,120,130,150,160,180,190,260,260,260,16476,0,91,104.88296455359301,58.542500000001496,893.8289159999968,10871.361677591649
1776287030,200,POST,POST /v1/tweets,54.900000,0.000000,76,80,82,84,89,95,110,130,160,160,160,8165,0,76,79.35344597672993,55.75616699999841,271.6016250000024,214.54317207593385
1776287030,200,POST,POST /v1/tweets/:id/like,100.500000,0.000000,78,82,84,86,94,100,120,120,150,150,150,16053,0,78,82.06917941954754,56.55854200000476,374.950124999998,0.0
1776287030,200,,Aggregated,507.700000,0.000000,83,92,100,120,140,150,170,180,240,270,270,81730,0,84,97.30896715441119,55.75616699999841,928.1155420000005,7605.547705860761
1776287031,200,GET,GET /v1/timeline/home,252.900000,0.000000,87,100,120,130,140,160,170,180,240,270,270,41289,0,89,103.75398309675673,56.22562500000328,928.1155420000005,10740.157330039478
1776287031,200,GET,GET /v1/timeline/user/:id,100.100000,0.000000,91,110,120,130,150,160,170,190,260,260,260,16579,0,91,104.86070494945409,58.542500000001496,893.8289159999968,10871.261716629471
1776287031,200,POST,POST /v1/tweets,55.300000,0.000000,75,80,82,84,90,98,110,130,160,160,160,8216,0,76,79.36000890847126,55.75616699999841,271.6016250000024,214.5436952288218
1776287031,200,POST,POST /v1/tweets/:id/like,99.100000,0.000000,78,82,84,87,94,100,120,120,150,150,150,16154,0,78,82.05775512096051,56.55854200000476,374.950124999998,0.0
1776287031,200,,Aggregated,507.400000,0.000000,83,92,100,110,140,150,170,170,240,270,270,82238,0,84,97.27822472403292,55.75616699999841,928.1155420000005,7605.336888056616
1776287032,200,GET,GET /v1/timeline/home,253.900000,0.000000,86,100,120,120,140,160,170,180,240,270,270,41569,0,89,103.70148430188314,56.22562500000328,928.1155420000005,10740.14703264452
1776287032,200,GET,GET /v1/timeline/user/:id,99.900000,0.000000,89,110,120,130,140,160,170,190,260,260,260,16665,0,91,104.79421313537351,58.542500000001496,893.8289159999968,10871.053345334534
1776287032,200,POST,POST /v1/tweets,54.700000,0.000000,75,79,81,83,89,96,110,130,160,160,160,8256,0,76,79.33565553657944,55.75616699999841,271.6016250000024,214.54408914728683
1776287032,200,POST,POST /v1/tweets/:id/like,99.800000,0.000000,78,81,83,86,92,99,120,120,150,150,150,16220,0,78,82.03564573397017,56.55854200000476,374.950124999998,0.0
1776287032,200,,Aggregated,508.300000,0.000000,83,91,100,110,140,150,160,170,240,270,270,82710,0,84,97.24067112514821,55.75616699999841,928.1155420000005,7609.654842219804
1776287033,200,GET,GET /v1/timeline/home,255.000000,0.000000,86,100,110,120,140,150,170,180,240,270,270,41802,0,89,103.66105268424906,56.22562500000328,928.1155420000005,10739.41096119803
1776287033,200,GET,GET /v1/timeline/user/:id,97.700000,0.000000,89,110,120,130,140,160,170,180,260,260,260,16763,0,91,104.75554247372193,58.542500000001496,893.8289159999968,10870.806239933187
1776287033,200,POST,POST /v1/tweets,54.600000,0.000000,76,81,83,87,100,160,280,370,460,460,460,8319,0,76,80.02309802728686,55.75616699999841,457.2250420000046,214.5433345354009
1776287033,200,POST,POST /v1/tweets/:id/like,101.900000,0.000000,78,82,85,88,97,120,270,360,460,460,460,16334,0,78,82.5014550587117,56.55854200000476,455.1277500000026,0.0
1776287033,200,,Aggregated,509.200000,0.000000,83,92,100,110,140,150,170,240,420,460,460,83218,0,84,97.36532243279098,55.75616699999841,928.1155420000005,7605.818068206398
1776287034,200,GET,GET /v1/timeline/home,255.400000,0.000000,87,100,120,120,140,160,170,180,240,270,270,42058,0,89,103.66643029884888,56.22562500000328,928.1155420000005,10739.422060012364
1776287034,200,GET,GET /v1/timeline/user/:id,97.200000,0.000000,90,110,120,130,140,160,170,180,240,240,240,16857,0,91,104.79357343572407,58.542500000001496,893.8289159999968,10870.552114848431
1776287034,200,POST,POST /v1/tweets,53.400000,0.000000,76,81,84,87,110,160,280,370,460,460,460,8372,0,76,80.030313324773,55.75616699999841,457.2250420000046,214.54276158623983
1776287034,200,POST,POST /v1/tweets/:id/like,101.300000,0.000000,78,82,86,88,98,130,270,360,460,460,460,16433,0,78,82.49921812651354,56.55854200000476,455.1277500000026,0.0
1776287034,200,,Aggregated,507.300000,0.000000,83,94,110,120,140,150,170,230,420,460,460,83720,0,84,97.37495732851181,55.75616699999841,928.1155420000005,7605.347133301481
1776287035,200,GET,GET /v1/timeline/home,256.400000,0.000000,87,100,110,120,140,150,170,180,250,270,270,42324,0,89,103.69284111400111,56.22562500000328,928.1155420000005,10739.430205084585
1776287035,200,GET,GET /v1/timeline/user/:id,96.100000,0.000000,89,110,120,130,150,160,170,200,250,250,250,16946,0,91,104.8376876147764,58.542500000001496,893.8289159999968,10870.312699162045
1776287035,200,POST,POST /v1/tweets,54.000000,0.000000,77,81,84,87,110,160,280,400,460,460,460,8419,0,76,80.01652295723952,55.75616699999841,457.2250420000046,214.5427010333769
1776287035,200,POST,POST /v1/tweets/:id/like,97.900000,0.000000,78,82,85,88,96,120,270,360,460,460,460,16527,0,78,82.48129246185016,56.55854200000476,455.1277500000026,0.0
1776287035,200,,Aggregated,504.400000,0.000000,83,93,110,120,140,150,180,240,420,460,460,84216,0,84,97.39363884443581,55.75616699999841,928.1155420000005,7606.039208701434
1776287036,200,GET,GET /v1/timeline/home,251.900000,0.000000,87,100,120,130,150,160,180,200,250,270,270,42566,0,89,103.7066614034674,56.22562500000328,928.1155420000005,10739.435136024056
1776287036,200,GET,GET /v1/timeline/user/:id,97.500000,0.000000,89,110,120,130,150,160,190,220,250,250,250,17064,0,91,104.88783968377884,58.542500000001496,893.8289159999968,10870.077648851384
1776287036,200,POST,POST /v1/tweets,52.900000,0.000000,76,81,84,87,98,160,280,400,460,460,460,8467,0,76,80.00049713416787,55.75616699999841,457.2250420000046,214.5429313806543
1776287036,200,POST,POST /v1/tweets/:id/like,98.900000,0.000000,78,82,85,87,95,120,270,360,460,460,460,16620,0,78,82.4537085374246,56.55854200000476,455.1277500000026,0.0
1776287036,200,,Aggregated,501.200000,0.000000,83,93,110,120,140,160,200,250,420,460,460,84717,0,84,97.40581808599244,55.75616699999841,928.1155420000005,7606.954165043616
1776287037,200,GET,GET /v1/timeline/home,254.400000,0.000000,87,100,120,130,150,160,180,200,250,270,270,42831,0,89,103.68333336363868,56.22562500000328,928.1155420000005,10739.446615768953
1776287037,200,GET,GET /v1/timeline/user/:id,97.100000,0.000000,89,110,120,130,150,160,180,220,250,250,250,17171,0,91,104.85469453042933,58.542500000001496,893.8289159999968,10869.7763088929
1776287037,200,POST,POST /v1/tweets,51.500000,0.000000,76,81,84,87,96,160,280,400,460,460,460,8522,0,76,79.98211665231156,55.75616699999841,457.2250420000046,214.5432996949073
1776287037,200,POST,POST /v1/tweets/:id/like,98.300000,0.000000,78,82,86,88,96,120,270,360,460,460,460,16719,0,78,82.44537419612395,56.55854200000476,455.1277500000026,0.0
1776287037,200,,Aggregated,501.300000,0.000000,83,93,110,120,140,160,190,250,420,460,460,85243,0,84,97.38433209033046,55.75616699999841,928.1155420000005,7607.129089778633
1776287038,200,GET,GET /v1/timeline/home,256.700000,0.000000,88,100,120,130,150,160,180,210,250,270,270,43069,0,89,103.68594260182503,56.22562500000328,928.1155420000005,10739.459959599712
1776287038,200,GET,GET /v1/timeline/user/:id,97.400000,0.000000,90,110,120,130,150,170,200,230,250,250,250,17263,0,91,104.85863146295554,58.542500000001496,893.8289159999968,10869.551468458552
1776287038,200,POST,POST /v1/tweets,50.500000,0.000000,77,81,85,88,110,190,280,400,460,460,460,8568,0,76,79.97754295868332,55.75616699999841,457.2250420000046,214.5438842203548
1776287038,200,POST,POST /v1/tweets/:id/like,98.900000,0.000000,79,83,86,88,96,120,270,360,460,460,460,16812,0,78,82.42833486563151,56.55854200000476,455.1277500000026,0.0
1776287038,200,,Aggregated,503.500000,0.000000,84,93,110,120,140,160,200,250,420,460,460,85712,0,84,97.38259719402224,55.75616699999841,928.1155420000005,7607.068788501027
1776287039,200,GET,GET /v1/timeline/home,255.800000,0.000000,88,100,120,130,150,160,190,210,250,250,250,43331,0,89,103.6675833854746,56.22562500000328,928.1155420000005,10739.466963605733
1776287039,200,GET,GET /v1/timeline/user/:id,99.000000,0.000000,90,110,120,130,150,170,200,230,250,250,250,17375,0,91,104.85156740707924,58.542500000001496,893.8289159999968,10869.29617266187
1776287039,200,POST,POST /v1/tweets,50.600000,0.000000,77,81,85,88,110,160,280,400,460,460,460,8627,0,76,79.9567776244348,55.75616699999841,457.2250420000046,214.5450330358178
1776287039,200,POST,POST /v1/tweets/:id/like,98.500000,0.000000,78,82,86,89,98,120,270,360,460,460,460,16926,0,78,82.40079408915267,56.55854200000476,455.1277500000026,0.0
1776287039,200,,Aggregated,503.900000,0.000000,84,94,110,120,140,160,200,240,420,460,460,86259,0,84,97.3616550237429,55.75616699999841,928.1155420000005,7605.661368668777
1776287040,200,GET,GET /v1/timeline/home,254.600000,0.000000,90,110,120,130,150,170,200,220,250,280,280,43572,0,89,103.74551195276763,56.22562500000328,928.1155420000005,10739.476223262645
1776287040,200,GET,GET /v1/timeline/user/:id,98.900000,0.000000,91,110,130,140,150,170,210,230,280,280,280,17480,0,91,104.92531695440505,58.542500000001496,893.8289159999968,10869.078890160183
1776287040,200,POST,POST /v1/tweets,50.000000,0.000000,77,81,86,89,110,200,280,400,460,460,460,8679,0,76,80.04208978810912,55.75616699999841,457.2250420000046,214.545339324807
1776287040,200,POST,POST /v1/tweets/:id/like,99.700000,0.000000,79,83,87,90,100,140,270,360,460,460,460,17023,0,78,82.47049760647351,56.55854200000476,455.1277500000026,0.0
1776287040,200,,Aggregated,503.200000,0.000000,85,97,110,120,150,170,210,250,420,460,460,86754,0,84,97.43728894569765,55.75616699999841,928.1155420000005,7605.343799709523
1776287041,200,GET,GET /v1/timeline/home,253.300000,0.000000,92,110,120,130,150,170,210,230,260,280,280,43835,0,90,103.81279658501182,56.22562500000328,928.1155420000005,10739.489038439602
1776287041,200,GET,GET /v1/timeline/user/:id,99.800000,0.000000,93,110,130,140,160,180,210,230,280,280,280,17570,0,91,104.96839252487199,58.542500000001496,893.8289159999968,10868.941035856573
1776287041,200,POST,POST /v1/tweets,49.300000,0.000000,77,81,86,89,110,200,280,400,460,460,460,8722,0,76,80.03801853267588,55.75616699999841,457.2250420000046,214.5456317358404
1776287041,200,POST,POST /v1/tweets/:id/like,98.900000,0.000000,79,84,87,90,100,140,270,360,460,460,460,17119,0,78,82.4575212441731,56.55854200000476,455.1277500000026,0.0
1776287041,200,,Aggregated,501.300000,0.000000,86,100,110,130,150,170,220,250,420,460,460,87246,0,84,97.47851476041369,55.75616699999841,928.1155420000005,7606.125931274786
1776287042,200,GET,GET /v1/timeline/home,252.700000,0.000000,93,110,130,140,160,180,210,240,260,280,280,44093,0,90,103.85743190016538,56.22562500000328,928.1155420000005,10739.49019118681
1776287042,200,GET,GET /v1/timeline/user/:id,98.600000,0.000000,95,120,130,140,160,180,220,230,280,280,280,17664,0,91,105.03067282257702,58.542500000001496,893.8289159999968,10868.887964221014
1776287042,200,POST,POST /v1/tweets,50.800000,0.000000,77,81,84,86,95,120,160,210,400,400,400,8780,0,76,80.02659533223222,55.75616699999841,457.2250420000046,214.54555808656036
1776287042,200,POST,POST /v1/tweets/:id/like,98.000000,0.000000,79,83,87,89,97,110,140,200,410,410,410,17210,0,78,82.45874343439851,56.55854200000476,455.1277500000026,0.0
1776287042,200,,Aggregated,500.100000,0.000000,86,100,110,120,150,170,210,230,320,410,410,87747,0,84,97.51212042616923,55.75616699999841,928.1155420000005,7606.050212542879
1776287043,200,GET,GET /v1/timeline/home,252.500000,0.000000,94,110,130,140,160,180,210,240,260,280,280,44338,0,90,103.84279070039226,56.22562500000328,928.1155420000005,10739.498173124633
1776287043,200,GET,GET /v1/timeline/user/:id,99.600000,0.000000,96,120,130,140,170,190,230,240,280,280,280,17760,0,91,105.05236270315315,58.542500000001496,893.8289159999968,10868.714414414415
1776287043,200,POST,POST /v1/tweets,50.200000,0.000000,76,80,83,85,92,110,130,170,210,210,210,8817,0,76,80.00513531325836,55.75616699999841,457.2250420000046,214.54542361347396
1776287043,200,POST,POST /v1/tweets/:id/like,95.700000,0.000000,79,82,86,88,94,100,120,180,230,230,230,17310,0,78,82.43107806233388,56.55854200000476,455.1277500000026,0.0
1776287043,200,,Aggregated,498.000000,0.000000,86,99,110,120,150,170,210,230,260,280,280,88225,0,84,97.502962368921,55.75616699999841,928.1155420000005,7606.550127514876
1776287044,200,GET,GET /v1/timeline/home,253.100000,0.000000,94,110,130,140,160,180,210,240,260,280,280,44588,0,90,103.87310948333622,56.22562500000328,928.1155420000005,10739.522629407016
1776287044,200,GET,GET /v1/timeline/user/:id,98.200000,0.000000,96,110,130,140,160,180,230,240,280,280,280,17879,0,91,105.05659631058782,58.542500000001496,893.8289159999968,10868.517870126965
1776287044,200,POST,POST /v1/tweets,50.100000,0.000000,76,79,82,84,91,100,120,170,210,210,210,8876,0,76,79.97946083246948,55.75616699999841,457.2250420000046,214.54450202794052
1776287044,200,POST,POST /v1/tweets/:id/like,96.700000,0.000000,78,82,85,87,94,100,120,180,230,230,230,17411,0,78,82.41492127884668,56.55854200000476,455.1277500000026,0.0
1776287044,200,,Aggregated,498.100000,0.000000,86,99,110,120,150,170,210,230,260,280,280,88754,0,84,97.51250625115537,55.75616699999841,928.1155420000005,7606.1514185276155
1776287045,200,GET,GET /v1/timeline/home,251.400000,0.000000,93,110,130,140,160,170,210,230,260,280,280,44838,0,90,103.88328562411343,56.22562500000328,928.1155420000005,10739.531847986083
1776287045,200,GET,GET /v1/timeline/user/:id,100.300000,0.000000,95,110,130,140,160,180,210,230,270,280,280,17985,0,91,105.03753858682236,58.542500000001496,893.8289159999968,10868.125159855435
1776287045,200,POST,POST /v1/tweets,51.000000,0.000000,76,80,82,85,93,110,120,170,210,210,210,8923,0,76,79.99055711072505,55.75616699999841,457.2250420000046,214.54465986775747
1776287045,200,POST,POST /v1/tweets/:id/like,97.300000,0.000000,79,82,85,88,95,100,120,180,230,230,230,17504,0,78,82.4095743812271,56.55854200000476,455.1277500000026,0.0
1776287045,200,,Aggregated,500.000000,0.000000,86,98,110,120,150,170,200,230,260,280,280,89250,0,84,97.51565068197259,55.75616699999841,928.1155420000005,7606.910274509804
1776287046,200,GET,GET /v1/timeline/home,253.900000,0.000000,95,110,130,140,160,190,220,240,260,280,280,45095,0,90,103.99859684685666,56.22562500000328,928.1155420000005,10739.54708947777
1776287046,200,GET,GET /v1/timeline/user/:id,99.400000,0.000000,96,110,130,140,160,190,230,240,280,280,280,18077,0,91,105.15723409243796,58.542500000001496,893.8289159999968,10867.893511091443
1776287046,200,POST,POST /v1/tweets,50.200000,0.000000,77,80,83,87,96,110,130,170,210,210,210,8960,0,76,80.01605103861603,55.75616699999841,457.2250420000046,214.54375
1776287046,200,POST,POST /v1/tweets/:id/like,97.900000,0.000000,79,82,86,88,96,110,120,180,230,230,230,17602,0,78,82.41661827786616,56.55854200000476,455.1277500000026,0.0
1776287046,200,,Aggregated,501.400000,0.000000,87,100,110,130,150,170,210,230,270,280,280,89734,0,84,97.60386450766758,55.75616699999841,928.1155420000005,7607.830911360243
1776287047,200,GET,GET /v1/timeline/home,250.900000,0.000000,96,120,130,140,160,190,230,240,260,280,280,45364,0,90,104.05862465961988,56.22562500000328,928.1155420000005,10739.555506569086
1776287047,200,GET,GET /v1/timeline/user/:id,101.700000,0.000000,97,120,130,140,160,190,230,250,280,280,280,18175,0,91,105.19111800225586,58.542500000001496,893.8289159999968,10867.807922971115
1776287047,200,POST,POST /v1/tweets,50.700000,0.000000,77,80,83,86,96,110,130,170,210,210,210,9007,0,76,80.00439429721327,55.75616699999841,457.2250420000046,214.5437992672366
1776287047,200,POST,POST /v1/tweets/:id/like,97.800000,0.000000,79,82,85,88,96,110,130,180,230,230,230,17683,0,78,82.40584380778148,56.55854200000476,455.1277500000026,0.0
1776287047,200,,Aggregated,501.100000,0.000000,87,100,120,130,150,180,220,240,270,280,280,90229,0,84,97.6420677857235,55.75616699999841,928.1155420000005,7610.014529696661
1776287048,200,GET,GET /v1/timeline/home,249.400000,0.000000,94,110,130,140,160,190,230,240,260,280,280,45622,0,90,104.00755789182838,56.22562500000328,928.1155420000005,10739.564508351234
1776287048,200,GET,GET /v1/timeline/user/:id,102.700000,0.000000,97,110,130,140,160,200,230,250,280,280,280,18273,0,91,105.16163886291251,58.542500000001496,893.8289159999968,10867.541454605154
1776287048,200,POST,POST /v1/tweets,50.000000,0.000000,77,80,83,86,95,110,130,170,210,210,210,9061,0,76,79.98118414258909,55.75616699999841,457.2250420000046,214.54353824081227
1776287048,200,POST,POST /v1/tweets/:id/like,98.100000,0.000000,79,82,85,88,95,110,120,180,230,230,230,17790,0,78,82.38270402186622,56.55854200000476,455.1277500000026,0.0
1776287048,200,,Aggregated,500.200000,0.000000,87,100,110,130,150,180,220,240,270,280,280,90746,0,84,97.60153887937828,55.75616699999841,928.1155420000005,7609.007295087386
1776287049,200,GET,GET /v1/timeline/home,252.300000,0.000000,95,110,130,140,160,190,230,240,260,280,280,45859,0,90,103.9871453898907,56.22562500000328,928.1155420000005,10739.574674545891
1776287049,200,GET,GET /v1/timeline/user/:id,100.000000,0.000000,97,110,130,140,160,200,230,250,280,280,280,18388,0,91,105.15583095997385,58.542500000001496,893.8289159999968,10867.234120078312
1776287049,200,POST,POST /v1/tweets,48.700000,0.000000,76,80,83,85,95,110,130,170,210,210,210,9108,0,76,79.95494007279312,55.75616699999841,457.2250420000046,214.54380764163372
1776287049,200,POST,POST /v1/tweets/:id/like,97.900000,0.000000,79,82,85,88,96,110,120,180,230,230,230,17898,0,78,82.36557340490559,56.55854200000476,455.1277500000026,0.0
1776287049,200,,Aggregated,498.900000,0.000000,87,100,110,130,150,180,220,240,270,280,280,91253,0,84,97.58320873955982,55.75616699999841,928.1155420000005,7608.373653468927
1776287050,200,GET,GET /v1/timeline/home,253.200000,0.000000,93,110,130,140,160,190,230,240,260,260,260,46123,0,90,104.03557359790138,56.22562500000328,928.1155420000005,10739.584979294495
1776287050,200,GET,GET /v1/timeline/user/:id,100.000000,0.000000,96,110,130,140,160,200,240,250,280,280,280,18487,0,91,105.21526930994753,58.542500000001496,893.8289159999968,10867.102829014984
1776287050,200,POST,POST /v1/tweets,48.400000,0.000000,76,80,83,85,92,100,110,110,140,140,140,9148,0,76,79.94570505137735,55.75616699999841,457.2250420000046,214.54372540446
1776287050,200,POST,POST /v1/tweets/:id/like,96.300000,0.000000,78,82,85,87,94,100,110,120,140,140,140,17988,0,78,82.36108523298871,56.55854200000476,455.1277500000026,0.0
1776287050,200,,Aggregated,497.900000,0.000000,86,99,110,120,150,180,220,240,260,280,280,91746,0,84,97.62171599601135,55.75616699999841,928.1155420000005,7610.1917685784665
1776287051,200,GET,GET /v1/timeline/home,251.900000,0.000000,92,110,130,140,160,180,220,240,260,260,260,46377,0,90,104.01358332824474,56.22562500000328,928.1155420000005,10739.597063199431
1776287051,200,GET,GET /v1/timeline/user/:id,99.100000,0.000000,95,110,130,140,160,200,240,250,270,280,280,18587,0,91,105.21918927793618,58.542500000001496,893.8289159999968,10867.039920374455
1776287051,200,POST,POST /v1/tweets,48.900000,0.000000,76,80,83,84,91,100,110,110,140,140,140,9205,0,76,79.92365595893534,55.75616699999841,457.2250420000046,214.543834872352
1776287051,200,POST,POST /v1/tweets/:id/like,97.000000,0.000000,78,82,84,87,93,100,110,120,140,140,140,18085,0,78,82.33809581852373,56.55854200000476,455.1277500000026,0.0
1776287051,200,,Aggregated,496.900000,0.000000,85,97,110,120,150,170,220,240,260,280,280,92254,0,84,97.60366749520968,55.75616699999841,928.1155420000005,7609.7604439915885
1776287052,200,GET,GET /v1/timeline/home,253.300000,0.000000,91,110,130,140,160,180,220,230,260,260,260,46622,0,90,103.99690778784708,56.22562500000328,928.1155420000005,10739.607760284844
1776287052,200,GET,GET /v1/timeline/user/:id,100.600000,0.000000,93,110,130,140,160,200,240,250,270,280,280,18701,0,91,105.19188515025931,58.542500000001496,893.8289159999968,10866.704935564943
1776287052,200,POST,POST /v1/tweets,47.500000,0.000000,76,80,83,85,92,100,110,120,140,140,140,9260,0,76,79.92428359611236,55.75616699999841,457.2250420000046,214.5436285097192
1776287052,200,POST,POST /v1/tweets/:id/like,96.200000,0.000000,78,81,84,86,93,100,110,120,140,140,140,18174,0,78,82.31705127071646,56.55854200000476,455.1277500000026,0.0
1776287052,200,,Aggregated,497.600000,0.000000,85,96,110,120,150,170,210,230,260,280,280,92757,0,84,97.58688007346156,55.75616699999841,928.1155420000005,7610.281876300441
1776287053,200,GET,GET /v1/timeline/home,253.600000,0.000000,91,110,130,140,160,180,220,230,260,260,260,46844,0,90,103.99795803919405,56.22562500000328,928.1155420000005,10739.616535735633
1776287053,200,GET,GET /v1/timeline/user/:id,100.500000,0.000000,92,110,130,140,160,200,240,250,280,290,290,18825,0,91,105.18530094650731,58.542500000001496,893.8289159999968,10866.605258964144
1776287053,200,POST,POST /v1/tweets,47.100000,0.000000,75,80,82,84,92,100,110,120,140,140,140,9310,0,76,79.88914007969927,55.75616699999841,457.2250420000046,214.54339419978518
1776287053,200,POST,POST /v1/tweets/:id/like,95.800000,0.000000,78,81,84,86,94,100,110,120,140,140,140,18280,0,78,82.30586551810734,56.55854200000476,455.1277500000026,0.0
1776287053,200,,Aggregated,497.000000,0.000000,84,96,110,120,150,170,210,230,260,290,290,93259,0,84,97.57892270471552,55.75616699999841,928.1155420000005,7609.43008181516
1776287054,200,GET,GET /v1/timeline/home,252.900000,0.000000,90,110,130,140,160,180,220,230,260,260,260,47086,0,90,103.97798744078952,56.22562500000328,928.1155420000005,10739.628849339506
1776287054,200,GET,GET /v1/timeline/user/:id,102.800000,0.000000,91,110,130,140,160,190,240,250,280,290,290,18930,0,91,105.1642351619651,58.542500000001496,893.8289159999968,10866.413100898046
1776287054,200,POST,POST /v1/tweets,48.200000,0.000000,76,80,83,85,92,100,120,120,140,140,140,9360,0,76,79.90295785416667,55.75616699999841,457.2250420000046,214.54294871794872
1776287054,200,POST,POST /v1/tweets/:id/like,95.200000,0.000000,78,82,85,87,95,110,120,120,140,140,140,18376,0,78,82.31858432210502,56.55854200000476,455.1277500000026,0.0
1776287054,200,,Aggregated,499.100000,0.000000,84,96,110,120,150,170,210,230,260,290,290,93752,0,84,97.56852631699672,55.75616699999841,928.1155420000005,7609.3895170236365
1776287055,200,GET,GET /v1/timeline/home,252.200000,0.000000,90,110,130,140,160,180,210,230,260,260,260,47327,0,90,104.01127865451038,56.22562500000328,928.1155420000005,10739.633570689035
1776287055,200,GET,GET /v1/timeline/user/:id,103.800000,0.000000,91,110,130,140,160,190,240,250,280,290,290,19043,0,91,105.18689756036336,58.542500000001496,893.8289159999968,10866.203591871028
1776287055,200,POST,POST /v1/tweets,48.000000,0.000000,76,81,83,85,93,100,120,120,140,140,140,9413,0,76,79.9125760933815,55.75616699999841,457.2250420000046,214.5432911930309
1776287055,200,POST,POST /v1/tweets/:id/like,96.100000,0.000000,78,82,85,88,97,110,120,120,140,140,140,18478,0,78,82.3283539771621,56.55854200000476,455.1277500000026,0.0
1776287055,200,,Aggregated,500.100000,0.000000,84,97,110,120,150,170,210,230,260,290,290,94261,0,84,97.59175352140406,55.75616699999841,928.1155420000005,7608.865267714113
1776287056,200,GET,GET /v1/timeline/home,246.600000,0.000000,88,110,120,130,150,170,200,220,250,260,260,47567,0,90,103.95911792599944,56.22562500000328,928.1155420000005,10739.647360565097
1776287056,200,GET,GET /v1/timeline/user/:id,107.000000,0.000000,90,110,120,140,150,170,230,240,260,290,290,19142,0,91,105.1732135527635,58.542500000001496,893.8289159999968,10866.00376136245
1776287056,200,POST,POST /v1/tweets,48.900000,0.000000,76,80,83,84,91,100,120,120,130,130,130,9469,0,76,79.90388537807583,55.75616699999841,457.2250420000046,214.5429295596156
1776287056,200,POST,POST /v1/tweets/:id/like,95.400000,0.000000,78,82,85,87,95,110,120,120,140,140,140,18577,0,78,82.33031724051244,56.55854200000476,455.1277500000026,0.0
1776287056,200,,Aggregated,497.900000,0.000000,84,95,110,120,140,160,190,220,260,290,290,94755,0,84,97.56012041828997,55.75616699999841,928.1155420000005,7607.845042477969
1776287057,200,GET,GET /v1/timeline/home,249.400000,0.000000,89,110,120,130,150,160,190,210,250,270,270,47825,0,90,103.96800393315243,56.22562500000328,928.1155420000005,10739.645729221118
1776287057,200,GET,GET /v1/timeline/user/:id,104.100000,0.000000,90,110,120,140,150,170,220,240,260,290,290,19248,0,91,105.16665960021808,58.542500000001496,893.8289159999968,10865.86772651704
1776287057,200,POST,POST /v1/tweets,47.600000,0.000000,76,80,83,85,93,100,120,120,130,130,130,9525,0,76,79.91960119223103,55.75616699999841,457.2250420000046,214.5430971128609
1776287057,200,POST,POST /v1/tweets/:id/like,96.300000,0.000000,78,82,85,88,97,110,120,120,150,150,150,18661,0,78,82.3312223019131,56.55854200000476,455.1277500000026,0.0
1776287057,200,,Aggregated,497.400000,0.000000,84,95,110,120,140,160,180,210,260,290,290,95259,0,84,97.56699936824937,55.75616699999841,928.1155420000005,7608.869524139452
1776287058,200,GET,GET /v1/timeline/home,247.600000,0.000000,90,110,120,130,150,170,200,220,260,290,290,48061,0,90,103.9874604378397,56.22562500000328,928.1155420000005,10736.616570608185
1776287058,200,GET,GET /v1/timeline/user/:id,105.400000,0.000000,91,110,130,140,150,170,220,240,260,290,290,19362,0,91,105.19904811734315,58.542500000001496,893.8289159999968,10865.710102262163
1776287058,200,POST,POST /v1/tweets,49.200000,0.000000,76,80,83,86,95,110,120,130,150,150,150,9581,0,76,79.93770166934563,55.75616699999841,457.2250420000046,214.54284521448702
1776287058,200,POST,POST /v1/tweets/:id/like,96.600000,0.000000,78,83,86,88,100,110,120,130,180,180,180,18760,0,78,82.35255851743078,56.55854200000476,455.1277500000026,0.0
1776287058,200,,Aggregated,498.800000,0.000000,84,97,110,120,150,160,190,220,260,290,290,95764,0,84,97.58805420859683,55.75616699999841,928.1155420000005,7606.72009314565
1776287059,200,GET,GET /v1/timeline/home,245.800000,0.000000,89,110,120,130,150,170,210,230,300,380,380,48333,0,90,103.94004094887593,56.22562500000328,928.1155420000005,10691.739432685743
1776287059,200,GET,GET /v1/timeline/user/:id,106.300000,0.000000,89,110,120,140,150,170,220,240,260,290,290,19478,0,91,105.13822724484024,58.542500000001496,893.8289159999968,10865.362870931307
1776287059,200,POST,POST /v1/tweets,50.900000,0.000000,76,80,83,86,94,110,120,130,150,150,150,9633,0,76,79.9146230433926,55.75616699999841,457.2250420000046,214.54240631163708
1776287059,200,POST,POST /v1/tweets/:id/like,97.500000,0.000000,78,82,85,88,99,110,120,130,180,180,180,18857,0,78,82.32240498440902,56.55854200000476,455.1277500000026,0.0
1776287059,200,,Aggregated,500.500000,0.000000,84,95,110,120,150,160,190,220,290,380,380,96301,0,84,97.54610589739536,55.75616699999841,928.1155420000005,7585.238647573753
1776287060,200,GET,GET /v1/timeline/home,244.900000,0.000000,87,100,120,130,150,160,190,210,300,380,380,48600,0,90,103.82710446107015,56.22562500000328,928.1155420000005,10638.848148148149
1776287060,200,GET,GET /v1/timeline/user/:id,106.300000,0.000000,88,100,120,130,150,170,200,240,260,290,290,19575,0,91,105.05184995249031,58.542500000001496,893.8289159999968,10865.275146871008
1776287060,200,POST,POST /v1/tweets,51.800000,0.000000,76,80,84,86,95,110,120,130,150,150,150,9683,0,76,79.90822106847062,55.75616699999841,457.2250420000046,214.54270370752866
1776287060,200,POST,POST /v1/tweets/:id/like,97.000000,0.000000,78,82,85,87,100,110,120,130,180,180,180,18963,0,78,82.31652199667782,56.55854200000476,455.1277500000026,0.0
1776287060,200,,Aggregated,500.000000,0.000000,83,92,110,110,140,160,180,210,290,380,380,96821,0,84,97.46962694928855,55.75616699999841,928.1155420000005,7558.413959781452
1776287061,200,GET,GET /v1/timeline/home,243.800000,0.000000,84,96,110,120,150,160,190,210,300,380,380,48865,0,89,103.67621548433456,56.22562500000328,928.1155420000005,10589.123176097411
1776287061,200,GET,GET /v1/timeline/user/:id,109.000000,0.000000,86,98,120,120,150,170,200,230,260,290,290,19688,0,91,104.9113809715054,58.542500000001496,893.8289159999968,10865.295103616416
1776287061,200,POST,POST /v1/tweets,52.000000,0.000000,76,80,83,86,94,110,120,130,150,150,150,9739,0,76,79.88587160078046,55.75616699999841,457.2250420000046,214.54266351781496
1776287061,200,POST,POST /v1/tweets/:id/like,96.300000,0.000000,78,82,85,87,99,110,120,130,180,180,180,19072,0,78,82.2937498442744,56.55854200000476,455.1277500000026,0.0
1776287061,200,,Aggregated,501.100000,0.000000,81,89,100,110,140,150,180,200,290,380,380,97364,0,84,97.35783697012327,55.75616699999841,928.1155420000005,7532.998490201718
1776287062,200,GET,GET /v1/timeline/home,246.100000,0.000000,82,91,100,110,140,160,180,210,300,380,380,49132,0,89,103.52912012216109,56.22562500000328,928.1155420000005,10543.625091590002
1776287062,200,GET,GET /v1/timeline/user/:id,108.600000,0.000000,85,95,110,120,140,160,180,210,260,290,290,19783,0,90,104.79283025956623,58.542500000001496,893.8289159999968,10865.094373957438
1776287062,200,POST,POST /v1/tweets,52.900000,0.000000,75,79,82,84,92,110,120,130,150,150,150,9803,0,76,79.83378936519443,55.75616699999841,457.2250420000046,214.5422829745996
1776287062,200,POST,POST /v1/tweets/:id/like,94.900000,0.000000,78,82,84,87,98,110,120,130,180,180,180,19172,0,78,82.25870788733576,56.55854200000476,455.1277500000026,0.0
1776287062,200,,Aggregated,502.500000,0.000000,80,87,96,100,130,150,170,190,290,380,380,97890,0,84,97.24572352262801,55.75616699999841,928.1155420000005,7509.211441413832
1776287063,200,GET,GET /v1/timeline/home,247.300000,0.000000,81,88,98,110,140,150,170,200,300,380,380,49391,0,89,103.3961075518417,56.22562500000328,928.1155420000005,10503.10530258549
1776287063,200,GET,GET /v1/timeline/user/:id,109.300000,0.000000,83,91,100,120,140,160,180,200,250,260,260,19880,0,90,104.66770810623738,58.542500000001496,893.8289159999968,10865.088329979879
1776287063,200,POST,POST /v1/tweets,53.400000,0.000000,76,79,82,84,92,110,120,130,150,150,150,9862,0,76,79.7964468014602,55.75616699999841,457.2250420000046,214.54177651591968
1776287063,200,POST,POST /v1/tweets/:id/like,96.400000,0.000000,78,81,84,86,97,110,120,130,180,180,180,19282,0,78,82.23648033736131,56.55854200000476,455.1277500000026,0.0
1776287063,200,,Aggregated,506.400000,0.000000,80,86,92,99,130,150,170,190,270,380,380,98415,0,84,97.142382334665,55.75616699999841,928.1155420000005,7487.401727378957
1776287064,200,GET,GET /v1/timeline/home,247.200000,0.000000,79,85,92,99,130,150,170,200,300,380,380,49644,0,89,103.2590519618486,56.22562500000328,928.1155420000005,10467.59960921763
1776287064,200,GET,GET /v1/timeline/user/:id,108.600000,0.000000,82,88,96,110,140,150,170,190,250,260,260,19989,0,90,104.52241600500274,58.542500000001496,893.8289159999968,10865.089899444694
1776287064,200,POST,POST /v1/tweets,52.800000,0.000000,75,78,80,83,89,98,120,120,150,150,150,9911,0,76,79.76943866895375,55.75616699999841,457.2250420000046,214.5426294016749
1776287064,200,POST,POST /v1/tweets/:id/like,99.400000,0.000000,77,80,83,84,91,110,120,130,180,180,180,19396,0,78,82.20586080207266,56.55854200000476,455.1277500000026,0.0
1776287064,200,,Aggregated,508.000000,0.000000,79,84,88,93,120,140,170,180,270,380,380,98940,0,84,97.0340684443407,55.75616699999841,928.1155420000005,7468.790468971094
1776287065,200,GET,GET /v1/timeline/home,249.900000,0.000000,78,83,88,92,120,140,160,190,300,380,380,49899,0,89,103.12839258997208,56.22562500000328,928.1155420000005,10435.193731337302
1776287065,200,GET,GET /v1/timeline/user/:id,107.300000,0.000000,81,86,91,97,130,150,170,180,250,250,250,20088,0,90,104.39997595280765,58.542500000001496,893.8289159999968,10864.90332536838
1776287065,200,POST,POST /v1/tweets,53.500000,0.000000,75,78,80,82,88,95,110,120,150,150,150,9974,0,76,79.73747685863249,55.75616699999841,457.2250420000046,214.54261078804893
1776287065,200,POST,POST /v1/tweets/:id/like,100.100000,0.000000,77,80,82,84,90,100,120,130,180,180,180,19502,0,78,82.17512294872324,56.55854200000476,455.1277500000026,0.0
1776287065,200,,Aggregated,510.800000,0.000000,78,82,86,89,110,130,160,180,270,380,380,99463,0,84,96.93123292803409,55.75616699999841,928.1155420000005,7451.00950102048
1776287066,200,GET,GET /v1/timeline/home,254.200000,0.000000,78,83,87,90,110,140,160,190,300,380,380,50162,0,89,103.03651615292493,56.22562500000328,928.1155420000005,10404.618017622903
1776287066,200,GET,GET /v1/timeline/user/:id,104.500000,0.000000,80,85,89,94,120,140,170,180,250,250,250,20193,0,90,104.31432413385822,58.542500000001496,893.8289159999968,10864.742633585896
1776287066,200,POST,POST /v1/tweets,54.900000,0.000000,75,78,80,81,86,91,100,110,150,150,150,10023,0,76,79.71342312441384,55.75616699999841,457.2250420000046,214.54285144168412
1776287066,200,POST,POST /v1/tweets/:id/like,100.400000,0.000000,77,80,82,83,88,95,110,120,180,180,180,19609,0,78,82.15272783349482,56.55854200000476,455.1277500000026,0.0
1776287066,200,,Aggregated,514.000000,0.000000,78,82,85,88,100,130,160,170,270,380,380,99987,0,84,96.86096543111664,55.75616699999841,928.1155420000005,7435.552221788833
1776287067,200,GET,GET /v1/timeline/home,254.200000,0.000000,78,82,85,88,100,120,150,170,300,380,380,50414,0,89,102.92368867784776,56.22562500000328,928.1155420000005,10378.026817947395
1776287067,200,GET,GET /v1/timeline/user/:id,106.500000,0.000000,80,84,88,91,110,130,160,170,250,250,250,20284,0,90,104.22123430743436,58.542500000001496,893.8289159999968,10864.514494182607
1776287067,200,POST,POST /v1/tweets,55.300000,0.000000,75,77,79,81,85,89,97,100,150,150,150,10070,0,76,79.6966758292949,55.75616699999841,457.2250420000046,214.5426017874876
1776287067,200,POST,POST /v1/tweets/:id/like,102.000000,0.000000,77,80,82,83,89,94,110,110,180,180,180,19723,0,78,82.13937832748572,56.55854200000476,455.1277500000026,0.0
1776287067,200,,Aggregated,518.100000,0.000000,78,82,84,87,96,110,140,170,250,380,380,100491,0,84,96.77880449046248,55.75616699999841,928.1155420000005,7420.904359594391
1776287068,200,GET,GET /v1/timeline/home,256.400000,0.000000,77,81,84,86,94,110,130,140,240,330,330,50685,0,88,102.81414595065621,56.22562500000328,928.1155420000005,10352.605879451514
1776287068,200,GET,GET /v1/timeline/user/:id,104.000000,0.000000,80,84,87,89,98,110,130,140,250,250,250,20383,0,90,104.13201044684295,58.542500000001496,893.8289159999968,10864.391993327774
1776287068,200,POST,POST /v1/tweets,56.000000,0.000000,75,77,79,81,85,88,95,100,110,110,110,10131,0,76,79.68333476675546,55.75616699999841,457.2250420000046,214.54219721646433
1776287068,200,POST,POST /v1/tweets/:id/like,102.200000,0.000000,77,80,82,83,88,93,100,110,120,120,120,19814,0,78,82.12119251766431,56.55854200000476,455.1277500000026,0.0
1776287068,200,,Aggregated,518.600000,0.000000,77,81,84,85,92,100,120,130,210,330,330,101013,0,84,96.70120607757494,55.75616699999841,928.1155420000005,7408.3955332481955
1776287069,200,GET,GET /v1/timeline/home,257.500000,0.000000,77,81,84,86,93,100,120,130,150,160,160,50916,0,88,102.7382576327483,56.22562500000328,928.1155420000005,10333.61481656061
1776287069,200,GET,GET /v1/timeline/user/:id,104.400000,0.000000,80,84,87,89,97,110,120,130,140,140,140,20493,0,90,104.04617830571416,58.542500000001496,893.8289159999968,10864.306494900698
1776287069,200,POST,POST /v1/tweets,55.000000,0.000000,75,77,80,81,85,88,96,100,110,110,110,10192,0,76,79.66976742239004,55.75616699999841,457.2250420000046,214.54179748822605
1776287069,200,POST,POST /v1/tweets/:id/like,102.800000,0.000000,77,80,82,84,88,93,100,110,120,120,120,19932,0,78,82.10975613576156,56.55854200000476,455.1277500000026,0.0
1776287069,200,,Aggregated,519.700000,0.000000,78,81,84,85,92,100,120,130,150,160,160,101533,0,84,96.63700852447035,55.75616699999841,928.1155420000005,7396.365467384988
1776287070,200,GET,GET /v1/timeline/home,256.400000,0.000000,78,82,85,87,97,110,130,140,160,190,190,51187,0,88,102.68600709670447,56.22562500000328,928.1155420000005,10315.51038349581
1776287070,200,GET,GET /v1/timeline/user/:id,103.700000,0.000000,80,84,88,90,100,120,130,140,170,170,170,20593,0,90,104.00802253877538,58.542500000001496,893.8289159999968,10864.115621813238
1776287070,200,POST,POST /v1/tweets,54.300000,0.000000,74,77,80,81,85,88,100,110,140,140,140,10239,0,76,79.6674622221896,55.75616699999841,457.2250420000046,214.54077546635415
1776287070,200,POST,POST /v1/tweets/:id/like,105.600000,0.000000,78,80,82,84,89,96,110,110,120,130,130,20038,0,78,82.1228006208204,56.55854200000476,455.1277500000026,0.0
1776287070,200,,Aggregated,520.000000,0.000000,78,81,84,86,94,110,130,130,160,190,190,102057,0,84,96.60599153348683,55.75616699999841,928.1155420000005,7387.454520513046
1776287071,200,GET,GET /v1/timeline/home,260.900000,0.000000,79,83,87,90,110,120,140,150,160,190,190,51454,0,88,102.65608356835256,56.22562500000328,928.1155420000005,10299.71809771835
1776287071,200,GET,GET /v1/timeline/user/:id,101.400000,0.000000,81,86,90,93,110,130,140,150,170,170,170,20694,0,90,103.99109959930425,58.542500000001496,893.8289159999968,10864.010486131247
1776287071,200,POST,POST /v1/tweets,54.600000,0.000000,75,78,80,81,85,88,110,120,140,140,140,10290,0,76,79.67471841418843,55.75616699999841,457.2250420000046,214.54062196307095
1776287071,200,POST,POST /v1/tweets/:id/like,105.400000,0.000000,78,81,83,84,91,98,110,120,130,140,140,20140,0,78,82.13225464488573,56.55854200000476,455.1277500000026,0.0
1776287071,200,,Aggregated,522.300000,0.000000,79,83,85,88,100,120,130,140,160,190,190,102578,0,84,96.59044239568009,55.75616699999841,928.1155420000005,7379.644280449999
1776287072,200,GET,GET /v1/timeline/home,257.300000,0.000000,80,84,89,93,120,130,150,160,230,270,270,51702,0,88,102.6565911596652,56.22562500000328,928.1155420000005,10286.653224246644
1776287072,200,GET,GET /v1/timeline/user/:id,101.100000,0.000000,82,87,92,97,120,130,150,160,260,260,260,20809,0,90,104.00709095771069,58.542500000001496,893.8289159999968,10863.89418040271
1776287072,200,POST,POST /v1/tweets,55.700000,0.000000,75,78,81,83,87,97,120,140,210,210,210,10332,0,76,79.72109475270993,55.75616699999841,457.2250420000046,214.54094076655053
1776287072,200,POST,POST /v1/tweets/:id/like,107.600000,0.000000,78,81,83,85,92,100,120,140,190,190,190,20231,0,78,82.17118065562744,56.55854200000476,455.1277500000026,0.0
1776287072,200,,Aggregated,521.700000,0.000000,79,83,87,90,110,130,150,160,240,270,270,103074,0,84,96.6094081796096,55.75616699999841,928.1155420000005,7374.546015484021
1776287073,200,GET,GET /v1/timeline/home,257.100000,0.000000,80,85,91,97,120,130,150,170,230,270,270,51949,0,88,102.60455991482044,56.22562500000328,928.1155420000005,10277.114689406919
1776287073,200,GET,GET /v1/timeline/user/:id,99.800000,0.000000,83,89,94,100,120,140,150,170,260,260,260,20915,0,90,103.94486038470014,58.542500000001496,893.8289159999968,10863.65464977289
1776287073,200,POST,POST /v1/tweets,55.400000,0.000000,75,79,81,83,87,100,140,150,210,210,210,10375,0,76,79.72705340019269,55.75616699999841,457.2250420000046,214.5403373493976
1776287073,200,POST,POST /v1/tweets/:id/like,107.500000,0.000000,78,81,84,86,93,110,130,140,190,190,190,20345,0,78,82.16529523106404,56.55854200000476,455.1277500000026,0.0
1776287073,200,,Aggregated,519.800000,0.000000,80,84,88,92,110,130,150,160,240,270,270,103584,0,84,96.56927854170618,55.75616699999841,928.1155420000005,7369.140253320977
1776287074,200,GET,GET /v1/timeline/home,257.300000,0.000000,81,87,93,100,120,130,150,170,230,270,270,52193,0,88,102.53225316477325,56.22562500000328,928.1155420000005,10268.484049585193
1776287074,200,GET,GET /v1/timeline/user/:id,101.000000,0.000000,84,90,97,100,130,140,150,170,260,260,260,21025,0,90,103.87618097036886,58.542500000001496,893.8289159999968,10863.53079667063
1776287074,200,POST,POST /v1/tweets,54.800000,0.000000,75,79,81,83,88,100,140,150,210,210,210,10431,0,76,79.7066307227494,55.75616699999841,457.2250420000046,214.5406001342153
1776287074,200,POST,POST /v1/tweets/:id/like,105.500000,0.000000,78,81,84,86,94,110,130,140,190,190,190,20454,0,78,82.13888133827109,56.55854200000476,455.1277500000026,0.0
1776287074,200,,Aggregated,518.600000,0.000000,80,85,90,94,120,130,150,160,240,270,270,104103,0,84,96.50971766705169,55.75616699999841,928.1155420000005,7363.732034619559
1776287075,200,GET,GET /v1/timeline/home,255.500000,0.000000,81,88,96,100,130,140,150,170,230,270,270,52427,0,88,102.47758139826804,56.22562500000328,928.1155420000005,10262.270223358193
1776287075,200,GET,GET /v1/timeline/user/:id,102.600000,0.000000,84,92,100,110,130,140,150,170,260,260,260,21130,0,90,103.83213226999547,58.542500000001496,893.8289159999968,10863.388405111216
1776287075,200,POST,POST /v1/tweets,53.000000,0.000000,76,79,81,83,90,100,140,150,210,210,210,10499,0,76,79.6904336548242,55.75616699999841,457.2250420000046,214.54062291646824
1776287075,200,POST,POST /v1/tweets/:id/like,105.500000,0.000000,78,81,84,86,94,110,130,140,190,190,190,20552,0,78,82.11424512509717,56.55854200000476,455.1277500000026,0.0
1776287075,200,,Aggregated,516.600000,0.000000,80,86,91,97,120,130,150,160,240,270,270,104608,0,84,96.46343437963725,55.75616699999841,928.1155420000005,7359.053800856531
1776287076,200,GET,GET /v1/timeline/home,255.900000,0.000000,83,90,99,110,130,140,160,170,230,270,270,52693,0,88,102.46597290385814,56.22562500000328,928.1155420000005,10255.983735980111
1776287076,200,GET,GET /v1/timeline/user/:id,102.900000,0.000000,85,93,100,110,130,150,160,170,260,260,260,21233,0,90,103.83132803654706,58.542500000001496,893.8289159999968,10863.211792963783
1776287076,200,POST,POST /v1/tweets,50.800000,0.000000,76,79,82,83,91,100,140,150,210,210,210,10542,0,76,79.67708013431978,55.75616699999841,457.2250420000046,214.54097894137735
1776287076,200,POST,POST /v1/tweets/:id/like,106.400000,0.000000,78,82,84,86,95,110,130,140,190,190,190,20639,0,78,82.10381062037877,56.55854200000476,455.1277500000026,0.0
1776287076,200,,Aggregated,516.000000,0.000000,81,87,93,100,120,140,150,170,240,270,270,105107,0,84,96.45776612968791,55.75616699999841,928.1155420000005,7357.633820773117
1776287077,200,GET,GET /v1/timeline/home,254.700000,0.000000,83,92,100,110,130,150,160,180,230,270,270,52960,0,88,102.4484588262082,56.22562500000328,928.1155420000005,10251.413255287009
1776287077,200,GET,GET /v1/timeline/user/:id,102.300000,0.000000,85,94,110,120,140,150,160,180,260,260,260,21339,0,90,103.7880638071138,58.542500000001496,893.8289159999968,10863.193026852243
1776287077,200,POST,POST /v1/tweets,51.200000,0.000000,76,79,81,83,90,100,140,150,210,210,210,10602,0,76,79.65271332663634,55.75616699999841,457.2250420000046,214.5419732126014
1776287077,200,POST,POST /v1/tweets/:id/like,104.700000,0.000000,78,81,84,86,94,110,130,140,190,190,190,20737,0,78,82.08324475256774,56.55854200000476,455.1277500000026,0.0
1776287077,200,,Aggregated,512.800000,0.000000,81,87,95,100,130,140,160,170,240,270,270,105638,0,84,96.43350107100773,55.75616699999841,928.1155420000005,7355.299191578788
1776287078,200,GET,GET /v1/timeline/home,251.400000,0.000000,84,94,110,120,130,150,160,190,240,270,270,53207,0,88,102.41761831356753,56.22562500000328,928.1155420000005,10248.625105719173
1776287078,200,GET,GET /v1/timeline/user/:id,103.700000,0.000000,86,96,110,120,140,150,160,180,260,260,260,21453,0,90,103.74887256267206,58.542500000001496,893.8289159999968,10862.997063347784
1776287078,200,POST,POST /v1/tweets,52.300000,0.000000,76,79,81,83,91,100,140,150,210,210,210,10654,0,76,79.63731985836293,55.75616699999841,457.2250420000046,214.54204993429698
1776287078,200,POST,POST /v1/tweets/:id/like,103.800000,0.000000,78,81,84,86,96,110,130,140,190,190,190,20848,0,78,82.07010780285864,56.55854200000476,455.1277500000026,0.0
1776287078,200,,Aggregated,511.200000,0.000000,81,88,97,110,130,140,160,170,240,270,270,106162,0,83,96.40466828000704,55.75616699999841,928.1155420000005,7353.179131892768
1776287079,200,GET,GET /v1/timeline/home,252.900000,0.000000,84,96,110,120,140,150,170,190,240,270,270,53473,0,88,102.39699591036567,56.22562500000328,928.1155420000005,10246.504703308212
1776287079,200,GET,GET /v1/timeline/user/:id,104.000000,0.000000,87,98,110,120,140,150,170,210,260,260,260,21551,0,90,103.7439574634589,58.542500000001496,893.8289159999968,10863.03985893926
1776287079,200,POST,POST /v1/tweets,51.800000,0.000000,76,79,81,83,91,100,140,150,210,210,210,10703,0,76,79.62831729244125,55.75616699999841,457.2250420000046,214.54199757077456
1776287079,200,POST,POST /v1/tweets/:id/like,103.200000,0.000000,78,81,84,86,95,110,130,140,190,190,190,20951,0,78,82.05838007398197,56.55854200000476,455.1277500000026,0.0
1776287079,200,,Aggregated,511.900000,0.000000,82,89,99,110,130,150,160,180,240,270,270,106678,0,83,96.39032968860613,55.75616699999841,928.1155420000005,7352.190339151465
1776287080,200,GET,GET /v1/timeline/home,254.500000,0.000000,85,97,110,120,140,150,170,200,240,270,270,53719,0,88,102.40518389962556,56.22562500000328,928.1155420000005,10244.432435451145
1776287080,200,GET,GET /v1/timeline/user/:id,105.700000,0.000000,87,99,110,120,140,160,170,220,260,260,260,21659,0,90,103.7458156639272,58.542500000001496,893.8289159999968,10862.89057666559
1776287080,200,POST,POST /v1/tweets,52.800000,0.000000,76,79,81,83,90,100,120,150,210,210,210,10752,0,76,79.61709656938231,55.75616699999841,457.2250420000046,214.54241071428572
1776287080,200,POST,POST /v1/tweets/:id/like,101.800000,0.000000,78,81,84,86,94,110,130,140,190,190,190,21052,0,78,82.06220135113038,56.55854200000476,455.1277500000026,0.0
1776287080,200,,Aggregated,514.800000,0.000000,82,90,99,110,130,150,170,190,240,270,270,107182,0,83,96.39446157495755,55.75616699999841,928.1155420000005,7351.110942135806
1776287081,200,GET,GET /v1/timeline/home,251.400000,0.000000,85,98,110,120,140,150,170,200,240,270,270,53971,0,88,102.38697257675385,56.22562500000328,928.1155420000005,10243.70995534639
1776287081,200,GET,GET /v1/timeline/user/:id,106.700000,0.000000,87,99,110,120,140,160,170,220,260,260,260,21743,0,90,103.73715464954233,58.542500000001496,893.8289159999968,10862.776893712919
1776287081,200,POST,POST /v1/tweets,52.200000,0.000000,76,79,81,84,91,100,130,150,210,210,210,10816,0,76,79.63973222762564,55.75616699999841,457.2250420000046,214.54280695266272
1776287081,200,POST,POST /v1/tweets/:id/like,103.900000,0.000000,78,81,84,87,95,110,130,140,190,190,190,21163,0,78,82.07575224117545,56.55854200000476,455.1277500000026,0.0
1776287081,200,,Aggregated,514.200000,0.000000,82,90,100,110,130,150,170,190,240,270,270,107693,0,83,96.38357868142879,55.75616699999841,928.1155420000005,7348.417473744812
1776287082,200,GET,GET /v1/timeline/home,254.400000,0.000000,85,97,110,120,140,150,170,190,240,240,240,54229,0,88,102.35054683130762,56.22562500000328,928.1155420000005,10242.615943498866
1776287082,200,GET,GET /v1/timeline/user/:id,105.900000,0.000000,88,100,110,120,140,160,170,180,230,260,260,21845,0,90,103.71634855783935,58.542500000001496,893.8289159999968,10862.662577248799
1776287082,200,POST,POST /v1/tweets,50.600000,0.000000,76,79,81,83,90,100,120,130,180,180,180,10869,0,76,79.6530206498297,55.75616699999841,457.2250420000046,214.54292023185207
1776287082,200,POST,POST /v1/tweets/:id/like,101.500000,0.000000,78,82,85,87,95,110,130,130,170,170,170,21272,0,78,82.09903432587419,56.55854200000476,455.1277500000026,0.0
1776287082,200,,Aggregated,512.400000,0.000000,82,90,99,110,130,150,160,170,230,260,260,108215,0,83,96.36566814197762,55.75616699999841,928.1155420000005,7347.165836529131
1776287083,200,GET,GET /v1/timeline/home,252.300000,0.000000,85,97,110,120,140,150,170,190,240,240,240,54477,0,88,102.31384724667262,56.22562500000328,928.1155420000005,10241.705729023257
1776287083,200,GET,GET /v1/timeline/user/:id,106.600000,0.000000,87,100,110,120,140,160,170,180,230,260,260,21951,0,90,103.6744011619971,58.542500000001496,893.8289159999968,10862.301216345497
1776287083,200,POST,POST /v1/tweets,51.300000,0.000000,76,79,81,83,90,96,110,120,180,180,180,10921,0,76,79.631858386503,55.75616699999841,457.2250420000046,214.54344840216098
1776287083,200,POST,POST /v1/tweets/:id/like,101.100000,0.000000,78,82,85,87,94,100,120,130,170,170,170,21387,0,78,82.07520547206232,56.55854200000476,455.1277500000026,0.0
1776287083,200,,Aggregated,511.300000,0.000000,82,90,99,110,130,150,160,170,230,260,260,108736,0,83,96.32973606932485,55.75616699999841,928.1155420000005,7345.486370659211
1776287084,200,GET,GET /v1/timeline/home,251.200000,0.000000,85,98,110,120,140,150,170,190,240,240,240,54712,0,88,102.27874159308712,56.22562500000328,928.1155420000005,10241.921114197981
1776287084,200,GET,GET /v1/timeline/user/:id,104.200000,0.000000,87,100,110,120,140,160,170,180,230,260,260,22060,0,89,103.61962106527643,58.542500000001496,893.8289159999968,10862.027606527652
1776287084,200,POST,POST /v1/tweets,52.700000,0.000000,76,79,82,84,89,96,110,120,180,180,180,10959,0,76,79.61686737111043,55.75616699999841,457.2250420000046,214.54375399215257
1776287084,200,POST,POST /v1/tweets/:id/like,102.200000,0.000000,78,82,85,87,94,100,120,130,170,170,170,21512,0,78,82.04845256401059,56.55854200000476,455.1277500000026,0.0
1776287084,200,,Aggregated,510.300000,0.000000,82,90,99,110,130,150,160,180,230,260,260,109243,0,83,96.29240236736554,55.75616699999841,928.1155420000005,7344.392794046301
1776287085,200,GET,GET /v1/timeline/home,251.200000,0.000000,86,100,120,130,140,160,180,210,240,260,260,54968,0,88,102.30228083444895,56.22562500000328,928.1155420000005,10241.796608936109
1776287085,200,GET,GET /v1/timeline/user/:id,102.300000,0.000000,88,100,120,130,140,160,170,190,250,260,260,22168,0,90,103.63843165585521,58.542500000001496,893.8289159999968,10861.908652111151
1776287085,200,POST,POST /v1/tweets,53.400000,0.000000,76,79,82,84,89,95,110,130,180,180,180,10998,0,76,79.60326717503176,55.75616699999841,457.2250420000046,214.54364429896344
1776287085,200,POST,POST /v1/tweets/:id/like,103.700000,0.000000,78,82,85,87,94,100,120,130,170,170,170,21608,0,78,82.03131801966845,56.55854200000476,455.1277500000026,0.0
1776287085,200,,Aggregated,510.600000,0.000000,82,91,100,110,140,150,170,190,240,260,260,109742,0,83,96.30604488723671,55.75616699999841,928.1155420000005,7345.568861511545
1776287086,200,GET,GET /v1/timeline/home,251.000000,0.000000,86,100,120,130,140,160,180,210,240,260,260,55217,0,88,102.29557429675626,56.22562500000328,928.1155420000005,10242.178205987286
1776287086,200,GET,GET /v1/timeline/user/:id,103.100000,0.000000,88,100,120,130,140,160,170,210,250,260,260,22279,0,90,103.64035046766007,58.542500000001496,893.8289159999968,10861.83356524081
1776287086,200,POST,POST /v1/tweets,54.400000,0.000000,75,79,82,84,90,96,110,130,180,180,180,11040,0,76,79.58871496240936,55.75616699999841,457.2250420000046,214.54338768115943
1776287086,200,POST,POST /v1/tweets/:id/like,103.400000,0.000000,77,82,85,87,94,100,120,130,170,170,170,21701,0,78,82.02276601410055,56.55854200000476,455.1277500000026,0.0
1776287086,200,,Aggregated,511.900000,0.000000,82,91,100,110,140,150,170,190,240,260,260,110237,0,83,96.30245337291575,55.75616699999841,928.1155420000005,7346.913495468853
1776287087,200,GET,GET /v1/timeline/home,249.700000,0.000000,86,100,120,130,140,160,180,200,240,260,260,55475,0,88,102.28641868989614,56.22562500000328,928.1155420000005,10242.900549797207
1776287087,200,GET,GET /v1/timeline/user/:id,103.400000,0.000000,89,100,120,130,140,160,170,210,250,260,260,22383,0,90,103.61459464129011,58.542500000001496,893.8289159999968,10861.49814591431
1776287087,200,POST,POST /v1/tweets,52.600000,0.000000,76,79,82,84,91,97,110,130,180,180,180,11093,0,76,79.57593513341742,55.75616699999841,457.2250420000046,214.5437663391328
1776287087,200,POST,POST /v1/tweets/:id/like,105.000000,0.000000,77,82,85,88,95,100,120,130,170,170,170,21798,0,78,82.00858262358918,56.55854200000476,455.1277500000026,0.0
1776287087,200,,Aggregated,510.700000,0.000000,82,91,100,110,140,150,170,180,240,260,260,110749,0,83,96.2889369758835,55.75616699999841,928.1155420000005,7347.404987855421
1776287088,200,GET,GET /v1/timeline/home,252.600000,0.000000,87,100,120,130,150,160,180,200,250,260,260,55741,0,88,102.29134831303689,56.22562500000328,928.1155420000005,10243.902908092787
1776287088,200,GET,GET /v1/timeline/user/:id,103.700000,0.000000,90,110,120,130,150,160,170,210,250,260,260,22494,0,90,103.61025624882168,58.542500000001496,893.8289159999968,10861.447719391837
1776287088,200,POST,POST /v1/tweets,49.700000,0.000000,75,79,82,84,91,98,110,130,180,180,180,11143,0,76,79.56516376675934,55.75616699999841,457.2250420000046,214.54401866642735
1776287088,200,POST,POST /v1/tweets/:id/like,105.200000,0.000000,77,82,85,88,96,100,120,130,170,170,170,21881,0,78,81.99960516498314,56.55854200000476,455.1277500000026,0.0
1776287088,200,,Aggregated,511.200000,0.000000,83,92,100,110,140,150,170,190,250,260,260,111259,0,83,96.29116863216566,55.75616699999841,928.1155420000005,7349.638779784107
1776287089,200,GET,GET /v1/timeline/home,249.700000,0.000000,87,100,120,130,150,160,180,200,250,260,260,56009,0,88,102.28201842735972,56.22562500000328,928.1155420000005,10245.038297416486
1776287089,200,GET,GET /v1/timeline/user/:id,103.400000,0.000000,89,110,120,130,150,160,170,210,250,260,260,22590,0,90,103.60313800818923,58.542500000001496,893.8289159999968,10861.298406374503
1776287089,200,POST,POST /v1/tweets,49.100000,0.000000,75,79,81,84,91,98,110,130,180,180,180,11188,0,76,79.54120145271712,55.75616699999841,457.2250420000046,214.54370754379693
1776287089,200,POST,POST /v1/tweets/:id/like,104.800000,0.000000,77,81,84,87,95,100,120,130,170,170,170,21965,0,78,81.97715244097411,56.55854200000476,455.1277500000026,0.0
1776287089,200,,Aggregated,507.000000,0.000000,83,92,100,110,140,150,170,180,250,260,260,111752,0,83,96.28144080573159,55.75616699999841,928.1155420000005,7351.7377407115755
1776287090,200,GET,GET /v1/timeline/home,249.200000,0.000000,87,100,120,130,150,160,170,190,250,260,260,56263,0,88,102.27597307980366,56.22562500000328,928.1155420000005,10245.84376943995
1776287090,200,GET,GET /v1/timeline/user/:id,102.900000,0.000000,89,110,120,130,150,160,170,180,240,250,250,22689,0,90,103.60611496853073,58.542500000001496,893.8289159999968,10861.19137026753
1776287090,200,POST,POST /v1/tweets,48.800000,0.000000,75,79,81,84,91,100,120,130,180,180,180,11239,0,76,79.54753906602004,55.75616699999841,457.2250420000046,214.54319779339798
1776287090,200,POST,POST /v1/tweets/:id/like,104.700000,0.000000,77,81,84,86,94,100,120,130,160,170,170,22072,0,78,81.96505538279251,56.55854200000476,455.1277500000026,0.0
1776287090,200,,Aggregated,505.600000,0.000000,83,92,100,110,140,150,170,180,240,260,260,112263,0,83,96.27606343926392,55.75616699999841,928.1155420000005,7351.511450789663
1776287091,200,GET,GET /v1/timeline/home,251.800000,0.000000,87,100,120,130,150,160,170,190,250,260,260,56528,0,88,102.24870877586328,56.22562500000328,928.1155420000005,10247.309103453155
1776287091,200,GET,GET /v1/timeline/user/:id,102.700000,0.000000,88,100,120,130,150,160,170,210,240,250,250,22782,0,89,103.58148492480872,58.542500000001496,893.8289159999968,10861.091080677728
1776287091,200,POST,POST /v1/tweets,48.800000,0.000000,75,79,81,83,91,95,100,110,180,180,180,11289,0,76,79.54345186500127,55.75616699999841,457.2250420000046,214.5421206484188
1776287091,200,POST,POST /v1/tweets/:id/like,101.500000,0.000000,77,80,83,85,93,100,110,120,160,170,170,22173,0,78,81.94761397275946,56.55854200000476,455.1277500000026,0.0
1776287091,200,,Aggregated,504.800000,0.000000,82,91,100,110,140,150,170,180,240,260,260,112772,0,83,96.25349263967199,55.75616699999841,928.1155420000005,7352.172808853262
1776287092,200,GET,GET /v1/timeline/home,251.700000,0.000000,88,100,120,130,150,160,170,190,250,260,260,56790,0,88,102.225853030516,56.22562500000328,928.1155420000005,10248.5587955626
1776287092,200,GET,GET /v1/timeline/user/:id,102.900000,0.000000,87,100,120,130,150,160,170,210,240,250,250,22879,0,89,103.53606174601128,58.542500000001496,893.8289159999968,10860.933213864242
1776287092,200,POST,POST /v1/tweets,48.200000,0.000000,75,79,81,83,89,94,100,110,140,140,140,11334,0,76,79.5359685808187,55.75616699999841,457.2250420000046,214.54226221986943
1776287092,200,POST,POST /v1/tweets/:id/like,101.100000,0.000000,77,80,83,84,92,99,110,120,150,150,150,22283,0,78,81.94674463312818,56.55854200000476,455.1277500000026,0.0
1776287092,200,,Aggregated,503.900000,0.000000,83,91,100,110,140,150,170,180,240,260,260,113286,0,83,96.23155313847337,55.75616699999841,928.1155420000005,7352.493397242378
1776287093,200,GET,GET /v1/timeline/home,252.900000,0.000000,88,100,120,130,150,160,170,200,250,260,260,57039,0,88,102.20063246529581,56.22562500000328,928.1155420000005,10250.035887725942
1776287093,200,GET,GET /v1/timeline/user/:id,102.500000,0.000000,87,100,120,130,150,160,170,210,240,250,250,22983,0,89,103.51469011991435,58.542500000001496,893.8289159999968,10860.665839968673
1776287093,200,POST,POST /v1/tweets,48.300000,0.000000,75,78,81,82,89,95,100,110,140,140,140,11383,0,76,79.51981378125268,55.75616699999841,457.2250420000046,214.54309057366248
1776287093,200,POST,POST /v1/tweets/:id/like,101.200000,0.000000,77,80,83,85,92,100,110,120,150,150,150,22388,0,78,81.94442698802906,56.55854200000476,455.1277500000026,0.0
1776287093,200,,Aggregated,504.900000,0.000000,83,92,100,110,140,150,170,180,240,260,260,113793,0,83,96.2119451099286,55.75616699999841,928.1155420000005,7352.86550139288
1776287094,200,GET,GET /v1/timeline/home,253.900000,0.000000,88,100,120,130,150,160,170,200,250,260,260,57288,0,88,102.19742231971813,56.22562500000328,928.1155420000005,10251.475404971372
1776287094,200,GET,GET /v1/timeline/user/:id,103.300000,0.000000,88,100,120,130,150,160,170,210,240,250,250,23088,0,89,103.50255570997882,58.542500000001496,893.8289159999968,10860.516372141372
1776287094,200,POST,POST /v1/tweets,47.300000,0.000000,75,79,81,83,90,97,100,110,140,140,140,11427,0,76,79.51599052183417,55.75616699999841,457.2250420000046,214.5433622123042
1776287094,200,POST,POST /v1/tweets/:id/like,100.300000,0.000000,77,81,84,85,93,100,110,120,170,170,170,22498,0,78,81.95940728780313,56.55854200000476,455.1277500000026,0.0
1776287094,200,,Aggregated,504.800000,0.000000,83,93,110,120,140,150,170,180,240,260,260,114301,0,83,96.21004982404429,55.75616699999841,928.1155420000005,7353.266480608218
1776287095,200,GET,GET /v1/timeline/home,255.400000,0.000000,88,100,120,130,150,160,170,180,240,250,250,57536,0,88,102.18976075314615,56.22562500000328,928.1155420000005,10253.071138070078
1776287095,200,GET,GET /v1/timeline/user/:id,103.100000,0.000000,87,100,120,130,150,160,170,210,240,240,240,23196,0,89,103.4906323032416,58.542500000001496,893.8289159999968,10860.328677358166
1776287095,200,POST,POST /v1/tweets,46.600000,0.000000,75,79,81,82,89,97,100,110,140,140,140,11480,0,76,79.49537320932046,55.75616699999841,457.2250420000046,214.54398954703834
1776287095,200,POST,POST /v1/tweets/:id/like,100.300000,0.000000,77,81,84,86,93,110,120,120,170,170,170,22593,0,78,81.94884570043796,56.55854200000476,455.1277500000026,0.0
1776287095,200,,Aggregated,505.400000,0.000000,83,92,100,110,140,150,160,170,240,250,250,114805,0,83,96.19995589871588,55.75616699999841,928.1155420000005,7354.208004877836
1776287096,200,GET,GET /v1/timeline/home,255.200000,0.000000,87,100,120,130,140,160,170,180,240,250,250,57779,0,88,102.15959406787948,56.22562500000328,928.1155420000005,10254.697900621333
1776287096,200,GET,GET /v1/timeline/user/:id,102.600000,0.000000,86,100,120,130,140,160,170,210,230,240,240,23300,0,89,103.4492249157079,58.542500000001496,893.8289159999968,10860.199871244635
1776287096,200,POST,POST /v1/tweets,46.200000,0.000000,75,79,81,82,89,96,100,110,140,140,140,11533,0,76,79.48308875860565,55.75616699999841,457.2250420000046,214.54426428509495
1776287096,200,POST,POST /v1/tweets/:id/like,99.300000,0.000000,77,81,84,86,93,100,110,120,160,170,170,22720,0,78,81.92763649647861,56.55854200000476,455.1277500000026,0.0
1776287096,200,,Aggregated,503.300000,0.000000,83,91,100,110,140,150,160,170,230,250,250,115332,0,83,96.16689635172439,55.75616699999841,928.1155420000005,7352.88719522769
1776287097,200,GET,GET /v1/timeline/home,257.300000,0.000000,87,100,120,130,140,160,170,180,240,250,250,58034,0,88,102.15413821247891,56.22562500000328,928.1155420000005,10256.38127649309
1776287097,200,GET,GET /v1/timeline/user/:id,102.200000,0.000000,87,100,120,130,150,160,170,210,230,240,240,23394,0,89,103.44366612892176,58.542500000001496,893.8289159999968,10860.122296315294
1776287097,200,POST,POST /v1/tweets,47.000000,0.000000,76,79,81,82,88,95,100,110,140,140,140,11586,0,76,79.46894879121342,55.75616699999841,457.2250420000046,214.54341446573451
1776287097,200,POST,POST /v1/tweets/:id/like,98.700000,0.000000,77,81,84,85,92,100,110,120,160,170,170,22814,0,78,81.9134732417811,56.55854200000476,455.1277500000026,0.0
1776287097,200,,Aggregated,505.200000,0.000000,83,91,100,110,140,150,160,180,230,250,250,115828,0,83,96.15874919428889,55.75616699999841,928.1155420000005,7353.716130814656
1776287098,200,GET,GET /v1/timeline/home,255.700000,0.000000,87,100,120,130,150,160,170,190,240,240,240,58292,0,88,102.16919270918822,56.22562500000328,928.1155420000005,10258.17436354903
1776287098,200,GET,GET /v1/timeline/user/:id,101.900000,0.000000,87,100,120,130,150,160,180,210,230,240,240,23503,0,89,103.44568880747117,58.542500000001496,893.8289159999968,10859.90822448198
1776287098,200,POST,POST /v1/tweets,48.100000,0.000000,76,79,81,82,87,95,100,110,140,140,140,11634,0,76,79.46074043639322,55.75616699999841,457.2250420000046,214.54323534467937
1776287098,200,POST,POST /v1/tweets/:id/like,98.200000,0.000000,78,81,84,85,92,100,110,120,160,170,170,22917,0,78,81.90906378457012,56.55854200000476,455.1277500000026,0.0
1776287098,200,,Aggregated,503.900000,0.000000,82,91,100,110,140,150,170,180,240,240,240,116346,0,83,96.1656341810986,55.75616699999841,928.1155420000005,7354.837458958624
1776287099,200,GET,GET /v1/timeline/home,256.200000,0.000000,87,100,120,130,140,160,170,190,240,240,240,58527,0,88,102.13676303219027,56.22562500000328,928.1155420000005,10259.929844345344
1776287099,200,GET,GET /v1/timeline/user/:id,102.000000,0.000000,86,100,110,120,140,160,170,210,230,240,240,23614,0,89,103.39284816896722,58.542500000001496,893.8289159999968,10859.765266367409
1776287099,200,POST,POST /v1/tweets,49.100000,0.000000,76,79,81,83,89,97,100,110,140,140,140,11686,0,76,79.45479354826276,55.75616699999841,457.2250420000046,214.54338524730446
1776287099,200,POST,POST /v1/tweets/:id/like,101.500000,0.000000,78,81,84,86,93,100,120,120,160,170,170,23029,0,78,81.89795496274229,56.55854200000476,455.1277500000026,0.0
1776287099,200,,Aggregated,508.800000,0.000000,82,91,100,110,130,150,160,180,240,240,240,116856,0,83,96.1338208469321,55.75616699999841,928.1155420000005,7354.629330115698
1776287100,200,GET,GET /v1/timeline/home,256.700000,0.000000,88,110,120,130,150,160,200,240,640,660,660,58724,0,88,102.31929321037393,56.22562500000328,928.1155420000005,10261.381581636128
1776287100,200,GET,GET /v1/timeline/user/:id,101.000000,0.000000,87,100,120,130,150,180,230,300,660,670,670,23703,0,89,103.73511820199934,58.542500000001496,893.8289159999968,10859.698941062314
1776287100,200,POST,POST /v1/tweets,49.100000,0.000000,76,79,82,83,91,100,120,140,170,170,170,11729,0,76,79.51541979930076,55.75616699999841,457.2250420000046,214.54352459715236
1776287100,200,POST,POST /v1/tweets/:id/like,101.700000,0.000000,79,83,86,88,100,120,150,180,350,360,360,23131,0,78,82.06786290229529,56.55854200000476,455.1277500000026,0.0
1776287100,200,,Aggregated,508.500000,0.000000,83,93,110,120,140,160,190,240,640,670,670,117287,0,83,96.33104927952026,55.75616699999841,928.1155420000005,7353.868689624596
1776287101,200,GET,GET /v1/timeline/home,254.600000,0.000000,91,110,120,130,150,170,210,240,640,660,660,58937,0,88,102.38664697446411,56.22562500000328,928.1155420000005,10262.979588374026
1776287101,200,GET,GET /v1/timeline/user/:id,100.900000,0.000000,90,110,120,130,160,180,240,300,660,670,670,23796,0,90,103.80282995537026,58.542500000001496,893.8289159999968,10859.723903177004
1776287101,200,POST,POST /v1/tweets,49.200000,0.000000,77,80,83,84,94,110,120,150,250,250,250,11764,0,76,79.5644672867221,55.75616699999841,457.2250420000046,214.54335260115607
1776287101,200,POST,POST /v1/tweets/:id/like,103.500000,0.000000,80,84,88,91,110,130,160,240,380,400,400,23197,0,78,82.15226626641345,56.55854200000476,455.1277500000026,0.0
1776287101,200,,Aggregated,508.200000,0.000000,84,97,110,120,150,170,210,260,650,670,670,117694,0,83,96.40369490454145,55.75616699999841,928.1155420000005,7356.459173789658
1776287103,200,GET,GET /v1/timeline/home,245.900000,0.000000,93,110,130,140,160,180,260,310,640,660,660,59181,0,88,102.48663982619408,56.22562500000328,928.1155420000005,10264.730994744936
1776287103,200,GET,GET /v1/timeline/user/:id,101.300000,0.000000,92,110,130,140,160,200,280,350,670,670,670,23882,0,90,103.86178263428489,58.542500000001496,893.8289159999968,10859.64525584122
1776287103,200,POST,POST /v1/tweets,48.900000,0.000000,78,82,86,91,110,170,360,380,540,540,540,11829,0,76,80.00201421962963,55.75616699999841,542.3357089999854,214.54315664891368
1776287103,200,POST,POST /v1/tweets/:id/like,105.900000,0.000000,81,87,92,99,130,250,430,520,680,680,680,23314,0,78,82.77672907338902,56.55854200000476,680.8767079999996,0.0
1776287103,200,,Aggregated,502.000000,0.000000,87,100,120,130,160,190,310,400,650,680,680,118206,0,84,96.62698519742737,55.75616699999841,928.1155420000005,7354.659864981473
1776287104,200,GET,GET /v1/timeline/home,240.100000,0.000000,95,110,130,140,160,180,260,310,640,660,660,59439,0,88,102.51958025824783,56.22562500000328,928.1155420000005,10266.616211578257
1776287104,200,GET,GET /v1/timeline/user/:id,101.100000,0.000000,94,110,130,140,170,200,280,350,670,670,670,23981,0,90,103.90741540185958,58.542500000001496,893.8289159999968,10859.472624160793
1776287104,200,POST,POST /v1/tweets,47.200000,0.000000,79,83,89,93,120,170,320,380,540,540,540,11882,0,76,80.04434651455973,55.75616699999841,542.3357089999854,214.5434270324861
1776287104,200,POST,POST /v1/tweets/:id/like,102.200000,0.000000,81,88,94,100,130,250,430,520,680,680,680,23407,0,78,82.80849722459054,56.55854200000476,680.8767079999996,0.0
1776287104,200,,Aggregated,490.600000,0.000000,88,100,120,130,160,190,310,400,650,680,680,118709,0,84,96.66369424006699,55.75616699999841,928.1155420000005,7355.8670277738
1776287105,200,GET,GET /v1/timeline/home,238.000000,0.000000,95,110,130,140,160,180,260,310,640,660,660,59696,0,88,102.4941200055446,56.22562500000328,928.1155420000005,10268.472527472528
1776287105,200,GET,GET /v1/timeline/user/:id,100.000000,0.000000,95,110,130,140,170,200,280,350,670,670,670,24065,0,90,103.89198169736105,58.542500000001496,893.8289159999968,10859.326740078954
1776287105,200,POST,POST /v1/tweets,49.100000,0.000000,79,84,89,93,120,170,320,380,540,540,540,11941,0,76,80.02243406063135,55.75616699999841,542.3357089999854,214.54333807888787
1776287105,200,POST,POST /v1/tweets/:id/like,102.600000,0.000000,81,88,94,99,130,250,430,520,680,680,680,23511,0,78,82.78496592684233,56.55854200000476,680.8767079999996,0.0
1776287105,200,,Aggregated,489.700000,0.000000,88,100,120,130,160,190,310,400,650,680,680,119213,0,84,96.63840979106403,55.75616699999841,928.1155420000005,7355.559343360204
1776287106,200,GET,GET /v1/timeline/home,239.000000,0.000000,95,110,130,140,160,190,260,310,640,660,660,59941,0,88,102.47976626546071,56.22562500000328,928.1155420000005,10270.380357351396
1776287106,200,GET,GET /v1/timeline/user/:id,98.800000,0.000000,95,110,130,140,170,200,280,350,670,670,670,24175,0,90,103.86978932591488,58.542500000001496,893.8289159999968,10859.141633919338
1776287106,200,POST,POST /v1/tweets,49.600000,0.000000,78,84,89,93,120,170,320,380,540,540,540,11993,0,76,80.01110729417148,55.75616699999841,542.3357089999854,214.5434836988243
1776287106,200,POST,POST /v1/tweets/:id/like,101.400000,0.000000,82,88,95,100,130,260,440,520,680,680,680,23616,0,78,82.77734281241487,56.55854200000476,680.8767079999996,0.0
1776287106,200,,Aggregated,488.800000,0.000000,88,100,120,130,160,200,310,400,650,680,680,119725,0,84,96.62338495977552,55.75616699999841,928.1155420000005,7356.104723324285
1776287107,200,GET,GET /v1/timeline/home,239.700000,0.000000,96,110,130,140,160,200,260,310,640,660,660,60182,0,88,102.5161151527862,56.22562500000328,928.1155420000005,10272.179056860856
1776287107,200,GET,GET /v1/timeline/user/:id,97.300000,0.000000,98,120,140,150,180,210,280,350,670,670,670,24267,0,90,103.95966397618133,58.542500000001496,893.8289159999968,10859.200148349611
1776287107,200,POST,POST /v1/tweets,51.000000,0.000000,79,84,91,97,120,170,360,380,540,540,540,12037,0,76,80.0057959682644,55.75616699999841,542.3357089999854,214.54357398022762
1776287107,200,POST,POST /v1/tweets/:id/like,100.800000,0.000000,81,89,96,100,130,250,430,520,680,680,680,23729,0,78,82.77260137835513,56.55854200000476,680.8767079999996,0.0
1776287107,200,,Aggregated,488.800000,0.000000,89,100,120,130,160,210,310,400,650,680,680,120215,0,84,96.6564474650595,55.75616699999841,928.1155420000005,7356.011737303997
1776287108,200,GET,GET /v1/timeline/home,238.800000,0.000000,96,120,130,140,170,210,260,310,640,660,660,60431,0,88,102.5863068701656,56.22562500000328,928.1155420000005,10274.030265923118
1776287108,200,GET,GET /v1/timeline/user/:id,97.100000,0.000000,98,120,140,150,180,220,280,350,670,670,670,24374,0,90,104.00025207023847,58.542500000001496,893.8289159999968,10859.025149749734
1776287108,200,POST,POST /v1/tweets,50.900000,0.000000,78,84,91,97,120,170,360,380,540,540,540,12081,0,76,79.99319187368584,55.75616699999841,542.3357089999854,214.54358082940155
1776287108,200,POST,POST /v1/tweets/:id/like,101.400000,0.000000,82,89,98,100,130,250,430,520,680,680,680,23826,0,78,82.77891316322456,56.55854200000476,680.8767079999996,0.0
1776287108,200,,Aggregated,488.200000,0.000000,89,110,120,130,170,220,310,400,650,680,680,120712,0,84,96.70110171717923,55.75616699999841,928.1155420000005,7357.509634501955
1776287109,200,GET,GET /v1/timeline/home,238.500000,0.000000,96,120,130,140,170,210,260,310,640,660,660,60676,0,88,102.57481059181518,56.22562500000328,928.1155420000005,10275.878716461204
1776287109,200,GET,GET /v1/timeline/user/:id,95.900000,0.000000,99,120,140,150,180,220,280,350,670,670,670,24478,0,90,103.98430745465282,58.542500000001496,893.8289159999968,10858.94819838222
1776287109,200,POST,POST /v1/tweets,50.200000,0.000000,78,84,92,98,120,170,360,380,540,540,540,12132,0,76,79.99838239680172,55.75616699999841,542.3357089999854,214.54393339927464
1776287109,200,POST,POST /v1/tweets/:id/like,100.700000,0.000000,82,91,99,110,130,260,440,520,680,680,680,23928,0,78,82.78323846840472,56.55854200000476,680.8767079999996,0.0
1776287109,200,,Aggregated,485.300000,0.000000,90,110,120,140,170,220,310,400,650,680,680,121214,0,84,96.69291328274082,55.75616699999841,928.1155420000005,7358.121982609269
1776287110,200,GET,GET /v1/timeline/home,237.600000,0.000000,94,110,130,140,170,200,240,270,380,410,410,60952,0,88,102.61377303604448,56.22562500000328,928.1155420000005,10277.945334033338
1776287110,200,GET,GET /v1/timeline/user/:id,97.100000,0.000000,96,110,130,140,170,200,230,250,350,350,350,24567,0,90,104.0141150918301,58.542500000001496,893.8289159999968,10858.747873163187
1776287110,200,POST,POST /v1/tweets,49.400000,0.000000,78,84,90,96,110,160,360,380,540,540,540,12180,0,76,80.01665132298841,55.75616699999841,542.3357089999854,214.5435960591133
1776287110,200,POST,POST /v1/tweets/:id/like,99.800000,0.000000,80,88,95,100,120,180,430,520,680,680,680,24036,0,78,82.79270851971994,56.55854200000476,680.8767079999996,0.0
1776287110,200,,Aggregated,483.900000,0.000000,88,100,120,130,160,200,260,350,560,680,680,121735,0,84,96.7218779697551,55.75616699999841,928.1155420000005,7358.946268534111
1776287111,200,GET,GET /v1/timeline/home,236.500000,0.000000,93,110,130,140,170,210,240,260,380,410,410,61184,0,88,102.68046088178244,56.22562500000328,928.1155420000005,10279.702078974895
1776287111,200,GET,GET /v1/timeline/user/:id,97.000000,0.000000,96,110,130,140,170,210,230,250,350,350,350,24667,0,90,104.08424599002674,58.542500000001496,893.8289159999968,10858.60850529047
1776287111,200,POST,POST /v1/tweets,49.300000,0.000000,77,84,90,96,110,150,320,380,540,540,540,12234,0,76,80.04189253228695,55.75616699999841,542.3357089999854,214.54315841098577
1776287111,200,POST,POST /v1/tweets/:id/like,100.400000,0.000000,80,87,94,100,120,150,430,520,680,680,680,24118,0,78,82.8180012136988,56.55854200000476,680.8767079999996,0.0
1776287111,200,,Aggregated,483.200000,0.000000,87,100,120,130,160,210,250,340,560,680,680,122203,0,84,96.77736619345774,55.75616699999841,928.1155420000005,7360.108254298176
1776287112,200,GET,GET /v1/timeline/home,241.000000,0.000000,93,110,130,140,170,200,230,240,260,270,270,61444,0,88,102.73409765609316,56.22562500000328,928.1155420000005,10281.633552503092
1776287112,200,GET,GET /v1/timeline/user/:id,94.500000,0.000000,97,120,130,140,170,200,230,240,260,260,260,24769,0,90,104.10842063345262,58.542500000001496,893.8289159999968,10858.43921837781
1776287112,200,POST,POST /v1/tweets,49.100000,0.000000,76,81,85,89,100,120,120,130,150,150,150,12275,0,76,80.03498622118116,55.75616699999841,542.3357089999854,214.54338085539715
1776287112,200,POST,POST /v1/tweets/:id/like,99.800000,0.000000,78,83,89,94,110,120,130,140,170,170,170,24217,0,78,82.80610431312664,56.55854200000476,680.8767079999996,0.0
1776287112,200,,Aggregated,484.400000,0.000000,86,100,120,130,150,190,220,240,260,270,270,122705,0,84,96.80779308966305,55.75616699999841,928.1155420000005,7361.8099751436375
1776287113,200,GET,GET /v1/timeline/home,244.400000,0.000000,92,110,130,140,180,210,240,240,260,270,270,61711,0,88,102.81326026509038,56.22562500000328,928.1155420000005,10283.60245337136
1776287113,200,GET,GET /v1/timeline/user/:id,95.700000,0.000000,95,120,130,150,180,210,230,240,260,260,260,24857,0,90,104.19220580564784,58.542500000001496,893.8289159999968,10858.353099730459
1776287113,200,POST,POST /v1/tweets,50.200000,0.000000,76,80,83,87,100,110,120,140,150,150,150,12315,0,76,80.0527873420218,55.75616699999841,542.3357089999854,214.543808363784
1776287113,200,POST,POST /v1/tweets/:id/like,98.400000,0.000000,78,83,88,92,100,120,130,140,170,170,170,24303,0,78,82.80708964214246,56.55854200000476,680.8767079999996,0.0
1776287113,200,,Aggregated,488.700000,0.000000,86,100,120,130,160,190,230,240,260,270,270,123186,0,84,96.86916970775978,55.75616699999841,928.1155420000005,7364.145122010618
1776287114,200,GET,GET /v1/timeline/home,248.900000,0.000000,94,120,140,150,180,210,240,240,260,270,270,61967,0,88,102.86682989057066,56.22562500000328,928.1155420000005,10285.469475688673
1776287114,200,GET,GET /v1/timeline/user/:id,96.400000,0.000000,98,120,140,150,180,220,230,240,260,260,260,24949,0,90,104.25598636241887,58.542500000001496,893.8289159999968,10858.39921439737
1776287114,200,POST,POST /v1/tweets,50.800000,0.000000,76,81,85,89,100,120,120,140,150,150,150,12360,0,76,80.04816479166657,55.75616699999841,542.3357089999854,214.54393203883495
1776287114,200,POST,POST /v1/tweets/:id/like,101.500000,0.000000,78,83,89,94,110,120,130,140,170,170,170,24409,0,78,82.81895082039365,56.55854200000476,680.8767079999996,0.0
1776287114,200,,Aggregated,497.600000,0.000000,87,100,120,130,160,200,230,240,260,270,270,123685,0,84,96.91033301520086,55.75616699999841,928.1155420000005,7364.819113069491
1776287115,200,GET,GET /v1/timeline/home,251.200000,0.000000,96,120,140,150,190,220,240,250,270,330,330,62201,0,88,102.95867374093656,56.22562500000328,928.1155420000005,10287.168791498529
1776287115,200,GET,GET /v1/timeline/user/:id,97.200000,0.000000,99,120,140,150,190,220,240,240,270,270,270,25054,0,90,104.28372465861702,58.542500000001496,893.8289159999968,10858.254729783668
1776287115,200,POST,POST /v1/tweets,48.400000,0.000000,77,81,86,92,110,120,140,140,170,170,170,12419,0,76,80.06789139560345,55.75616699999841,542.3357089999854,214.54432724051856
1776287115,200,POST,POST /v1/tweets/:id/like,98.000000,0.000000,78,84,90,95,110,120,130,140,170,170,170,24494,0,78,82.83223608308109,56.55854200000476,680.8767079999996,0.0
1776287115,200,,Aggregated,494.800000,0.000000,88,110,120,140,170,210,230,240,270,330,330,124168,0,84,96.96631045694646,55.75616699999841,928.1155420000005,7365.660443914696
1776287116,200,GET,GET /v1/timeline/home,251.200000,0.000000,97,120,140,150,190,220,240,250,270,330,330,62462,0,88,103.01403843115817,56.22562500000328,928.1155420000005,10289.043290320515
1776287116,200,GET,GET /v1/timeline/user/:id,96.800000,0.000000,98,120,140,150,190,220,240,250,270,270,270,25139,0,90,104.32254558017388,58.542500000001496,893.8289159999968,10858.087115637058
1776287116,200,POST,POST /v1/tweets,47.900000,0.000000,77,82,87,93,110,120,140,140,170,170,170,12474,0,76,80.08831183774245,55.75616699999841,542.3357089999854,214.54433221099887
1776287116,200,POST,POST /v1/tweets/:id/like,99.800000,0.000000,79,85,91,95,110,120,130,140,170,170,170,24596,0,78,82.8425976477065,56.55854200000476,680.8767079999996,0.0
1776287116,200,,Aggregated,495.700000,0.000000,89,110,120,130,170,210,230,240,270,330,330,124671,0,84,97.00447959376368,55.75616699999841,928.1155420000005,7365.882201955547
1776287117,200,GET,GET /v1/timeline/home,249.200000,0.000000,95,120,140,150,190,220,240,250,270,330,330,62715,0,88,102.99463524974882,56.22562500000328,928.1155420000005,10290.86881926174
1776287117,200,GET,GET /v1/timeline/user/:id,98.000000,0.000000,96,120,130,140,180,220,240,250,270,270,270,25241,0,90,104.30619079105395,58.542500000001496,893.8289159999968,10858.114773582663
1776287117,200,POST,POST /v1/tweets,47.300000,0.000000,78,82,87,92,110,120,140,140,170,170,170,12527,0,76,80.07832250882086,55.75616699999841,542.3357089999854,214.54394507863014
1776287117,200,POST,POST /v1/tweets/:id/like,98.000000,0.000000,80,85,91,94,110,120,130,140,170,170,170,24694,0,78,82.83488168287799,56.55854200000476,680.8767079999996,0.0
1776287117,200,,Aggregated,492.500000,0.000000,88,100,120,130,170,200,230,240,270,330,330,125177,0,84,96.9887984676906,55.75616699999841,928.1155420000005,7366.761505707917
1776287118,200,GET,GET /v1/timeline/home,251.700000,0.000000,95,120,140,150,190,220,240,250,270,330,330,62979,0,88,102.98097136318445,56.22562500000328,928.1155420000005,10292.744470379015
1776287118,200,GET,GET /v1/timeline/user/:id,96.700000,0.000000,97,120,130,140,180,220,240,250,270,270,270,25339,0,90,104.30014041635401,58.542500000001496,893.8289159999968,10858.000828761988
1776287118,200,POST,POST /v1/tweets,47.800000,0.000000,78,82,86,91,100,120,130,140,170,170,170,12580,0,76,80.06213993632738,55.75616699999841,542.3357089999854,214.54364069952305
1776287118,200,POST,POST /v1/tweets/:id/like,98.000000,0.000000,80,85,90,94,110,120,130,140,170,170,170,24785,0,78,82.8215314635057,56.55854200000476,680.8767079999996,0.0
1776287118,200,,Aggregated,494.200000,0.000000,88,100,120,130,160,200,230,240,270,330,330,125683,0,84,96.97742122016584,55.75616699999841,928.1155420000005,7368.1929616575035
1776287119,200,GET,GET /v1/timeline/home,252.400000,0.000000,95,120,140,140,180,210,240,250,270,330,330,63241,0,88,102.9772809249853,56.22562500000328,928.1155420000005,10294.604212457109
1776287119,200,GET,GET /v1/timeline/user/:id,97.600000,0.000000,96,120,130,140,170,210,230,250,270,270,270,25445,0,90,104.29589162428748,58.542500000001496,893.8289159999968,10857.90371389271
1776287119,200,POST,POST /v1/tweets,49.000000,0.000000,77,81,86,91,100,120,120,140,170,170,170,12631,0,76,80.06761797553625,55.75616699999841,542.3357089999854,214.5432665663843
1776287119,200,POST,POST /v1/tweets/:id/like,96.100000,0.000000,79,84,89,94,110,120,130,140,170,170,170,24876,0,78,82.82601044460473,56.55854200000476,680.8767079999996,0.0
1776287119,200,,Aggregated,495.100000,0.000000,88,100,120,130,160,200,230,240,270,330,330,126193,0,84,96.97771749483807,55.75616699999841,928.1155420000005,7369.904202293313
1776287120,200,GET,GET /v1/timeline/home,253.100000,0.000000,94,120,130,140,180,210,230,250,270,330,330,63504,0,89,102.98577954889451,56.22562500000328,928.1155420000005,10296.447609599396
1776287120,200,GET,GET /v1/timeline/user/:id,96.100000,0.000000,94,120,130,140,170,210,230,250,270,270,270,25551,0,90,104.30380765437735,58.542500000001496,893.8289159999968,10857.803256232633
1776287120,200,POST,POST /v1/tweets,49.500000,0.000000,77,81,86,89,100,110,120,140,170,170,170,12677,0,76,80.06303953514225,55.75616699999841,542.3357089999854,214.54334621755936
1776287120,200,POST,POST /v1/tweets/:id/like,96.200000,0.000000,79,84,88,92,100,110,130,140,160,160,160,24965,0,78,82.82242858622018,56.55854200000476,680.8767079999996,0.0
1776287120,200,,Aggregated,494.900000,0.000000,87,100,120,130,160,190,230,240,270,330,330,126697,0,84,96.98490584380134,55.75616699999841,928.1155420000005,7372.022273613424
1776287121,200,GET,GET /v1/timeline/home,256.300000,0.000000,93,110,130,140,170,200,230,240,270,330,330,63751,0,89,102.99302679984623,56.22562500000328,928.1155420000005,10298.16867186397
1776287121,200,GET,GET /v1/timeline/user/:id,96.000000,0.000000,93,120,130,140,170,210,230,240,270,270,270,25659,0,90,104.31670162855126,58.542500000001496,893.8289159999968,10857.714525117892
1776287121,200,POST,POST /v1/tweets,49.400000,0.000000,77,81,86,88,99,110,120,140,170,170,170,12715,0,76,80.04865606724329,55.75616699999841,542.3357089999854,214.54337396775463
1776287121,200,POST,POST /v1/tweets/:id/like,94.800000,0.000000,80,84,88,92,100,120,130,140,160,160,160,25068,0,78,82.82052691981761,56.55854200000476,680.8767079999996,0.0
1776287121,200,,Aggregated,496.500000,0.000000,87,100,120,130,150,180,220,240,270,330,330,127193,0,84,96.9906703146014,55.75616699999841,928.1155420000005,7373.39764766929
1776287122,200,GET,GET /v1/timeline/home,253.400000,0.000000,92,110,130,140,160,190,230,240,270,330,330,63999,0,89,102.97833432506751,56.22562500000328,928.1155420000005,10299.884170065157
1776287122,200,GET,GET /v1/timeline/user/:id,98.600000,0.000000,92,110,130,140,160,180,220,230,270,270,270,25778,0,90,104.29509445418572,58.542500000001496,893.8289159999968,10857.635464349445
1776287122,200,POST,POST /v1/tweets,49.500000,0.000000,77,81,85,88,96,110,120,130,170,170,170,12773,0,76,80.04511169192817,55.75616699999841,542.3357089999854,214.54309872387066
1776287122,200,POST,POST /v1/tweets/:id/like,92.800000,0.000000,80,84,88,91,100,110,130,140,160,160,160,25178,0,78,82.80980010779206,56.55854200000476,680.8767079999996,0.0
1776287122,200,,Aggregated,494.300000,0.000000,86,99,110,120,150,170,210,230,270,330,330,127728,0,84,96.97506202293225,55.75616699999841,928.1155420000005,7373.5654907303015
1776287123,200,GET,GET /v1/timeline/home,255.600000,0.000000,91,110,120,130,160,180,220,240,270,330,330,64259,0,89,102.95818440173355,56.22562500000328,928.1155420000005,10301.670271868532
1776287123,200,GET,GET /v1/timeline/user/:id,99.300000,0.000000,90,110,120,130,150,180,210,230,270,270,270,25862,0,90,104.26608242177706,58.542500000001496,893.8289159999968,10857.49458665223
1776287123,200,POST,POST /v1/tweets,48.300000,0.000000,77,81,85,88,94,110,120,120,170,170,170,12822,0,76,80.03784859834644,55.75616699999841,542.3357089999854,214.542583060365
1776287123,200,POST,POST /v1/tweets/:id/like,94.700000,0.000000,79,84,87,90,98,110,120,130,160,160,160,25283,0,78,82.79745915706158,56.55854200000476,680.8767079999996,0.0
1776287123,200,,Aggregated,497.900000,0.000000,85,96,110,120,140,170,210,230,270,330,330,128226,0,84,96.95485197743896,55.75616699999841,928.1155420000005,7373.874409246175
1776287124,200,GET,GET /v1/timeline/home,253.700000,0.000000,90,110,120,130,150,160,200,220,260,270,270,64529,0,89,102.94957751327298,56.22562500000328,928.1155420000005,10303.50412992608
1776287124,200,GET,GET /v1/timeline/user/:id,100.000000,0.000000,90,110,120,130,150,170,190,210,270,270,270,25963,0,90,104.25941106112535,58.542500000001496,893.8289159999968,10857.357393213419
1776287124,200,POST,POST /v1/tweets,49.100000,0.000000,76,81,85,87,93,100,120,120,130,130,130,12856,0,76,80.03637530958292,55.75616699999841,542.3357089999854,214.5428593652769
1776287124,200,POST,POST /v1/tweets/:id/like,95.600000,0.000000,79,83,86,89,96,110,120,130,140,140,140,25389,0,78,82.78281480601787,56.55854200000476,680.8767079999996,0.0
1776287124,200,,Aggregated,498.400000,0.000000,85,95,110,120,140,160,180,210,260,270,270,128737,0,84,96.94835907955046,55.75616699999841,928.1155420000005,7375.677163519424
1776287125,200,GET,GET /v1/timeline/home,253.300000,0.000000,89,100,120,130,140,160,170,190,250,260,260,64784,0,89,102.92903557886196,56.22562500000328,928.1155420000005,10305.23627747592
1776287125,200,GET,GET /v1/timeline/user/:id,99.800000,0.000000,90,110,120,130,150,160,180,190,250,250,250,26058,0,90,104.24573729599355,58.542500000001496,893.8289159999968,10857.234054800829
1776287125,200,POST,POST /v1/tweets,50.400000,0.000000,76,80,84,86,90,97,110,120,130,130,130,12910,0,76,80.02716222401223,55.75616699999841,542.3357089999854,214.543299767622
1776287125,200,POST,POST /v1/tweets/:id/like,98.200000,0.000000,79,83,86,88,95,100,120,120,140,140,140,25490,0,78,82.77525021349501,56.55854200000476,680.8767079999996,0.0
1776287125,200,,Aggregated,501.700000,0.000000,84,94,110,120,140,150,170,180,240,260,260,129242,0,84,96.93197146170806,55.75616699999841,928.1155420000005,7376.100540072112
1776287126,200,GET,GET /v1/timeline/home,254.600000,0.000000,89,100,120,130,140,160,170,190,250,260,260,65059,0,89,102.92023857473977,56.22562500000328,928.1155420000005,10307.068660754085
1776287126,200,GET,GET /v1/timeline/user/:id,101.100000,0.000000,90,110,120,130,150,160,180,190,260,260,260,26151,0,90,104.24467534071357,58.542500000001496,893.8289159999968,10857.158579021834
1776287126,200,POST,POST /v1/tweets,49.300000,0.000000,76,81,84,86,91,98,110,120,120,120,120,12954,0,76,80.02783498510097,55.75616699999841,542.3357089999854,214.54330708661416
1776287126,200,POST,POST /v1/tweets/:id/like,97.300000,0.000000,79,82,86,88,96,110,120,130,140,140,140,25587,0,78,82.77748372798644,56.55854200000476,680.8767079999996,0.0
1776287126,200,,Aggregated,502.300000,0.000000,84,94,110,120,140,150,170,180,250,260,260,129751,0,84,96.92949076935109,55.75616699999841,928.1155420000005,7377.764549020817
1776287127,200,GET,GET /v1/timeline/home,256.000000,0.000000,90,110,120,130,150,160,180,210,290,290,290,65318,0,89,102.9462674843534,56.22562500000328,928.1155420000005,10308.785725221225
1776287127,200,GET,GET /v1/timeline/user/:id,100.400000,0.000000,90,110,120,130,150,170,190,210,260,260,260,26260,0,90,104.2553309329399,58.542500000001496,893.8289159999968,10856.924257425742
1776287127,200,POST,POST /v1/tweets,49.200000,0.000000,77,82,85,87,93,100,120,120,140,140,140,12997,0,76,80.04223996383762,55.75616699999841,542.3357089999854,214.54312533661613
1776287127,200,POST,POST /v1/tweets/:id/like,99.400000,0.000000,79,83,86,89,96,110,120,130,140,140,140,25690,0,78,82.7749702309065,56.55854200000476,680.8767079999996,0.0
1776287127,200,,Aggregated,505.000000,0.000000,85,95,110,120,140,160,170,190,260,290,290,130265,0,84,96.94689492867668,55.75616699999841,928.1155420000005,7379.11575634284
1776287128,200,GET,GET /v1/timeline/home,257.800000,0.000000,90,100,120,130,150,160,180,210,290,290,290,65572,0,89,102.94107229581223,56.22562500000328,928.1155420000005,10310.4530592326
1776287128,200,GET,GET /v1/timeline/user/:id,100.200000,0.000000,90,110,120,130,150,170,190,210,260,260,260,26361,0,90,104.25272323701681,58.542500000001496,893.8289159999968,10856.840142634954
1776287128,200,POST,POST /v1/tweets,47.800000,0.000000,76,81,85,86,93,110,120,120,140,140,140,13061,0,76,80.03890912633007,55.75616699999841,542.3357089999854,214.54322027409847
1776287128,200,POST,POST /v1/tweets/:id/like,98.900000,0.000000,79,83,86,89,95,110,120,130,140,140,140,25788,0,78,82.76917173762942,56.55854200000476,680.8767079999996,0.0
1776287128,200,,Aggregated,504.700000,0.000000,85,95,110,120,140,160,170,190,260,290,290,130782,0,84,96.94069231775833,55.75616699999841,928.1155420000005,7379.274976678747
1776287129,200,GET,GET /v1/timeline/home,257.800000,0.000000,89,100,120,130,150,160,170,200,290,290,290,65821,0,89,102.91180535958127,56.22562500000328,928.1155420000005,10312.07792345908
1776287129,200,GET,GET /v1/timeline/user/:id,101.200000,0.000000,90,110,120,130,150,160,180,200,260,260,260,26467,0,90,104.24010466966419,58.542500000001496,893.8289159999968,10856.878905807233
1776287129,200,POST,POST /v1/tweets,47.000000,0.000000,76,81,84,86,93,110,120,120,140,140,140,13113,0,76,80.02406320857142,55.75616699999841,542.3357089999854,214.54266758178906
1776287129,200,POST,POST /v1/tweets/:id/like,98.700000,0.000000,79,83,86,88,95,100,120,120,140,140,140,25872,0,78,82.75505787055461,56.55854200000476,680.8767079999996,0.0
1776287129,200,,Aggregated,504.700000,0.000000,84,94,100,120,140,160,170,180,260,290,290,131273,0,84,96.92073152092249,55.75616699999841,928.1155420000005,7380.9053880081965
1776287130,200,GET,GET /v1/timeline/home,257.000000,0.000000,89,100,120,130,150,160,170,200,290,290,290,66075,0,89,102.92125081589101,56.22562500000328,928.1155420000005,10313.722648505487
1776287130,200,GET,GET /v1/timeline/user/:id,101.100000,0.000000,89,100,120,130,150,160,180,210,260,260,260,26574,0,90,104.22768975822235,58.542500000001496,893.8289159999968,10856.764318506812
1776287130,200,POST,POST /v1/tweets,47.600000,0.000000,76,82,85,86,94,110,120,120,140,140,140,13155,0,76,80.0192353211704,55.75616699999841,542.3357089999854,214.54268339034587
1776287130,200,POST,POST /v1/tweets/:id/like,99.500000,0.000000,79,83,86,89,95,110,120,120,140,140,140,25972,0,78,82.76204152606614,56.55854200000476,680.8767079999996,0.0
1776287130,200,,Aggregated,505.200000,0.000000,85,94,100,110,140,160,170,190,260,290,290,131776,0,84,96.92521444314642,55.75616699999841,928.1155420000005,7382.29410514813
1776287131,200,GET,GET /v1/timeline/home,256.100000,0.000000,89,100,120,130,150,160,170,200,290,290,290,66325,0,89,102.8889830435883,56.22562500000328,928.1155420000005,10315.331353185073
1776287131,200,GET,GET /v1/timeline/user/:id,101.900000,0.000000,90,110,120,130,150,160,180,210,260,260,260,26660,0,90,104.21448286957998,58.542500000001496,893.8289159999968,10856.67625656414
1776287131,200,POST,POST /v1/tweets,48.600000,0.000000,76,81,84,86,91,100,110,120,140,140,140,13223,0,76,80.0041059031987,55.75616699999841,542.3357089999854,214.5420857596612
1776287131,200,POST,POST /v1/tweets/:id/like,99.500000,0.000000,79,83,86,89,95,110,120,120,140,140,140,26095,0,78,82.75413591243486,56.55854200000476,680.8767079999996,0.0
1776287131,200,,Aggregated,506.100000,0.000000,84,93,100,110,140,150,170,190,260,290,290,132303,0,84,96.89752600214702,55.75616699999841,928.1155420000005,7380.333257749257
1776287132,200,GET,GET /v1/timeline/home,257.300000,0.000000,90,100,120,130,150,160,180,210,290,290,290,66553,0,89,102.89215441449662,56.22562500000328,928.1155420000005,10316.78432226947
1776287132,200,GET,GET /v1/timeline/user/:id,100.100000,0.000000,90,110,120,130,150,160,200,220,260,260,260,26785,0,90,104.23075398887453,58.542500000001496,893.8289159999968,10856.487212992346
1776287132,200,POST,POST /v1/tweets,47.700000,0.000000,76,81,84,86,91,110,120,120,160,160,160,13270,0,76,80.0048310935943,55.75616699999841,542.3357089999854,214.54250188394874
1776287132,200,POST,POST /v1/tweets/:id/like,100.400000,0.000000,79,84,87,89,96,110,120,140,170,170,170,26198,0,78,82.7593363809065,56.55854200000476,680.8767079999996,0.0
1776287132,200,,Aggregated,505.500000,0.000000,85,94,110,120,140,160,170,200,260,290,290,132806,0,84,96.90372047542324,55.75616699999841,928.1155420000005,7381.074168335768
1776287133,200,GET,GET /v1/timeline/home,255.200000,0.000000,89,100,120,130,150,160,180,210,290,290,290,66804,0,89,102.87228091519957,56.22562500000328,928.1155420000005,10318.377402550745
1776287133,200,GET,GET /v1/timeline/user/:id,99.900000,0.000000,89,110,120,130,150,160,200,230,260,260,260,26887,0,90,104.22704650991197,58.542500000001496,893.8289159999968,10856.506118198386
1776287133,200,POST,POST /v1/tweets,49.700000,0.000000,76,81,84,86,91,100,110,120,160,160,160,13310,0,76,79.99587343072852,55.75616699999841,542.3357089999854,214.54259954921113
1776287133,200,POST,POST /v1/tweets/:id/like,101.200000,0.000000,79,84,87,89,96,110,120,140,170,170,170,26317,0,78,82.7564714003112,56.55854200000476,680.8767079999996,0.0
1776287133,200,,Aggregated,506.000000,0.000000,85,93,100,110,140,160,170,200,260,290,290,133318,0,84,96.89073933734427,55.75616699999841,928.1155420000005,7381.323797236682
1776287134,200,GET,GET /v1/timeline/home,255.400000,0.000000,89,100,120,130,150,160,180,210,290,290,290,67038,0,89,102.85511517306593,56.22562500000328,928.1155420000005,10319.846087293774
1776287134,200,GET,GET /v1/timeline/user/:id,100.500000,0.000000,90,110,120,130,150,160,200,220,260,260,260,27001,0,90,104.19890588352287,58.542500000001496,893.8289159999968,10856.311469945558
1776287134,200,POST,POST /v1/tweets,50.200000,0.000000,76,81,83,85,90,100,110,120,160,160,160,13358,0,76,79.98833293337303,55.75616699999841,542.3357089999854,214.5427459200479
1776287134,200,POST,POST /v1/tweets/:id/like,101.000000,0.000000,79,84,87,89,96,110,120,140,170,170,170,26430,0,78,82.75249173654896,56.55854200000476,680.8767079999996,0.0
1776287134,200,,Aggregated,507.100000,0.000000,85,93,100,110,140,150,170,200,260,290,290,133827,0,84,96.87363817954555,55.75616699999841,928.1155420000005,7381.3129637517095
1776287135,200,GET,GET /v1/timeline/home,253.600000,0.000000,89,100,120,130,150,160,180,200,290,290,290,67299,0,89,102.84024648746632,56.22562500000328,928.1155420000005,10321.477213628732
1776287135,200,GET,GET /v1/timeline/user/:id,101.400000,0.000000,90,110,120,130,150,160,200,220,260,260,260,27091,0,90,104.2028270047249,58.542500000001496,893.8289159999968,10856.220073087003
1776287135,200,POST,POST /v1/tweets,48.900000,0.000000,76,81,84,85,91,110,120,140,160,160,160,13410,0,76,80.00114394384767,55.75616699999841,542.3357089999854,214.54250559284117
1776287135,200,POST,POST /v1/tweets/:id/like,102.200000,0.000000,79,84,87,89,96,110,120,140,170,170,170,26531,0,78,82.75357979872551,56.55854200000476,680.8767079999996,0.0
1776287135,200,,Aggregated,506.100000,0.000000,85,93,100,110,140,150,170,200,250,290,290,134331,0,84,96.86784957062814,55.75616699999841,928.1155420000005,7381.825252547811
1776287136,200,GET,GET /v1/timeline/home,251.200000,0.000000,89,100,110,120,140,160,170,190,230,240,240,67554,0,89,102.83148642860532,56.22562500000328,928.1155420000005,10323.054682180182
1776287136,200,GET,GET /v1/timeline/user/:id,102.700000,0.000000,90,110,120,130,150,160,190,220,250,250,250,27184,0,90,104.20714622932617,58.542500000001496,893.8289159999968,10856.05245732784
1776287136,200,POST,POST /v1/tweets,49.500000,0.000000,76,81,83,85,90,100,120,130,160,160,160,13461,0,76,80.00186399561682,55.75616699999841,542.3357089999854,214.54267885001116
1776287136,200,POST,POST /v1/tweets/:id/like,103.200000,0.000000,79,84,87,89,96,110,120,140,170,170,170,26640,0,78,82.74564021126073,56.55854200000476,680.8767079999996,0.0
1776287136,200,,Aggregated,506.600000,0.000000,84,93,100,110,140,150,170,190,240,250,250,134839,0,84,96.8613994746996,55.75616699999841,928.1155420000005,7381.8592914512865
1776287137,200,GET,GET /v1/timeline/home,251.500000,0.000000,89,100,120,120,140,160,180,200,240,280,280,67820,0,89,102.8339052466382,56.22562500000328,928.1155420000005,10324.683780595695
1776287137,200,GET,GET /v1/timeline/user/:id,102.200000,0.000000,91,110,120,130,150,160,190,220,250,250,250,27278,0,90,104.21565666815762,58.542500000001496,893.8289159999968,10856.036073025882
1776287137,200,POST,POST /v1/tweets,50.000000,0.000000,77,81,84,85,91,100,120,140,160,160,160,13515,0,76,80.01986619445043,55.75616699999841,542.3357089999854,214.54250832408434
1776287137,200,POST,POST /v1/tweets/:id/like,103.300000,0.000000,79,84,87,89,98,110,120,140,170,170,170,26724,0,78,82.7540856136052,56.55854200000476,680.8767079999996,0.0
1776287137,200,,Aggregated,507.000000,0.000000,85,93,100,110,140,150,170,190,240,280,280,135337,0,84,96.86914008716772,55.75616699999841,928.1155420000005,7383.4246953900265
1776287138,200,GET,GET /v1/timeline/home,248.300000,0.000000,88,100,110,120,140,160,180,190,240,280,280,68071,0,89,102.79018947354972,56.22562500000328,928.1155420000005,10326.211969855005
1776287138,200,GET,GET /v1/timeline/user/:id,103.400000,0.000000,90,110,120,130,150,160,190,210,250,250,250,27383,0,90,104.18959346762601,58.542500000001496,893.8289159999968,10855.934338823357
1776287138,200,POST,POST /v1/tweets,50.800000,0.000000,77,81,84,86,91,100,130,140,160,160,160,13554,0,76,80.01715568857884,55.75616699999841,542.3357089999854,214.5427180168216
1776287138,200,POST,POST /v1/tweets/:id/like,104.800000,0.000000,79,84,87,89,98,110,120,140,170,170,170,26828,0,78,82.73844370266083,56.41045799995936,680.8767079999996,0.0
1776287138,200,,Aggregated,507.300000,0.000000,85,93,100,110,140,150,170,190,240,280,280,135836,0,84,96.83967520713222,55.75616699999841,928.1155420000005,7384.5779984687415
1776287139,200,GET,GET /v1/timeline/home,250.300000,0.000000,88,100,110,120,140,160,170,190,240,280,280,68337,0,89,102.77846880263996,56.22562500000328,928.1155420000005,10327.822629029662
1776287139,200,GET,GET /v1/timeline/user/:id,101.200000,0.000000,92,110,120,130,150,160,180,200,250,250,250,27487,0,90,104.19644667788418,58.542500000001496,893.8289159999968,10855.833484920144
1776287139,200,POST,POST /v1/tweets,51.400000,0.000000,77,81,84,85,92,100,120,140,160,160,160,13607,0,76,80.00852553494504,55.75616699999841,542.3357089999854,214.5429558315573
1776287139,200,POST,POST /v1/tweets/:id/like,103.200000,0.000000,79,83,86,88,96,110,120,140,170,170,170,26922,0,78,82.73498428768235,56.41045799995936,680.8767079999996,0.0
1776287139,200,,Aggregated,506.100000,0.000000,85,93,100,110,140,150,170,180,240,280,280,136353,0,84,96.83459261144239,55.75616699999841,928.1155420000005,7385.873402125366
1776287140,200,GET,GET /v1/timeline/home,250.600000,0.000000,88,100,110,120,140,160,170,190,240,280,280,68567,0,89,102.76064819295013,56.22562500000328,928.1155420000005,10329.201904706346
1776287140,200,GET,GET /v1/timeline/user/:id,102.600000,0.000000,91,110,120,130,150,160,180,200,250,250,250,27594,0,90,104.17219318659865,58.542500000001496,893.8289159999968,10855.721569906502
1776287140,200,POST,POST /v1/tweets,49.400000,0.000000,77,81,84,86,93,110,130,140,160,160,160,13661,0,76,80.00000395556675,55.75616699999841,542.3357089999854,214.54315203865016
1776287140,200,POST,POST /v1/tweets/:id/like,103.700000,0.000000,79,84,86,89,98,110,120,140,170,170,170,27031,0,78,82.73618135481428,56.41045799995936,680.8767079999996,0.0
1776287140,200,,Aggregated,506.300000,0.000000,85,93,100,110,140,150,170,180,240,280,280,136853,0,84,96.81803567094616,55.75616699999841,928.1155420000005,7385.486923925672
1776287141,200,GET,GET /v1/timeline/home,250.000000,0.000000,88,100,110,120,140,160,170,180,230,280,280,68812,0,89,102.74994681023664,56.22562500000328,928.1155420000005,10330.667238272394
1776287141,200,GET,GET /v1/timeline/user/:id,101.600000,0.000000,91,100,120,130,150,160,170,190,250,250,250,27695,0,90,104.15646961549027,58.542500000001496,893.8289159999968,10855.703520491063
1776287141,200,POST,POST /v1/tweets,48.400000,0.000000,77,81,84,86,93,100,120,140,140,140,140,13718,0,76,79.99510014805351,55.75616699999841,542.3357089999854,214.54308208193615
1776287141,200,POST,POST /v1/tweets/:id/like,104.100000,0.000000,79,84,86,89,97,110,120,130,150,150,150,27128,0,78,82.73613151666116,56.41045799995936,680.8767079999996,0.0
1776287141,200,,Aggregated,504.100000,0.000000,85,93,100,110,140,150,170,170,230,280,280,137353,0,84,96.8080881052617,55.75616699999841,928.1155420000005,7385.828376518896
1776287142,200,GET,GET /v1/timeline/home,247.900000,0.000000,88,100,110,120,140,160,170,180,230,280,280,69057,0,89,102.72609837757221,56.22562500000328,928.1155420000005,10332.123999015306
1776287142,200,GET,GET /v1/timeline/user/:id,102.500000,0.000000,91,100,120,130,150,160,170,190,240,240,240,27798,0,90,104.12694564058575,58.542500000001496,893.8289159999968,10855.661090725951
1776287142,200,POST,POST /v1/tweets,50.000000,0.000000,78,82,84,86,93,100,120,140,140,140,140,13773,0,76,79.99381313962088,55.75616699999841,542.3357089999854,214.54330937341174
1776287142,200,POST,POST /v1/tweets/:id/like,105.000000,0.000000,79,83,87,89,98,110,120,130,150,150,150,27241,0,78,82.73330885833799,56.41045799995936,680.8767079999996,0.0
1776287142,200,,Aggregated,505.400000,0.000000,85,93,100,110,130,150,160,170,230,280,280,137869,0,84,96.78731161870324,55.75616699999841,928.1155420000005,7385.460538627248
1776287143,200,GET,GET /v1/timeline/home,248.800000,0.000000,88,100,110,120,140,150,170,180,230,280,280,69316,0,89,102.70324648998785,56.22562500000328,928.1155420000005,10333.648234173928
1776287143,200,GET,GET /v1/timeline/user/:id,101.900000,0.000000,91,100,120,130,140,160,170,180,220,220,220,27886,0,90,104.11973108222779,58.542500000001496,893.8289159999968,10855.672631427957
1776287143,200,POST,POST /v1/tweets,49.900000,0.000000,77,81,84,86,93,100,120,140,140,140,140,13831,0,76,79.97685197491136,55.75616699999841,542.3357089999854,214.54298315378497
1776287143,200,POST,POST /v1/tweets/:id/like,103.100000,0.000000,79,83,86,88,98,110,120,130,150,150,150,27332,0,78,82.71883749893843,56.41045799995936,680.8767079999996,0.0
1776287143,200,,Aggregated,503.700000,0.000000,84,93,100,110,130,150,160,170,210,280,280,138365,0,84,96.76935757485629,55.75616699999841,928.1155420000005,7386.086018863151
1776287144,200,GET,GET /v1/timeline/home,250.200000,0.000000,88,100,110,120,140,150,170,170,230,280,280,69564,0,88,102.66927711461386,56.22562500000328,928.1155420000005,10335.092332240814
1776287144,200,GET,GET /v1/timeline/user/:id,101.100000,0.000000,90,100,120,130,140,160,170,180,220,220,220,27982,0,90,104.07634820749064,58.542500000001496,893.8289159999968,10855.57830033593
1776287144,200,POST,POST /v1/tweets,49.300000,0.000000,77,81,84,85,92,100,110,130,140,140,140,13889,0,76,79.96502090676071,55.75616699999841,542.3357089999854,214.54287565699474
1776287144,200,POST,POST /v1/tweets/:id/like,104.100000,0.000000,79,83,86,89,97,110,110,120,150,150,150,27442,0,78,82.71467574874234,56.41045799995936,680.8767079999996,0.0
1776287144,200,,Aggregated,504.700000,0.000000,84,92,100,110,130,150,160,170,210,280,280,138877,0,84,96.73913085690204,55.75616699999841,928.1155420000005,7385.606983157758
1776287145,200,GET,GET /v1/timeline/home,250.300000,0.000000,87,98,110,120,140,150,160,170,230,280,280,69814,0,88,102.65254399584602,56.22562500000328,928.1155420000005,10336.537442346807
1776287145,200,GET,GET /v1/timeline/user/:id,99.700000,0.000000,90,100,120,130,140,160,170,170,250,250,250,28087,0,90,104.06728334870239,58.542500000001496,893.8289159999968,10855.592409299676
1776287145,200,POST,POST /v1/tweets,51.700000,0.000000,77,81,84,85,91,99,110,120,140,140,140,13930,0,76,79.95910945764533,55.75616699999841,542.3357089999854,214.54278535534817
1776287145,200,POST,POST /v1/tweets/:id/like,101.800000,0.000000,79,83,86,88,95,110,110,120,150,150,150,27558,0,78,82.69886041352744,56.41045799995936,680.8767079999996,0.0
1776287145,200,,Aggregated,503.500000,0.000000,84,92,100,110,130,150,160,170,210,280,280,139389,0,84,96.7247636754837,55.75616699999841,928.1155420000005,7385.981892401839
1776287146,200,GET,GET /v1/timeline/home,250.700000,0.000000,87,99,110,120,140,150,170,180,240,260,260,70065,0,89,102.67147109688145,56.22562500000328,928.1155420000005,10337.982402055235
1776287146,200,GET,GET /v1/timeline/user/:id,97.900000,0.000000,89,100,120,120,140,160,170,170,250,250,250,28191,0,90,104.0569576905396,58.542500000001496,893.8289159999968,10855.438118548473
1776287146,200,POST,POST /v1/tweets,53.100000,0.000000,77,81,84,86,93,100,110,140,210,210,210,13986,0,76,79.99845730795077,55.75616699999841,542.3357089999854,214.54290004290004
1776287146,200,POST,POST /v1/tweets/:id/like,101.300000,0.000000,79,83,86,89,97,110,130,140,240,240,240,27655,0,78,82.7455920429575,56.41045799995936,680.8767079999996,0.0
1776287146,200,,Aggregated,503.000000,0.000000,84,92,100,110,130,150,160,170,240,260,260,139897,0,84,96.7449915903415,55.75616699999841,928.1155420000005,7386.555751731631
1776287147,200,GET,GET /v1/timeline/home,249.200000,0.000000,89,100,120,120,140,160,170,190,240,260,260,70328,0,89,102.69859686742113,56.22562500000328,928.1155420000005,10339.486150608576
1776287147,200,GET,GET /v1/timeline/user/:id,99.300000,0.000000,90,100,120,130,140,160,170,180,250,250,250,28283,0,90,104.08114258720788,58.542500000001496,893.8289159999968,10855.494113071456
1776287147,200,POST,POST /v1/tweets,52.100000,0.000000,77,81,85,87,97,110,130,140,210,210,210,14034,0,76,80.023253529286,55.75616699999841,542.3357089999854,214.54261080233718
1776287147,200,POST,POST /v1/tweets/:id/like,102.000000,0.000000,80,84,88,91,100,120,140,150,240,240,240,27748,0,78,82.79283380131866,56.41045799995936,680.8767079999996,0.0
1776287147,200,,Aggregated,502.600000,0.000000,85,94,100,110,140,150,170,180,240,260,260,140393,0,84,96.77616240578243,55.75616699999841,928.1155420000005,7387.77726097455
1776287148,200,GET,GET /v1/timeline/home,250.300000,0.000000,90,100,120,130,150,160,180,200,260,290,290,70572,0,89,102.72784666189136,56.22562500000328,928.1155420000005,10340.865569914413
1776287148,200,GET,GET /v1/timeline/user/:id,99.600000,0.000000,90,100,120,130,150,160,170,190,250,250,250,28378,0,90,104.10021094534503,58.542500000001496,893.8289159999968,10855.510606808091
1776287148,200,POST,POST /v1/tweets,51.900000,0.000000,77,82,85,87,99,120,140,150,210,210,210,14073,0,76,80.06225097015559,55.75616699999841,542.3357089999854,214.54210189725006
1776287148,200,POST,POST /v1/tweets/:id/like,101.300000,0.000000,80,85,89,93,110,130,140,160,240,240,240,27854,0,78,82.8287037763693,56.41045799995936,680.8767079999996,0.0
1776287148,200,,Aggregated,503.100000,0.000000,85,95,110,120,140,150,170,190,250,290,290,140877,0,84,96.80566844637528,55.75616699999841,928.1155420000005,7388.377776358099
1776287149,200,GET,GET /v1/timeline/home,248.000000,0.000000,91,110,120,130,150,160,180,200,260,290,290,70837,0,89,102.7424850219941,56.22562500000328,928.1155420000005,10342.35124299448
1776287149,200,GET,GET /v1/timeline/user/:id,100.200000,0.000000,91,110,120,130,150,160,170,190,250,250,250,28466,0,90,104.11668762579919,58.542500000001496,893.8289159999968,10855.429284058175
1776287149,200,POST,POST /v1/tweets,51.500000,0.000000,78,83,86,89,100,120,140,150,210,210,210,14118,0,76,80.07708241741035,55.75616699999841,542.3357089999854,214.54171979033856
1776287149,200,POST,POST /v1/tweets/:id/like,102.600000,0.000000,81,85,90,94,110,130,140,160,240,240,240,27962,0,78,82.86844153036235,56.41045799995936,680.8767079999996,0.0
1776287149,200,,Aggregated,502.300000,0.000000,86,97,110,120,140,150,170,190,250,290,290,141383,0,84,96.82529478862392,55.75616699999841,928.1155420000005,7388.870550207592
1776287150,200,GET,GET /v1/timeline/home,248.200000,0.000000,92,110,120,130,150,160,180,210,260,290,290,71074,0,89,102.76587599371075,56.22562500000328,928.1155420000005,10343.678588513381
1776287150,200,GET,GET /v1/timeline/user/:id,98.900000,0.000000,92,110,130,130,150,160,180,190,260,260,260,28568,0,90,104.14358820760991,58.542500000001496,893.8289159999968,10855.243594231308
1776287150,200,POST,POST /v1/tweets,51.700000,0.000000,79,83,87,90,110,130,140,150,210,210,210,14167,0,76,80.11419382692162,55.75616699999841,542.3357089999854,214.54118726618196
1776287150,200,POST,POST /v1/tweets/:id/like,101.900000,0.000000,81,86,92,97,120,140,150,160,240,240,240,28070,0,78,82.91625714688247,56.41045799995936,680.8767079999996,0.0
1776287150,200,,Aggregated,500.700000,0.000000,87,99,110,120,140,160,170,190,250,290,290,141879,0,84,96.85431262097289,55.75616699999841,928.1155420000005,7388.821573312471
1776287151,200,GET,GET /v1/timeline/home,248.600000,0.000000,93,110,120,130,150,160,190,210,260,290,290,71312,0,89,102.7884420690768,56.22562500000328,928.1155420000005,10344.998808054745
1776287151,200,GET,GET /v1/timeline/user/:id,97.400000,0.000000,93,110,130,130,150,160,180,190,260,260,260,28664,0,90,104.17298240674714,58.542500000001496,893.8289159999968,10855.11509210159
1776287151,200,POST,POST /v1/tweets,50.800000,0.000000,79,85,89,94,120,130,150,160,210,210,210,14233,0,76,80.18426715716994,55.75616699999841,542.3357089999854,214.5405044614628
1776287151,200,POST,POST /v1/tweets/:id/like,103.100000,0.000000,82,88,95,100,130,140,150,160,240,240,240,28162,0,78,82.96770679724423,56.41045799995936,680.8767079999996,0.0
1776287151,200,,Aggregated,499.900000,0.000000,88,100,120,130,140,160,180,200,250,290,290,142371,0,84,96.88674647090359,55.75616699999841,928.1155420000005,7388.633422536893
1776287152,200,GET,GET /v1/timeline/home,249.100000,0.000000,95,110,130,130,150,170,190,220,260,290,290,71560,0,89,102.81880047744558,56.22562500000328,928.1155420000005,10346.368543879262
1776287152,200,GET,GET /v1/timeline/user/:id,96.800000,0.000000,96,120,130,140,150,160,180,200,260,260,260,28768,0,90,104.20684008113189,58.542500000001496,893.8289159999968,10854.992630700779
1776287152,200,POST,POST /v1/tweets,50.500000,0.000000,80,86,91,98,120,140,150,160,210,210,210,14273,0,76,80.20200220633366,55.75616699999841,542.3357089999854,214.5403208855882
1776287152,200,POST,POST /v1/tweets/:id/like,103.200000,0.000000,83,90,98,110,130,140,150,160,240,240,240,28269,0,78,83.01309941954045,56.41045799995936,680.8767079999996,0.0
1776287152,200,,Aggregated,499.600000,0.000000,90,110,120,130,150,160,180,200,260,290,290,142870,0,84,96.91997076084563,55.75616699999841,928.1155420000005,7389.407818296353
1776287153,200,GET,GET /v1/timeline/home,248.200000,0.000000,97,120,130,140,150,170,190,220,260,290,290,71814,0,89,102.82605899732654,56.22562500000328,928.1155420000005,10347.76184309466
1776287153,200,GET,GET /v1/timeline/user/:id,96.400000,0.000000,97,120,130,140,150,160,180,200,260,260,260,28861,0,90,104.19600289435569,58.542500000001496,893.8289159999968,10854.932330827067
1776287153,200,POST,POST /v1/tweets,50.500000,0.000000,80,87,95,100,120,140,150,160,210,210,210,14327,0,76,80.22888787087327,55.75616699999841,542.3357089999854,214.5398897187129
1776287153,200,POST,POST /v1/tweets/:id/like,103.400000,0.000000,83,91,100,110,130,140,160,160,240,240,240,28368,0,78,83.02502977055099,56.41045799995936,680.8767079999996,0.0
1776287153,200,,Aggregated,498.500000,0.000000,91,110,120,130,150,160,180,210,260,290,290,143370,0,84,96.92574988787766,55.75616699999841,928.1155420000005,7389.7752946920555
1776287154,200,GET,GET /v1/timeline/home,249.000000,0.000000,99,120,130,140,150,170,200,220,260,290,290,72064,0,89,102.84604127063454,56.22562500000328,928.1155420000005,10349.121336589698
1776287154,200,GET,GET /v1/timeline/user/:id,96.900000,0.000000,99,120,130,140,150,170,190,210,260,260,260,28954,0,90,104.20733732081915,58.542500000001496,893.8289159999968,10854.850452441804
1776287154,200,POST,POST /v1/tweets,50.700000,0.000000,81,89,98,110,130,140,160,160,210,210,210,14389,0,76,80.27410000583784,55.75616699999841,542.3357089999854,214.5397873375495
1776287154,200,POST,POST /v1/tweets/:id/like,102.400000,0.000000,84,93,110,120,130,140,160,170,240,240,240,28471,0,78,83.06271170506797,56.41045799995936,680.8767079999996,0.0
1776287154,200,,Aggregated,499.000000,0.000000,92,110,120,130,150,160,180,210,260,290,290,143878,0,84,96.94782282804195,55.75616699999841,928.1155420000005,7389.437113387731
1776287155,200,GET,GET /v1/timeline/home,247.500000,0.000000,100,120,130,140,150,170,190,220,260,290,290,72306,0,89,102.86146513770659,56.22562500000328,928.1155420000005,10350.424238652395
1776287155,200,GET,GET /v1/timeline/user/:id,98.200000,0.000000,100,120,130,140,150,160,190,210,260,260,260,29049,0,90,104.22259656814336,58.542500000001496,893.8289159999968,10854.85954766085
1776287155,200,POST,POST /v1/tweets,48.900000,0.000000,81,88,97,110,130,140,150,160,170,170,170,14447,0,76,80.2986953504534,55.75616699999841,542.3357089999854,214.5396968228698
1776287155,200,POST,POST /v1/tweets/:id/like,103.300000,0.000000,84,94,110,120,130,140,160,160,180,180,180,28567,0,78,83.09897474477515,56.41045799995936,680.8767079999996,0.0
1776287155,200,,Aggregated,497.900000,0.000000,93,110,120,130,150,160,180,200,260,290,290,144369,0,84,96.9669871594111,55.75616699999841,928.1155420000005,7389.53684655293
1776287156,200,GET,GET /v1/timeline/home,248.700000,0.000000,100,120,130,140,150,170,190,220,260,290,290,72554,0,89,102.89655463110246,56.22562500000328,928.1155420000005,10351.755451112274
1776287156,200,GET,GET /v1/timeline/user/:id,97.500000,0.000000,100,120,130,140,160,170,190,220,260,260,260,29159,0,90,104.25402736990281,58.542500000001496,893.8289159999968,10854.72938029425
1776287156,200,POST,POST /v1/tweets,49.100000,0.000000,80,87,98,110,130,140,150,160,170,170,170,14492,0,76,80.3212588741375,55.75616699999841,542.3357089999854,214.53953905603092
1776287156,200,POST,POST /v1/tweets/:id/like,102.900000,0.000000,84,93,110,120,130,140,160,160,180,180,180,28658,0,78,83.1328914391441,56.41045799995936,680.8767079999996,0.0
1776287156,200,,Aggregated,498.200000,0.000000,93,110,130,130,150,160,180,210,260,290,290,144863,0,84,97.00156627469426,55.75616699999841,928.1155420000005,7391.0068547524215
1776287157,200,GET,GET /v1/timeline/home,248.800000,0.000000,99,120,130,140,150,170,190,210,240,270,270,72801,0,89,102.89279835147876,56.22562500000328,928.1155420000005,10353.068556750593
1776287157,200,GET,GET /v1/timeline/user/:id,96.100000,0.000000,100,120,130,140,150,160,180,210,260,260,260,29264,0,90,104.25799790390909,58.542500000001496,893.8289159999968,10854.68613313286
1776287157,200,POST,POST /v1/tweets,50.700000,0.000000,80,87,96,100,130,140,150,160,170,170,170,14548,0,76,80.32509025116856,55.75616699999841,542.3357089999854,214.53945559527082
1776287157,200,POST,POST /v1/tweets/:id/like,100.200000,0.000000,84,93,110,120,130,140,160,160,180,180,180,28749,0,78,83.16000081265406,56.41045799995936,680.8767079999996,0.0
1776287157,200,,Aggregated,495.800000,0.000000,93,110,120,130,150,160,180,200,240,270,270,145362,0,84,97.00637676822706,55.75616699999841,928.1155420000005,7391.797023981509
1776287158,200,GET,GET /v1/timeline/home,246.800000,0.000000,99,120,130,140,150,170,190,210,240,270,270,73044,0,89,102.89929906615203,56.22562500000328,928.1155420000005,10354.353020097475
1776287158,200,GET,GET /v1/timeline/user/:id,96.500000,0.000000,99,120,130,140,150,170,190,220,260,260,260,29354,0,90,104.24566683678532,58.542500000001496,893.8289159999968,10854.69884853853
1776287158,200,POST,POST /v1/tweets,50.600000,0.000000,80,85,96,100,130,140,150,160,170,170,170,14605,0,76,80.35335101958236,55.75616699999841,542.3357089999854,214.53919890448478
1776287158,200,POST,POST /v1/tweets/:id/like,99.900000,0.000000,84,93,100,110,130,140,160,160,180,180,180,28862,0,78,83.18518049338199,56.41045799995936,680.8767079999996,0.0
1776287158,200,,Aggregated,493.800000,0.000000,92,110,120,130,150,160,180,200,240,270,270,145865,0,84,97.01199791832191,55.75616699999841,928.1155420000005,7390.9816405580505
1776287159,200,GET,GET /v1/timeline/home,248.300000,0.000000,100,120,130,140,150,170,180,210,240,270,270,73299,0,89,102.91576819595092,56.22562500000328,928.1155420000005,10355.691100833572
1776287159,200,GET,GET /v1/timeline/user/:id,96.600000,0.000000,99,120,130,140,150,170,190,220,250,250,250,29442,0,90,104.24448816004328,58.542500000001496,893.8289159999968,10854.562563684533
1776287159,200,POST,POST /v1/tweets,51.100000,0.000000,80,86,96,100,130,140,150,160,170,170,170,14655,0,76,80.37695604831109,55.75616699999841,542.3357089999854,214.53926987376323
1776287159,200,POST,POST /v1/tweets/:id/like,99.400000,0.000000,84,93,110,110,130,140,150,160,180,180,180,28967,0,78,83.22148778295953,56.41045799995936,680.8767079999996,0.0
1776287159,200,,Aggregated,495.400000,0.000000,92,110,120,130,150,160,170,200,240,270,270,146363,0,84,97.0285539439615,55.75616699999841,928.1155420000005,7391.115965100469
1776287160,200,GET,GET /v1/timeline/home,246.300000,0.000000,100,120,130,140,150,170,190,210,270,320,320,73523,0,89,102.96697909435143,56.22562500000328,928.1155420000005,10356.860111801749
1776287160,200,GET,GET /v1/timeline/user/:id,97.600000,0.000000,98,120,130,140,160,170,210,230,280,280,280,29535,0,90,104.29472208654126,58.542500000001496,893.8289159999968,10854.489216184189
1776287160,200,POST,POST /v1/tweets,53.000000,0.000000,79,85,95,100,130,140,150,160,170,170,170,14714,0,76,80.42373237861891,55.75616699999841,542.3357089999854,214.5393502786462
1776287160,200,POST,POST /v1/tweets/:id/like,101.000000,0.000000,83,92,100,110,130,140,150,160,180,180,180,29075,0,78,83.26076899064452,56.41045799995936,680.8767079999996,0.0
1776287160,200,,Aggregated,497.900000,0.000000,92,110,120,130,150,160,180,210,270,320,320,146847,0,84,97.07346746887582,55.75616699999841,928.1155420000005,7390.082854944261
1776287161,200,GET,GET /v1/timeline/home,246.200000,0.000000,100,120,140,140,160,180,210,230,400,530,530,73736,0,89,103.12927057566174,56.22562500000328,928.1155420000005,10357.961755451883
1776287161,200,GET,GET /v1/timeline/user/:id,97.600000,0.000000,100,120,140,140,160,190,230,260,510,510,510,29640,0,90,104.51513899571515,58.542500000001496,893.8289159999968,10854.42047908232
1776287161,200,POST,POST /v1/tweets,54.100000,0.000000,80,91,100,110,130,140,160,160,220,220,220,14759,0,76,80.56253066027496,55.75616699999841,542.3357089999854,214.53926417778982
1776287161,200,POST,POST /v1/tweets/:id/like,100.100000,0.000000,85,98,110,120,140,150,170,180,290,290,290,29165,0,79,83.41582321789784,56.41045799995936,680.8767079999996,0.0
1776287161,200,,Aggregated,498.000000,0.000000,96,120,130,140,150,170,210,230,400,530,530,147300,0,84,97.24381187484731,55.75616699999841,928.1155420000005,7390.67261371351
1776287162,200,GET,GET /v1/timeline/home,245.200000,0.000000,110,130,140,150,170,210,250,280,650,770,770,73938,0,89,103.3462134092346,56.22562500000328,928.1155420000005,10358.986907949904
1776287162,200,GET,GET /v1/timeline/user/:id,97.600000,0.000000,110,130,140,160,180,220,270,360,540,540,540,29710,0,90,104.74385707250076,58.542500000001496,893.8289159999968,10854.326893301919
1776287162,200,POST,POST /v1/tweets,54.700000,0.000000,81,95,110,120,140,150,180,230,290,290,290,14785,0,76,80.68683974291497,55.75616699999841,542.3357089999854,214.53899222184646
1776287162,200,POST,POST /v1/tweets/:id/like,101.100000,0.000000,88,100,120,130,150,170,230,320,440,440,440,29244,0,79,83.62863394990394,56.41045799995936,680.8767079999996,0.0
1776287162,200,,Aggregated,498.600000,0.000000,100,120,140,140,170,200,250,290,530,770,770,147677,0,84,97.454194068853,55.75616699999841,928.1155420000005,7391.650595556519
1776287163,200,GET,GET /v1/timeline/home,242.500000,0.000000,110,130,150,160,200,260,390,470,710,770,770,74117,0,89,103.67114449080486,56.22562500000328,928.1155420000005,10359.888905379332
1776287163,200,GET,GET /v1/timeline/user/:id,98.300000,0.000000,110,140,150,160,210,270,400,480,680,680,680,29765,0,90,105.04692957480255,58.542500000001496,893.8289159999968,10854.217873341173
1776287163,200,POST,POST /v1/tweets,52.400000,0.000000,84,100,120,130,150,200,340,430,590,590,590,14822,0,76,81.0506222742543,55.75616699999841,585.0466250000181,214.53865875050602
1776287163,200,POST,POST /v1/tweets/:id/like,100.100000,0.000000,92,110,130,140,170,310,460,550,850,850,850,29339,0,79,84.22222673836848,56.41045799995936,849.3070410000314,0.0
1776287163,200,,Aggregated,493.300000,0.000000,100,130,140,150,190,260,410,490,770,850,850,148043,0,84,97.82863295559387,55.75616699999841,928.1155420000005,7390.417466546882
1776287164,200,GET,GET /v1/timeline/home,237.300000,0.000000,120,140,150,170,210,300,440,540,2100,2200,2200,74344,0,89,104.08610064383116,56.22562500000328,2156.8196250000256,10361.043056601744
1776287164,200,GET,GET /v1/timeline/user/:id,93.900000,0.000000,120,140,160,170,230,320,480,620,2100,2100,2100,29865,0,90,105.57377322410836,58.542500000001496,2127.3636249999868,10854.133802109493
1776287164,200,POST,POST /v1/tweets,51.600000,0.000000,86,100,120,130,150,220,370,430,590,590,590,14866,0,76,81.10221821431436,55.75616699999841,585.0466250000181,214.53881339970403
1776287164,200,POST,POST /v1/tweets/:id/like,98.700000,0.000000,94,110,130,140,180,310,460,550,850,850,850,29426,0,79,84.29104926269255,56.41045799995936,849.3070410000314,0.0
1776287164,200,,Aggregated,481.500000,0.000000,110,130,150,160,210,290,440,550,2100,2200,2200,148501,0,84,98.16197732797082,55.75616699999841,2156.8196250000256,7391.394165695854
1776287165,200,GET,GET /v1/timeline/home,230.400000,0.000000,120,140,150,160,210,300,450,550,2100,2200,2200,74570,0,89,104.0785954135306,56.22562500000328,2156.8196250000256,10362.1927853024
1776287165,200,GET,GET /v1/timeline/user/:id,89.600000,0.000000,120,140,160,170,230,320,480,620,2100,2100,2100,29972,0,90,105.56488858080867,58.542500000001496,2127.3636249999868,10854.14767115975
1776287165,200,POST,POST /v1/tweets,49.800000,0.000000,87,100,110,120,150,200,370,430,590,590,590,14923,0,76,81.118108064263,55.75616699999841,585.0466250000181,214.53849762112176
1776287165,200,POST,POST /v1/tweets/:id/like,97.100000,0.000000,94,110,130,140,180,310,460,550,850,850,850,29532,0,79,84.31994142276146,56.41045799995936,849.3070410000314,0.0
1776287165,200,,Aggregated,466.900000,0.000000,110,130,140,160,210,290,440,550,2100,2200,2200,148997,0,84,98.16166592126679,55.75616699999841,2156.8196250000256,7390.959468982597
1776287166,200,GET,GET /v1/timeline/home,227.200000,0.000000,110,140,150,160,210,300,450,550,2100,2200,2200,74816,0,89,104.05998565298837,56.22562500000328,2156.8196250000256,10363.434666381523
1776287166,200,GET,GET /v1/timeline/user/:id,89.100000,0.000000,120,140,160,170,230,320,480,620,2100,2100,2100,30061,0,90,105.5543779830344,58.542500000001496,2127.3636249999868,10854.029140747147
1776287166,200,POST,POST /v1/tweets,47.900000,0.000000,86,100,110,130,150,220,370,430,590,590,590,14970,0,76,81.12469220220417,55.75616699999841,585.0466250000181,214.53861055444222
1776287166,200,POST,POST /v1/tweets/:id/like,94.400000,0.000000,93,110,130,130,170,290,450,510,850,850,850,29648,0,79,84.33405010081593,56.41045799995936,849.3070410000314,0.0
1776287166,200,,Aggregated,458.600000,0.000000,110,130,140,160,210,290,440,550,2100,2200,2200,149495,0,84,98.15174154866709,55.75616699999841,2156.8196250000256,7390.517013946955
1776287167,200,GET,GET /v1/timeline/home,225.900000,0.000000,110,130,150,160,210,300,450,550,2100,2200,2200,75072,0,89,104.01271025082553,56.22562500000328,2156.8196250000256,10364.714487425405
1776287167,200,GET,GET /v1/timeline/user/:id,90.800000,0.000000,110,140,160,170,230,330,480,620,2100,2100,2100,30149,0,90,105.50717237178671,58.542500000001496,2127.3636249999868,10854.007761451458
1776287167,200,POST,POST /v1/tweets,47.600000,0.000000,85,100,110,120,150,220,370,430,590,590,590,15015,0,76,81.10724549450525,55.75616699999841,585.0466250000181,214.53872793872793
1776287167,200,POST,POST /v1/tweets/:id/like,95.900000,0.000000,90,110,120,130,170,290,450,510,850,850,850,29769,0,79,84.3018631161943,56.41045799995936,849.3070410000314,0.0
1776287167,200,,Aggregated,460.200000,0.000000,100,130,140,150,210,290,440,550,2100,2200,2200,150005,0,84,98.10863223221219,55.75616699999841,2156.8196250000256,7390.144495183494
1776287168,200,GET,GET /v1/timeline/home,225.000000,0.000000,110,130,150,160,210,300,450,550,2100,2200,2200,75318,0,89,103.98192695889398,56.22562500000328,2156.8196250000256,10365.944608194588
1776287168,200,GET,GET /v1/timeline/user/:id,90.300000,0.000000,110,140,160,170,230,320,480,620,2100,2100,2100,30250,0,90,105.47017646016515,58.542500000001496,2127.3636249999868,10853.850181818181
1776287168,200,POST,POST /v1/tweets,46.800000,0.000000,83,100,110,120,150,220,370,430,590,590,590,15067,0,76,81.1223101847081,55.75616699999841,585.0466250000181,214.53859427888764
1776287168,200,POST,POST /v1/tweets/:id/like,97.600000,0.000000,88,110,120,130,170,290,450,510,850,850,850,29875,0,79,84.30768329335523,56.41045799995936,849.3070410000314,0.0
1776287168,200,,Aggregated,459.700000,0.000000,100,120,140,150,210,290,440,550,2100,2200,2200,150510,0,84,98.08747258356257,55.75616699999841,2156.8196250000256,7390.230795295994
1776287169,200,GET,GET /v1/timeline/home,222.800000,0.000000,110,130,140,160,210,300,450,550,2100,2200,2200,75555,0,89,103.96229509984751,56.22562500000328,2156.8196250000256,10367.120481768248
1776287169,200,GET,GET /v1/timeline/user/:id,89.200000,0.000000,110,130,160,170,230,320,480,620,2100,2100,2100,30364,0,90,105.4424820854957,58.542500000001496,2127.3636249999868,10853.734455275984
1776287169,200,POST,POST /v1/tweets,46.500000,0.000000,82,95,110,120,150,220,370,430,590,590,590,15126,0,76,81.10622025320619,55.75616699999841,585.0466250000181,214.53887346291154
1776287169,200,POST,POST /v1/tweets/:id/like,100.900000,0.000000,87,100,120,130,170,290,450,510,850,850,850,29977,0,79,84.29534687213497,56.41045799995936,849.3070410000314,0.0
1776287169,200,,Aggregated,459.400000,0.000000,98,120,140,150,200,290,440,550,2100,2200,2200,151022,0,84,98.06691100004629,55.75616699999841,2156.8196250000256,7390.285494828568
1776287170,200,GET,GET /v1/timeline/home,223.900000,0.000000,99,120,130,140,190,290,420,540,2100,2200,2200,75819,0,89,103.94483478224433,56.22562500000328,2156.8196250000256,10368.416610612116
1776287170,200,GET,GET /v1/timeline/user/:id,89.100000,0.000000,99,120,140,150,210,310,470,620,2100,2100,2100,30455,0,90,105.41716410678019,58.542500000001496,2127.3636249999868,10853.593629945823
1776287170,200,POST,POST /v1/tweets,45.900000,0.000000,81,89,100,110,140,200,370,430,590,590,590,15166,0,76,81.09399564888547,55.75616699999841,585.0466250000181,214.5381775023078
1776287170,200,POST,POST /v1/tweets/:id/like,99.800000,0.000000,83,94,110,120,160,250,450,510,850,850,850,30087,0,79,84.27735953451631,56.41045799995936,849.3070410000314,0.0
1776287170,200,,Aggregated,458.700000,0.000000,91,110,130,140,190,280,430,540,2100,2200,2200,151527,0,84,98.04851686863067,55.75616699999841,2156.8196250000256,7390.912900011219
1776287171,200,GET,GET /v1/timeline/home,224.500000,0.000000,93,110,130,130,170,270,420,540,2100,2200,2200,76082,0,89,103.91876100755744,56.22562500000328,2156.8196250000256,10369.70380641939
1776287171,200,GET,GET /v1/timeline/user/:id,90.600000,0.000000,94,120,130,140,190,290,460,620,2100,2100,2100,30560,0,90,105.38395948805595,58.542500000001496,2127.3636249999868,10853.459620418847
1776287171,200,POST,POST /v1/tweets,46.500000,0.000000,78,82,90,95,120,170,370,430,590,590,590,15211,0,76,81.07907246183665,55.75616699999841,585.0466250000181,214.53816317138913
1776287171,200,POST,POST /v1/tweets/:id/like,100.200000,0.000000,81,88,97,110,140,230,440,510,850,850,850,30196,0,79,84.26584441714105,56.41045799995936,849.3070410000314,0.0
1776287171,200,,Aggregated,461.800000,0.000000,88,100,120,130,160,260,420,540,2100,2200,2200,152049,0,84,98.02541408472929,55.75616699999841,2156.8196250000256,7391.64921176726
1776287172,200,GET,GET /v1/timeline/home,226.200000,0.000000,90,110,120,130,150,170,330,450,2100,2200,2200,76333,0,89,103.90060931517144,56.22562500000328,2156.8196250000256,10370.92578570212
1776287172,200,GET,GET /v1/timeline/user/:id,90.400000,0.000000,90,110,120,130,160,190,380,460,2100,2100,2100,30650,0,90,105.36310820398006,58.542500000001496,2127.3636249999868,10853.389820554648
1776287172,200,POST,POST /v1/tweets,45.000000,0.000000,77,81,84,89,100,120,130,150,180,180,180,15270,0,76,81.05787686411242,55.75616699999841,585.0466250000181,214.5385068762279
1776287172,200,POST,POST /v1/tweets/:id/like,99.300000,0.000000,80,84,89,93,110,130,150,160,230,230,230,30292,0,79,84.24787242304873,56.41045799995936,849.3070410000314,0.0
1776287172,200,,Aggregated,460.900000,0.000000,85,97,110,120,140,160,250,390,2100,2200,2200,152545,0,84,98.00527587571547,55.75616699999841,2156.8196250000256,7391.761637549575
1776287173,200,GET,GET /v1/timeline/home,231.100000,0.000000,88,100,110,120,140,150,170,190,2100,2200,2200,76579,0,89,103.87013591877638,56.22562500000328,2156.8196250000256,10372.109351127594
1776287173,200,GET,GET /v1/timeline/user/:id,89.900000,0.000000,88,100,120,120,140,160,180,220,2100,2100,2100,30755,0,90,105.31581775438103,58.542500000001496,2127.3636249999868,10853.37587384165
1776287173,200,POST,POST /v1/tweets,45.200000,0.000000,76,80,82,84,94,110,130,150,180,180,180,15338,0,76,81.03623096264154,55.75616699999841,585.0466250000181,214.5391185291433
1776287173,200,POST,POST /v1/tweets/:id/like,101.800000,0.000000,79,83,87,91,110,120,140,150,180,190,190,30396,0,79,84.24722914554516,56.41045799995936,849.3070410000314,0.0
1776287173,200,,Aggregated,468.000000,0.000000,83,92,100,110,130,150,160,180,2100,2200,2200,153068,0,84,97.975877395491,55.75616699999841,2156.8196250000256,7391.3028065957615
1776287174,200,GET,GET /v1/timeline/home,235.000000,0.000000,88,100,110,120,140,150,160,170,230,250,250,76832,0,89,103.8593502438043,56.22562500000328,2156.8196250000256,10373.32833975427
1776287174,200,GET,GET /v1/timeline/user/:id,94.300000,0.000000,87,99,110,120,140,150,160,170,390,390,390,30855,0,90,105.30770313287918,58.542500000001496,2127.3636249999868,10853.31939718036
1776287174,200,POST,POST /v1/tweets,46.600000,0.000000,76,79,82,83,90,100,130,130,150,150,150,15389,0,76,81.02850849379399,55.75616699999841,585.0466250000181,214.53869647150563
1776287174,200,POST,POST /v1/tweets/:id/like,102.700000,0.000000,78,82,85,87,98,110,130,130,160,160,160,30490,0,79,84.22746316231519,56.41045799995936,849.3070410000314,0.0
1776287174,200,,Aggregated,478.600000,0.000000,83,91,100,110,130,140,160,170,230,390,390,153566,0,84,97.96461356763228,55.75616699999841,2156.8196250000256,7392.1588698019095
1776287175,200,GET,GET /v1/timeline/home,244.300000,0.000000,87,99,110,120,140,150,160,170,230,260,260,77086,0,89,103.83787510292366,56.22562500000328,2156.8196250000256,10374.542459071687
1776287175,200,GET,GET /v1/timeline/user/:id,97.400000,0.000000,86,95,110,120,140,150,160,170,390,390,390,30952,0,90,105.274907229807,58.542500000001496,2127.3636249999868,10853.181022227966
1776287175,200,POST,POST /v1/tweets,50.000000,0.000000,76,79,81,83,90,97,110,130,150,150,150,15445,0,76,81.01401090158602,55.75616699999841,585.0466250000181,214.53855616704436
1776287175,200,POST,POST /v1/tweets/:id/like,105.000000,0.000000,78,82,84,86,93,110,120,130,160,160,160,30588,0,79,84.20829786419479,56.41045799995936,849.3070410000314,0.0
1776287175,200,,Aggregated,496.700000,0.000000,82,90,99,110,130,140,160,160,230,390,390,154071,0,84,97.94146972633408,55.75616699999841,2156.8196250000256,7392.5215452616
1776287176,200,GET,GET /v1/timeline/home,246.300000,0.000000,88,100,110,120,140,150,160,170,240,260,260,77342,0,89,103.82647281208108,56.22562500000328,2156.8196250000256,10375.7519588322
1776287176,200,GET,GET /v1/timeline/user/:id,99.400000,0.000000,86,97,110,120,140,150,160,170,390,390,390,31049,0,90,105.26364475635243,58.542500000001496,2127.3636249999868,10853.235208863409
1776287176,200,POST,POST /v1/tweets,51.400000,0.000000,76,79,82,83,89,97,110,130,150,150,150,15497,0,76,81.00084197747923,55.75616699999841,585.0466250000181,214.53842679228237
1776287176,200,POST,POST /v1/tweets/:id/like,106.000000,0.000000,78,82,85,86,93,110,120,130,160,160,160,30689,0,79,84.19645631529184,56.41045799995936,849.3070410000314,0.0
1776287176,200,,Aggregated,503.100000,0.000000,83,91,100,110,130,140,160,170,240,390,390,154577,0,84,97.92953066922642,55.75616699999841,2156.8196250000256,7393.002904701217
1776287177,200,GET,GET /v1/timeline/home,248.500000,0.000000,88,100,110,120,140,150,160,170,240,260,260,77588,0,89,103.8186500035698,56.22562500000328,2156.8196250000256,10376.900203639738
1776287177,200,GET,GET /v1/timeline/user/:id,98.400000,0.000000,87,99,110,120,140,150,160,170,390,390,390,31149,0,90,105.24461852826695,58.542500000001496,2127.3636249999868,10853.132106969726
1776287177,200,POST,POST /v1/tweets,51.300000,0.000000,76,78,81,83,90,97,110,110,130,130,130,15556,0,76,80.99906608620438,55.75616699999841,585.0466250000181,214.53902031370532
1776287177,200,POST,POST /v1/tweets/:id/like,105.700000,0.000000,78,82,85,86,93,100,120,120,140,140,140,30798,0,79,84.18971958763534,56.41045799995936,849.3070410000314,0.0
1776287177,200,,Aggregated,503.900000,0.000000,83,91,100,110,130,150,160,170,240,390,390,155091,0,84,97.91827053092058,55.75616699999841,2156.8196250000256,7392.592181364489
1776287178,200,GET,GET /v1/timeline/home,250.800000,0.000000,88,100,110,120,140,150,160,170,240,260,260,77833,0,89,103.7844041389381,56.22562500000328,2156.8196250000256,10378.04279675716
1776287178,200,GET,GET /v1/timeline/user/:id,98.000000,0.000000,87,99,110,120,140,150,160,170,390,390,390,31245,0,90,105.21239978530927,58.542500000001496,2127.3636249999868,10852.986941910705
1776287178,200,POST,POST /v1/tweets,52.900000,0.000000,76,79,82,84,90,96,100,110,120,120,120,15624,0,76,80.99027150505606,55.75616699999841,585.0466250000181,214.53865847414235
1776287178,200,POST,POST /v1/tweets/:id/like,103.700000,0.000000,79,82,85,86,92,100,110,120,140,140,140,30898,0,79,84.1790806033398,56.41045799995936,849.3070410000314,0.0
1776287178,200,,Aggregated,505.400000,0.000000,83,91,100,110,130,150,160,170,240,390,390,155600,0,84,97.88926859328417,55.75616699999841,2156.8196250000256,7392.080552699229
1776287179,200,GET,GET /v1/timeline/home,252.800000,0.000000,87,100,110,120,140,150,170,170,240,260,260,78088,0,89,103.74820372114755,56.22562500000328,2156.8196250000256,10379.229689580985
1776287179,200,GET,GET /v1/timeline/user/:id,98.800000,0.000000,87,99,110,120,140,150,160,160,220,220,220,31351,0,90,105.17882568329523,58.542500000001496,2127.3636249999868,10852.951771873306
1776287179,200,POST,POST /v1/tweets,54.000000,0.000000,76,79,82,84,90,97,100,110,140,140,140,15681,0,76,80.97457336075475,55.75616699999841,585.0466250000181,214.5389324660417
1776287179,200,POST,POST /v1/tweets/:id/like,101.100000,0.000000,78,82,84,86,92,100,110,120,140,140,140,30998,0,79,84.15668605035793,56.41045799995936,849.3070410000314,0.0
1776287179,200,,Aggregated,506.700000,0.000000,83,90,100,110,130,150,160,170,240,260,260,156118,0,84,97.8580454222641,55.75616699999841,2156.8196250000256,7392.538746332902
1776287180,200,GET,GET /v1/timeline/home,252.700000,0.000000,88,100,110,120,140,150,170,170,240,260,260,78347,0,89,103.73316178148454,56.22562500000328,2156.8196250000256,10380.42130521909
1776287180,200,GET,GET /v1/timeline/user/:id,98.000000,0.000000,88,100,110,120,140,150,160,160,220,220,220,31448,0,90,105.15662659790733,58.542500000001496,2127.3636249999868,10852.93694352582
1776287180,200,POST,POST /v1/tweets,54.900000,0.000000,76,79,82,85,91,97,100,110,140,140,140,15737,0,76,80.96680179138303,55.75616699999841,585.0466250000181,214.53879392514457
1776287180,200,POST,POST /v1/tweets/:id/like,102.300000,0.000000,78,82,84,86,92,100,110,120,140,140,140,31090,0,79,84.14660341563182,56.41045799995936,849.3070410000314,0.0
1776287180,200,,Aggregated,507.900000,0.000000,83,91,100,110,130,150,160,170,230,260,260,156622,0,84,97.84347077248428,55.75616699999841,2156.8196250000256,7393.305065699583
1776287181,200,GET,GET /v1/timeline/home,251.200000,0.000000,88,100,110,120,140,150,170,180,240,260,260,78621,0,89,103.72713806022523,56.22562500000328,2156.8196250000256,10381.67623154119
1776287181,200,GET,GET /v1/timeline/user/:id,98.500000,0.000000,88,99,110,120,140,150,160,170,230,230,230,31529,0,90,105.14377752627703,58.542500000001496,2127.3636249999868,10852.83548479178
1776287181,200,POST,POST /v1/tweets,55.200000,0.000000,76,79,83,85,92,97,100,110,140,140,140,15795,0,76,80.9539479709398,55.75616699999841,585.0466250000181,214.53890471668248
1776287181,200,POST,POST /v1/tweets/:id/like,101.500000,0.000000,78,82,84,86,92,100,120,130,140,140,140,31195,0,79,84.13531166132363,56.41045799995936,849.3070410000314,0.0
1776287181,200,,Aggregated,506.400000,0.000000,83,91,100,110,130,150,160,170,240,260,260,157140,0,84,97.8330032998284,55.75616699999841,2156.8196250000256,7393.314617538501
1776287182,200,GET,GET /v1/timeline/home,252.300000,0.000000,88,100,110,120,140,150,170,180,250,360,360,78871,0,89,103.72514266833142,56.22562500000328,2156.8196250000256,10382.811806620937
1776287182,200,GET,GET /v1/timeline/user/:id,98.400000,0.000000,88,99,110,120,140,150,160,170,450,450,450,31636,0,90,105.13473396990737,58.542500000001496,2127.3636249999868,10852.721456568466
1776287182,200,POST,POST /v1/tweets,56.500000,0.000000,76,79,83,86,92,100,110,120,340,340,340,15841,0,76,80.97049857900348,55.75616699999841,585.0466250000181,214.53860236096207
1776287182,200,POST,POST /v1/tweets/:id/like,101.000000,0.000000,78,82,85,86,93,100,120,130,150,150,150,31293,0,79,84.13235616275173,56.41045799995936,849.3070410000314,0.0
1776287182,200,,Aggregated,508.200000,0.000000,83,91,100,110,130,150,160,170,260,450,450,157641,0,84,97.8321354257905,55.75616699999841,2156.8196250000256,7394.256265819172
1776287183,200,GET,GET /v1/timeline/home,251.900000,0.000000,89,100,110,120,140,150,170,200,250,360,360,79121,0,89,103.71473189722026,56.22562500000328,2156.8196250000256,10383.943049253674
1776287183,200,GET,GET /v1/timeline/user/:id,98.700000,0.000000,88,100,110,120,140,150,160,170,450,450,450,31751,0,90,105.10662162073606,58.542500000001496,2127.3636249999868,10852.631350193695
1776287183,200,POST,POST /v1/tweets,57.700000,0.000000,76,79,83,85,93,100,110,120,340,340,340,15889,0,76,80.95392726320064,55.75616699999841,585.0466250000181,214.5387374913462
1776287183,200,POST,POST /v1/tweets/:id/like,98.700000,0.000000,78,82,85,87,93,100,120,130,150,150,150,31405,0,79,84.11666293131638,56.41045799995936,849.3070410000314,0.0
1776287183,200,,Aggregated,507.000000,0.000000,83,92,100,110,130,150,160,180,260,450,450,158166,0,84,97.81630941645513,55.75616699999841,2156.8196250000256,7394.627555859034
1776287184,200,GET,GET /v1/timeline/home,253.600000,0.000000,88,100,110,120,140,150,170,200,240,360,360,79368,0,89,103.69165610838083,56.22562500000328,2156.8196250000256,10385.05101552263
1776287184,200,GET,GET /v1/timeline/user/:id,96.100000,0.000000,88,100,110,120,140,150,170,190,450,450,450,31866,0,90,105.10563020787019,58.542500000001496,2127.3636249999868,10852.519079897069
1776287184,200,POST,POST /v1/tweets,57.400000,0.000000,76,79,82,84,92,99,100,120,340,340,340,15937,0,76,80.93634574097977,55.75616699999841,585.0466250000181,214.5388090606764
1776287184,200,POST,POST /v1/tweets/:id/like,98.900000,0.000000,78,82,85,87,93,100,120,130,150,150,150,31506,0,79,84.10121841300044,56.41045799995936,849.3070410000314,0.0
1776287184,200,,Aggregated,506.000000,0.000000,83,92,100,110,130,150,160,180,250,450,450,158677,0,84,97.80038004000593,55.75616699999841,2156.8196250000256,7395.439836901378
1776287185,200,GET,GET /v1/timeline/home,254.000000,0.000000,88,100,120,120,140,160,170,200,240,360,360,79649,0,89,103.69607048170056,56.22562500000328,2156.8196250000256,10386.297342088414
1776287185,200,GET,GET /v1/timeline/user/:id,98.200000,0.000000,89,100,110,120,140,150,170,190,450,450,450,31955,0,90,105.10923023742737,58.542500000001496,2127.3636249999868,10852.400813644188
1776287185,200,POST,POST /v1/tweets,56.200000,0.000000,76,80,83,85,92,99,110,120,340,340,340,15978,0,76,80.93383903066685,55.75616699999841,585.0466250000181,214.53880335461258
1776287185,200,POST,POST /v1/tweets/:id/like,99.100000,0.000000,79,83,85,88,94,110,120,130,150,150,150,31604,0,79,84.10085449452573,56.41045799995936,849.3070410000314,0.0
1776287185,200,,Aggregated,507.500000,0.000000,83,92,100,110,140,150,170,180,250,450,450,159186,0,84,97.80469422883306,55.75616699999841,2156.8196250000256,7396.847499151935
1776287186,200,GET,GET /v1/timeline/home,252.300000,0.000000,88,100,110,120,140,160,170,200,250,360,360,79899,0,89,103.6778829805375,56.22562500000328,2156.8196250000256,10387.403947483697
1776287186,200,GET,GET /v1/timeline/user/:id,100.600000,0.000000,88,100,110,120,140,150,170,190,450,450,450,32052,0,90,105.07793489192531,58.542500000001496,2127.3636249999868,10852.310589042805
1776287186,200,POST,POST /v1/tweets,55.800000,0.000000,76,79,82,84,91,97,110,120,340,340,340,16019,0,76,80.9259549174727,55.75616699999841,585.0466250000181,214.53873525188837
1776287186,200,POST,POST /v1/tweets/:id/like,101.500000,0.000000,78,83,85,87,94,110,120,130,150,150,150,31711,0,79,84.09629966554164,56.41045799995936,849.3070410000314,0.0
1776287186,200,,Aggregated,510.200000,0.000000,83,92,100,110,130,150,170,180,260,450,450,159681,0,84,97.78776292692945,55.75616699999841,2156.8196250000256,7397.361884006237
1776287187,200,GET,GET /v1/timeline/home,254.500000,0.000000,88,100,120,120,150,160,170,200,250,360,360,80144,0,89,103.66904771794476,56.22562500000328,2156.8196250000256,10388.489007286884
1776287187,200,GET,GET /v1/timeline/user/:id,100.300000,0.000000,88,100,120,130,150,160,180,190,450,450,450,32151,0,90,105.08124283418834,58.542500000001496,2127.3636249999868,10852.329196603527
1776287187,200,POST,POST /v1/tweets,54.300000,0.000000,75,79,82,83,90,97,110,120,340,340,340,16070,0,76,80.90954015202213,55.75616699999841,585.0466250000181,214.5388923459863
1776287187,200,POST,POST /v1/tweets/:id/like,100.500000,0.000000,78,83,85,87,94,110,120,130,150,150,150,31818,0,79,84.08120249889971,56.41045799995936,849.3070410000314,0.0
1776287187,200,,Aggregated,509.600000,0.000000,83,92,100,110,140,150,170,180,260,450,450,160183,0,84,97.7783610621728,55.75616699999841,2156.8196250000256,7397.3888552468115
1776287188,200,GET,GET /v1/timeline/home,254.500000,0.000000,89,100,120,130,150,160,180,220,260,360,360,80428,0,89,103.6778498970006,56.22562500000328,2156.8196250000256,10389.73087730641
1776287188,200,GET,GET /v1/timeline/user/:id,99.500000,0.000000,88,110,120,130,150,160,180,190,450,450,450,32234,0,90,105.08549434953738,58.542500000001496,2127.3636249999868,10852.335577340697
1776287188,200,POST,POST /v1/tweets,52.500000,0.000000,75,79,82,84,90,98,110,120,340,340,340,16119,0,76,80.89995608381385,55.75616699999841,585.0466250000181,214.5389912525591
1776287188,200,POST,POST /v1/tweets/:id/like,102.500000,0.000000,79,83,85,88,94,110,120,130,150,150,150,31920,0,79,84.06819036353357,56.41045799995936,849.3070410000314,0.0
1776287188,200,,Aggregated,509.000000,0.000000,83,93,110,120,140,160,170,190,290,450,450,160701,0,84,97.7804180739263,55.75616699999841,2156.8196250000256,7398.196738041456
1776287189,200,GET,GET /v1/timeline/home,253.300000,0.000000,89,110,120,130,150,170,190,220,280,360,360,80686,0,89,103.69615266308855,56.22562500000328,2156.8196250000256,10390.856716158936
1776287189,200,GET,GET /v1/timeline/user/:id,100.100000,0.000000,89,110,120,130,150,170,180,210,450,450,450,32339,0,90,105.08990024505975,58.542500000001496,2127.3636249999868,10852.187451683725
1776287189,200,POST,POST /v1/tweets,51.100000,0.000000,75,79,82,84,90,97,110,120,340,340,340,16169,0,76,80.89644259521278,55.75616699999841,585.0466250000181,214.53856144473994
1776287189,200,POST,POST /v1/tweets/:id/like,102.800000,0.000000,79,83,86,88,95,110,120,120,150,150,150,32020,0,79,84.06245610387234,56.41045799995936,849.3070410000314,0.0
1776287189,200,,Aggregated,507.300000,0.000000,84,94,110,120,140,160,180,210,290,450,450,161214,0,84,97.78942574817961,55.75616699999841,2156.8196250000256,7398.950643244383
1776287190,200,GET,GET /v1/timeline/home,255.000000,0.000000,89,110,120,130,150,160,180,220,280,360,360,80925,0,89,103.69141059656431,56.22562500000328,2156.8196250000256,10391.88766141489
1776287190,200,GET,GET /v1/timeline/user/:id,100.000000,0.000000,88,110,120,130,150,170,180,200,450,450,450,32439,0,90,105.07323627765922,58.542500000001496,2127.3636249999868,10852.064459446961
1776287190,200,POST,POST /v1/tweets,49.900000,0.000000,76,79,82,84,90,98,120,120,340,340,340,16219,0,76,80.90112991349623,55.75616699999841,585.0466250000181,214.5388741599359
1776287190,200,POST,POST /v1/tweets/:id/like,101.600000,0.000000,79,83,86,89,97,110,120,130,150,150,150,32132,0,79,84.06910219121103,56.41045799995936,849.3070410000314,0.0
1776287190,200,,Aggregated,506.500000,0.000000,84,93,110,120,140,160,180,200,290,450,450,161715,0,84,97.78401466662353,55.75616699999841,2156.8196250000256,7398.65339640726
1776287191,200,GET,GET /v1/timeline/home,258.200000,0.000000,89,110,120,130,150,170,190,220,280,360,360,81183,0,89,103.69805076630527,56.22562500000328,2156.8196250000256,10392.992252072478
1776287191,200,GET,GET /v1/timeline/user/:id,97.800000,0.000000,89,110,120,130,150,170,180,200,450,450,450,32533,0,90,105.06931094808307,58.542500000001496,2127.3636249999868,10852.006178341991
1776287191,200,POST,POST /v1/tweets,48.500000,0.000000,76,79,82,84,90,99,120,120,340,340,340,16263,0,76,80.89295718717308,55.75616699999841,585.0466250000181,214.53901494189265
1776287191,200,POST,POST /v1/tweets/:id/like,101.700000,0.000000,79,84,87,90,98,110,120,130,150,150,150,32233,0,79,84.06334807566755,56.41045799995936,849.3070410000314,0.0
1776287191,200,,Aggregated,506.200000,0.000000,84,94,110,120,140,160,180,200,290,450,450,162212,0,84,97.78508870917702,55.75616699999841,2156.8196250000256,7399.401123221463
1776287192,200,GET,GET /v1/timeline/home,255.800000,0.000000,90,110,120,130,160,170,200,230,280,290,290,81450,0,89,103.73530533956982,56.22562500000328,2156.8196250000256,10394.133480662984
1776287192,200,GET,GET /v1/timeline/user/:id,98.700000,0.000000,90,110,120,130,150,170,190,210,250,250,250,32620,0,90,105.07106794895732,58.542500000001496,2127.3636249999868,10851.83746167995
1776287192,200,POST,POST /v1/tweets,48.300000,0.000000,76,80,82,84,90,100,120,120,130,130,130,16297,0,76,80.8972270118424,55.75616699999841,585.0466250000181,214.53893354605142
1776287192,200,POST,POST /v1/tweets/:id/like,102.700000,0.000000,79,84,87,90,99,120,120,140,180,180,180,32349,0,79,84.07588146159046,56.41045799995936,849.3070410000314,0.0
1776287192,200,,Aggregated,505.500000,0.000000,84,95,110,120,140,160,180,220,260,290,290,162716,0,84,97.80729402404208,55.75616699999841,2156.8196250000256,7399.920419626835
1776287193,200,GET,GET /v1/timeline/home,255.400000,0.000000,90,110,120,130,160,170,200,230,280,290,290,81695,0,89,103.72553502647614,56.22562500000328,2156.8196250000256,10395.166448375054
1776287193,200,GET,GET /v1/timeline/user/:id,98.100000,0.000000,89,110,120,130,150,170,190,200,250,250,250,32726,0,90,105.04374121484408,58.542500000001496,2127.3636249999868,10851.825796003179
1776287193,200,POST,POST /v1/tweets,48.000000,0.000000,77,80,82,84,90,100,120,120,130,130,130,16355,0,76,80.88309001724222,55.75616699999841,585.0466250000181,214.53965148272698
1776287193,200,POST,POST /v1/tweets/:id/like,104.100000,0.000000,79,84,87,90,98,110,120,140,180,180,180,32448,0,79,84.06266764977781,56.41045799995936,849.3070410000314,0.0
1776287193,200,,Aggregated,505.600000,0.000000,84,95,110,120,150,160,180,220,260,290,290,163224,0,84,97.79215946256079,55.75616699999841,2156.8196250000256,7400.129699063863
1776287194,200,GET,GET /v1/timeline/home,254.300000,0.000000,91,110,130,140,160,170,200,230,280,290,290,81966,0,89,103.73088005834097,56.22562500000328,2156.8196250000256,10396.30594392797
1776287194,200,GET,GET /v1/timeline/user/:id,99.400000,0.000000,89,110,120,140,160,170,190,200,250,250,250,32826,0,90,105.05357259105548,58.542500000001496,2127.3636249999868,10851.747913239506
1776287194,200,POST,POST /v1/tweets,46.600000,0.000000,77,80,83,85,90,100,120,120,130,130,130,16393,0,76,80.87994460440414,55.75616699999841,585.0466250000181,214.53998657963766
1776287194,200,POST,POST /v1/tweets/:id/like,105.700000,0.000000,80,84,87,90,98,110,120,140,180,180,180,32534,0,79,84.05463043105648,56.41045799995936,849.3070410000314,0.0
1776287194,200,,Aggregated,506.000000,0.000000,85,96,110,120,150,160,180,210,260,290,290,163719,0,84,97.79800858226614,55.75616699999841,2156.8196250000256,7402.195493498006
1776287195,200,GET,GET /v1/timeline/home,255.400000,0.000000,92,110,130,140,160,170,200,230,280,290,290,82212,0,89,103.74142202674771,56.22562500000328,2156.8196250000256,10397.332846786358
1776287195,200,GET,GET /v1/timeline/user/:id,97.400000,0.000000,90,110,130,140,160,170,190,220,250,250,250,32934,0,90,105.0687157671703,58.542500000001496,2127.3636249999868,10851.568257727577
1776287195,200,POST,POST /v1/tweets,45.700000,0.000000,77,81,83,85,91,100,120,130,150,150,150,16430,0,76,80.89106333834434,55.75616699999841,585.0466250000181,214.54047474132685
1776287195,200,POST,POST /v1/tweets/:id/like,104.200000,0.000000,80,85,88,90,100,120,130,140,180,180,180,32651,0,79,84.07264883749326,56.41045799995936,849.3070410000314,0.0
1776287195,200,,Aggregated,502.700000,0.000000,85,97,110,120,150,160,180,220,260,290,290,164227,0,84,97.81107309139806,55.75616699999841,2156.8196250000256,7402.53415699002
1776287196,200,GET,GET /v1/timeline/home,257.800000,0.000000,92,110,130,140,160,180,220,240,280,290,290,82463,0,89,103.78304490434468,56.22562500000328,2156.8196250000256,10398.377551144149
1776287196,200,GET,GET /v1/timeline/user/:id,95.600000,0.000000,91,110,130,140,160,180,210,230,260,260,260,33034,0,90,105.13521420188253,58.542500000001496,2127.3636249999868,10851.597051522673
1776287196,200,POST,POST /v1/tweets,45.200000,0.000000,78,82,84,86,95,110,120,130,160,160,160,16475,0,76,80.9020785979361,55.75616699999841,585.0466250000181,214.54039453717755
1776287196,200,POST,POST /v1/tweets/:id/like,103.300000,0.000000,80,85,88,91,100,120,130,150,180,180,180,32756,0,79,84.0819760993403,56.41045799995936,849.3070410000314,0.0
1776287196,200,,Aggregated,501.900000,0.000000,86,98,110,130,150,170,200,230,260,290,290,164728,0,84,97.84826411965797,55.75616699999841,2156.8196250000256,7403.037844203778
1776287197,200,GET,GET /v1/timeline/home,256.100000,0.000000,93,110,130,140,160,180,230,240,280,290,290,82678,0,89,103.80678666823063,56.22562500000328,2156.8196250000256,10399.271402307748
1776287197,200,GET,GET /v1/timeline/user/:id,96.000000,0.000000,93,110,130,140,160,180,220,240,260,260,260,33135,0,90,105.1687898717667,58.542500000001496,2127.3636249999868,10851.48990493436
1776287197,200,POST,POST /v1/tweets,45.400000,0.000000,78,82,85,87,96,110,120,130,160,160,160,16538,0,76,80.90447272838298,55.75616699999841,585.0466250000181,214.5407546257105
1776287197,200,POST,POST /v1/tweets/:id/like,103.700000,0.000000,81,85,89,92,100,120,130,150,180,180,180,32849,0,79,84.08295552083749,56.41045799995936,849.3070410000314,0.0
1776287197,200,,Aggregated,501.200000,0.000000,86,99,110,130,150,170,210,230,260,290,290,165200,0,84,97.86528169759694,55.75616699999841,2156.8196250000256,7402.561464891041
1776287198,200,GET,GET /v1/timeline/home,255.400000,0.000000,93,110,130,140,160,190,230,240,260,290,290,82916,0,89,103.83978974937244,56.22562500000328,2156.8196250000256,10400.254546770226
1776287198,200,GET,GET /v1/timeline/user/:id,97.400000,0.000000,94,120,130,140,160,190,230,240,260,260,260,33238,0,90,105.23121608634668,58.542500000001496,2127.3636249999868,10851.476382453819
1776287198,200,POST,POST /v1/tweets,45.400000,0.000000,78,82,85,88,100,110,130,130,160,160,160,16596,0,76,80.9094055680283,55.75616699999841,585.0466250000181,214.5404916847433
1776287198,200,POST,POST /v1/tweets/:id/like,102.200000,0.000000,81,86,90,94,110,120,140,150,180,180,180,32954,0,79,84.09948246270525,56.41045799995936,849.3070410000314,0.0
1776287198,200,,Aggregated,500.400000,0.000000,87,100,120,130,150,170,210,230,260,290,290,165704,0,84,97.8965022390528,55.75616699999841,2156.8196250000256,7402.291990537344
1776287199,200,GET,GET /v1/timeline/home,254.400000,0.000000,95,120,130,140,170,200,230,250,260,290,290,83167,0,89,103.91380964646986,56.22562500000328,2156.8196250000256,10401.289177197687
1776287199,200,GET,GET /v1/timeline/user/:id,97.700000,0.000000,96,120,140,150,170,200,240,250,350,350,350,33334,0,90,105.28347021758535,58.542500000001496,2127.3636249999868,10851.412971740565
1776287199,200,POST,POST /v1/tweets,46.400000,0.000000,78,82,86,88,100,110,130,140,160,160,160,16638,0,76,80.92277855980274,55.75616699999841,585.0466250000181,214.53996874624355
1776287199,200,POST,POST /v1/tweets/:id/like,103.700000,0.000000,81,86,90,94,110,120,140,150,180,180,180,33055,0,79,84.11505519177098,56.41045799995936,849.3070410000314,0.0
1776287199,200,,Aggregated,502.200000,0.000000,88,100,120,130,160,180,230,240,260,350,350,166194,0,84,97.94899540382323,55.75616699999841,2156.8196250000256,7403.002111989603
1776287200,200,GET,GET /v1/timeline/home,251.700000,0.000000,96,120,140,150,180,210,240,250,280,360,360,83425,0,89,103.97908336233715,56.22562500000328,2156.8196250000256,10402.33862750974
1776287200,200,GET,GET /v1/timeline/user/:id,98.900000,0.000000,97,120,140,150,180,210,240,250,350,350,350,33421,0,90,105.31647848975166,58.542500000001496,2127.3636249999868,10851.32973280273
1776287200,200,POST,POST /v1/tweets,46.800000,0.000000,78,83,86,89,100,110,130,140,160,160,160,16690,0,76,80.92255629934084,55.75616699999841,585.0466250000181,214.53996405032953
1776287200,200,POST,POST /v1/tweets/:id/like,103.100000,0.000000,81,86,90,94,110,120,140,150,180,180,180,33153,0,79,84.11880853277201,56.41045799995936,849.3070410000314,0.0
1776287200,200,,Aggregated,500.500000,0.000000,89,100,120,130,160,190,230,250,280,360,360,166689,0,84,97.98862181086939,55.75616699999841,2156.8196250000256,7403.3563282520145
1776287201,200,GET,GET /v1/timeline/home,247.400000,0.000000,96,120,140,150,180,210,240,250,280,360,360,83677,0,89,103.99500085298207,56.22562500000328,2156.8196250000256,10403.358605112517
1776287201,200,GET,GET /v1/timeline/user/:id,100.000000,0.000000,99,120,140,150,180,210,240,250,350,350,350,33508,0,90,105.3240010078486,58.542500000001496,2127.3636249999868,10851.211382356452
1776287201,200,POST,POST /v1/tweets,47.100000,0.000000,78,83,87,89,100,110,130,140,160,160,160,16751,0,76,80.93015406113062,55.75616699999841,585.0466250000181,214.54044534654648
1776287201,200,POST,POST /v1/tweets/:id/like,103.700000,0.000000,81,86,90,94,110,120,130,150,180,180,180,33255,0,79,84.12212421305037,56.41045799995936,849.3070410000314,0.0
1776287201,200,,Aggregated,498.200000,0.000000,88,100,120,130,160,190,230,250,280,360,360,167191,0,84,97.99767070912317,55.75616699999841,2156.8196250000256,7403.018081116807
1776287202,200,GET,GET /v1/timeline/home,248.900000,0.000000,97,120,140,150,180,220,240,250,280,360,360,83921,0,89,104.0467098753469,56.22562500000328,2156.8196250000256,10404.345694164751
1776287202,200,GET,GET /v1/timeline/user/:id,98.600000,0.000000,100,120,140,150,190,220,240,260,350,350,350,33606,0,90,105.40342075385324,58.542500000001496,2127.3636249999868,10851.133488067608
1776287202,200,POST,POST /v1/tweets,45.800000,0.000000,79,84,87,89,100,110,130,140,160,160,160,16801,0,76,80.93414920070231,55.75616699999841,585.0466250000181,214.54026546038926
1776287202,200,POST,POST /v1/tweets/:id/like,101.900000,0.000000,82,86,90,94,110,120,140,150,180,180,180,33359,0,79,84.12489871267088,56.41045799995936,849.3070410000314,0.0
1776287202,200,,Aggregated,495.200000,0.000000,89,100,120,130,160,200,240,250,280,360,360,167687,0,84,98.03973136963515,55.75616699999841,2156.8196250000256,7403.142628826326
1776287203,200,GET,GET /v1/timeline/home,248.600000,0.000000,99,120,140,160,190,220,250,250,280,360,360,84148,0,89,104.11053628522338,56.22562500000328,2156.8196250000256,10405.250499120597
1776287203,200,GET,GET /v1/timeline/user/:id,98.000000,0.000000,100,130,140,160,190,230,250,260,350,350,350,33697,0,90,105.43618309564621,58.542500000001496,2127.3636249999868,10851.186871234828
1776287203,200,POST,POST /v1/tweets,47.200000,0.000000,79,84,87,90,100,110,130,140,160,160,160,16841,0,76,80.93970459830176,55.75616699999841,585.0466250000181,214.54028858143815
1776287203,200,POST,POST /v1/tweets/:id/like,101.300000,0.000000,82,87,92,96,110,120,140,150,180,180,180,33447,0,79,84.1319655857323,56.41045799995936,849.3070410000314,0.0
1776287203,200,,Aggregated,495.100000,0.000000,90,110,120,140,170,210,240,250,280,360,360,168133,0,84,98.08094715010732,55.75616699999841,2156.8196250000256,7403.939357532429
1776287204,200,GET,GET /v1/timeline/home,248.000000,0.000000,100,130,140,160,200,230,250,260,280,360,360,84416,0,89,104.19145120445134,56.22562500000328,2156.8196250000256,10406.31517721759
1776287204,200,GET,GET /v1/timeline/user/:id,97.500000,0.000000,100,130,140,160,200,230,250,260,350,350,350,33805,0,90,105.51365785463656,58.542500000001496,2127.3636249999868,10851.166010945126
1776287204,200,POST,POST /v1/tweets,48.500000,0.000000,79,84,88,91,100,110,130,130,160,160,160,16883,0,76,80.94695442510219,55.75616699999841,585.0466250000181,214.54024758632946
1776287204,200,POST,POST /v1/tweets/:id/like,100.400000,0.000000,82,87,91,96,110,120,140,140,180,180,180,33548,0,79,84.14084002971825,56.41045799995936,849.3070410000314,0.0
1776287204,200,,Aggregated,494.400000,0.000000,90,110,130,140,180,220,240,250,280,360,360,168652,0,84,98.14113726209578,55.75616699999841,2156.8196250000256,7405.22052510495
1776287205,200,GET,GET /v1/timeline/home,244.200000,0.000000,100,130,150,170,210,230,250,260,280,360,360,84657,0,89,104.26021712224569,56.22562500000328,2156.8196250000256,10407.264549889554
1776287205,200,GET,GET /v1/timeline/user/:id,99.000000,0.000000,100,130,150,160,200,230,250,260,350,350,350,33910,0,90,105.56356509360036,58.542500000001496,2127.3636249999868,10851.172928339724
1776287205,200,POST,POST /v1/tweets,49.300000,0.000000,79,84,87,91,110,110,130,130,160,160,160,16941,0,76,80.95293738403873,55.75616699999841,585.0466250000181,214.540168821203
1776287205,200,POST,POST /v1/tweets/:id/like,100.000000,0.000000,82,87,92,97,110,120,140,140,180,180,180,33635,0,79,84.145274964709,56.41045799995936,849.3070410000314,0.0
1776287205,200,,Aggregated,492.500000,0.000000,90,110,130,140,190,220,250,250,280,360,360,169143,0,84,98.18714182025239,55.75616699999841,2156.8196250000256,7405.837628515516
1776287206,200,GET,GET /v1/timeline/home,244.400000,0.000000,100,130,150,160,210,230,250,260,280,360,360,84894,0,89,104.25342544292819,56.22562500000328,2156.8196250000256,10408.194383584234
1776287206,200,GET,GET /v1/timeline/user/:id,97.500000,0.000000,100,130,140,160,200,230,250,260,350,350,350,34016,0,90,105.56166371572168,58.542500000001496,2127.3636249999868,10851.075817262465
1776287206,200,POST,POST /v1/tweets,48.900000,0.000000,79,84,87,90,110,110,130,130,160,160,160,16988,0,76,80.94766162449963,55.75616699999841,585.0466250000181,214.54026371556392
1776287206,200,POST,POST /v1/tweets/:id/like,99.200000,0.000000,82,87,92,96,110,120,140,140,180,180,180,33742,0,79,84.1371451129152,56.41045799995936,849.3070410000314,0.0
1776287206,200,,Aggregated,490.000000,0.000000,90,110,130,140,180,220,250,250,280,360,360,169640,0,84,98.18067836938776,55.75616699999841,2156.8196250000256,7405.96592195237
1776287207,200,GET,GET /v1/timeline/home,243.000000,0.000000,99,120,140,160,200,230,250,260,280,360,360,85144,0,89,104.24491700152612,56.22562500000328,2156.8196250000256,10409.169548059757
1776287207,200,GET,GET /v1/timeline/user/:id,97.400000,0.000000,97,120,140,160,190,230,250,260,350,350,350,34105,0,90,105.5567432377947,58.542500000001496,2127.3636249999868,10851.05732297317
1776287207,200,POST,POST /v1/tweets,49.000000,0.000000,78,84,87,89,100,110,130,130,150,150,150,17035,0,76,80.94311126193132,55.75616699999841,585.0466250000181,214.54006457293806
1776287207,200,POST,POST /v1/tweets/:id/like,98.700000,0.000000,81,86,90,94,110,120,140,150,180,180,180,33852,0,79,84.14304332656816,56.41045799995936,849.3070410000314,0.0
1776287207,200,,Aggregated,488.100000,0.000000,89,110,120,140,180,220,240,250,280,360,360,170136,0,84,98.17509606632896,55.75616699999841,2156.8196250000256,7405.889006441906
1776287208,200,GET,GET /v1/timeline/home,242.300000,0.000000,96,120,140,160,200,230,250,260,280,360,360,85399,0,89,104.25804604628802,56.22562500000328,2156.8196250000256,10410.159498354782
1776287208,200,GET,GET /v1/timeline/user/:id,97.000000,0.000000,96,120,140,160,200,230,250,260,280,280,280,34197,0,90,105.5882273188873,58.542500000001496,2127.3636249999868,10850.901511828522
1776287208,200,POST,POST /v1/tweets,51.000000,0.000000,77,83,86,89,99,110,120,130,150,150,150,17096,0,76,80.91766847110443,55.75616699999841,585.0466250000181,214.5403018249883
1776287208,200,POST,POST /v1/tweets/:id/like,98.700000,0.000000,80,85,89,92,100,120,130,150,180,180,180,33962,0,79,84.1238472540776,56.41045799995936,849.3070410000314,0.0
1776287208,200,,Aggregated,489.000000,0.000000,88,100,120,140,180,220,240,250,280,360,360,170654,0,84,98.17945107970482,55.75616699999841,2156.8196250000256,7405.353938378239
1776287209,200,GET,GET /v1/timeline/home,244.000000,0.000000,95,120,140,150,180,220,250,250,280,290,290,85662,0,89,104.2552930327329,56.22562500000328,2156.8196250000256,10411.17956620205
1776287209,200,GET,GET /v1/timeline/user/:id,96.100000,0.000000,95,120,140,150,180,220,240,250,270,270,270,34300,0,90,105.57897238320669,58.542500000001496,2127.3636249999868,10850.823411078718
1776287209,200,POST,POST /v1/tweets,49.100000,0.000000,77,83,86,88,98,110,120,130,150,150,150,17147,0,76,80.91484462133326,55.75616699999841,585.0466250000181,214.5406776695632
1776287209,200,POST,POST /v1/tweets/:id/like,98.200000,0.000000,80,85,89,92,100,120,130,150,180,180,180,34050,0,79,84.11845426519774,56.41045799995936,849.3070410000314,0.0
1776287209,200,,Aggregated,487.400000,0.000000,87,100,120,130,170,210,240,250,270,290,290,171159,0,84,98.17629147731637,55.75616699999841,2156.8196250000256,7406.589405172967
1776287210,200,GET,GET /v1/timeline/home,243.800000,0.000000,93,120,140,150,180,220,250,250,280,290,290,85935,0,89,104.23722317749429,56.22562500000328,2156.8196250000256,10412.220399138883
1776287210,200,GET,GET /v1/timeline/user/:id,95.700000,0.000000,93,120,140,150,190,230,240,250,270,270,270,34383,0,90,105.56006863473192,58.542500000001496,2127.3636249999868,10850.78090917023
1776287210,200,POST,POST /v1/tweets,49.400000,0.000000,76,81,85,87,94,110,120,130,150,150,150,17194,0,76,80.89393547725957,55.75616699999841,585.0466250000181,214.5405955565895
1776287210,200,POST,POST /v1/tweets/:id/like,98.300000,0.000000,79,84,87,90,100,110,130,140,170,170,170,34150,0,79,84.0938635717125,56.41045799995936,849.3070410000314,0.0
1776287210,200,,Aggregated,487.200000,0.000000,86,100,120,130,160,200,240,250,270,290,290,171662,0,84,98.15680454145917,55.75616699999841,2156.8196250000256,7407.261776048281
1776287211,200,GET,GET /v1/timeline/home,246.700000,0.000000,94,120,140,150,180,220,240,250,280,290,290,86221,0,89,104.26288653440561,56.22562500000328,2156.8196250000256,10413.312928404914
1776287211,200,GET,GET /v1/timeline/user/:id,95.500000,0.000000,92,120,140,140,180,220,240,250,270,270,270,34468,0,90,105.55628614802094,58.542500000001496,2127.3636249999868,10850.698096785423
1776287211,200,POST,POST /v1/tweets,50.100000,0.000000,77,81,85,87,93,100,120,130,150,150,150,17245,0,76,80.88762605682814,55.75616699999841,585.0466250000181,214.54044650623368
1776287211,200,POST,POST /v1/tweets/:id/like,99.100000,0.000000,79,84,87,89,100,110,130,140,170,170,170,34246,0,79,84.08381761534137,56.41045799995936,849.3070410000314,0.0
1776287211,200,,Aggregated,491.400000,0.000000,86,100,120,130,160,200,240,250,270,290,290,172180,0,84,98.16706899894292,55.75616699999841,2156.8196250000256,7408.223173423162
1776287212,200,GET,GET /v1/timeline/home,249.000000,0.000000,93,120,140,150,180,230,250,260,360,360,360,86483,0,89,104.34936910717694,56.22562500000328,2156.8196250000256,10414.306545795127
1776287212,200,GET,GET /v1/timeline/user/:id,96.300000,0.000000,92,120,140,150,190,230,240,260,360,360,360,34558,0,90,105.64074848066977,58.542500000001496,2127.3636249999868,10850.651860640084
1776287212,200,POST,POST /v1/tweets,51.000000,0.000000,76,80,84,86,93,100,120,130,150,150,150,17284,0,76,80.88184755253423,55.75616699999841,585.0466250000181,214.54090488312892
1776287212,200,POST,POST /v1/tweets/:id/like,98.900000,0.000000,79,83,87,89,99,110,130,140,170,170,170,34329,0,79,84.07689104978246,56.41045799995936,849.3070410000314,0.0
1776287212,200,,Aggregated,495.200000,0.000000,86,99,120,130,170,210,240,250,340,360,360,172654,0,84,98.22776721325302,55.75616699999841,2156.8196250000256,7409.880020155919
1776287213,200,GET,GET /v1/timeline/home,251.100000,0.000000,91,110,130,140,170,220,240,260,360,360,360,86741,0,89,104.34446293801051,56.22562500000328,2156.8196250000256,10415.2788531375
1776287213,200,GET,GET /v1/timeline/user/:id,95.100000,0.000000,90,110,130,140,180,220,240,260,360,360,360,34654,0,90,105.63243625416943,58.542500000001496,2127.3636249999868,10850.562907600854
1776287213,200,POST,POST /v1/tweets,50.000000,0.000000,76,80,83,85,91,100,120,130,150,150,150,17340,0,76,80.86993395663212,55.75616699999841,585.0466250000181,214.54111880046136
1776287213,200,POST,POST /v1/tweets/:id/like,99.400000,0.000000,78,82,86,88,95,110,130,130,170,170,170,34417,0,79,84.06207878650038,56.41045799995936,849.3070410000314,0.0
1776287213,200,,Aggregated,495.600000,0.000000,85,96,110,130,160,200,240,250,340,360,360,173152,0,84,98.21993812408161,55.75616699999841,2156.8196250000256,7410.640668314544
1776287214,200,GET,GET /v1/timeline/home,254.100000,0.000000,90,110,130,140,170,200,240,250,360,360,360,86997,0,89,104.33782929251532,56.22562500000328,2156.8196250000256,10416.237146108486
1776287214,200,GET,GET /v1/timeline/user/:id,94.500000,0.000000,89,110,130,140,170,210,240,250,360,360,360,34755,0,90,105.63210294898538,58.542500000001496,2127.3636249999868,10850.453977844914
1776287214,200,POST,POST /v1/tweets,48.600000,0.000000,76,79,82,84,90,98,110,120,150,150,150,17404,0,76,80.85926437008735,55.75616699999841,585.0466250000181,214.54068030337854
1776287214,200,POST,POST /v1/tweets/:id/like,97.500000,0.000000,78,82,85,87,93,100,120,130,170,170,170,34505,0,79,84.04581837690144,56.41045799995936,849.3070410000314,0.0
1776287214,200,,Aggregated,494.700000,0.000000,84,94,110,120,160,180,230,240,340,360,360,173661,0,84,98.21201923946668,55.75616699999841,2156.8196250000256,7411.12153563552
1776287215,200,GET,GET /v1/timeline/home,257.000000,0.000000,89,110,130,140,160,180,230,250,360,360,360,87246,0,89,104.31886364814382,56.22562500000328,2156.8196250000256,10417.157921280059
1776287215,200,GET,GET /v1/timeline/user/:id,93.300000,0.000000,88,110,130,140,160,200,230,240,360,360,360,34855,0,90,105.61107239859378,58.542500000001496,2127.3636249999868,10850.319179457754
1776287215,200,POST,POST /v1/tweets,48.500000,0.000000,76,79,81,83,88,93,110,120,150,150,150,17450,0,76,80.84829193249283,55.75616699999841,585.0466250000181,214.54045845272205
1776287215,200,POST,POST /v1/tweets/:id/like,96.200000,0.000000,78,81,84,86,91,100,120,130,170,170,170,34615,0,79,84.03317025535122,56.41045799995936,849.3070410000314,0.0
1776287215,200,,Aggregated,495.000000,0.000000,83,93,110,120,150,170,220,240,340,360,360,174166,0,84,98.19418479444907,55.75616699999841,2156.8196250000256,7411.2453980685095
1776287216,200,GET,GET /v1/timeline/home,256.900000,0.000000,89,110,130,140,160,180,230,250,360,360,360,87489,0,89,104.30973224795054,56.22562500000328,2156.8196250000256,10418.053709609208
1776287216,200,GET,GET /v1/timeline/user/:id,93.900000,0.000000,88,110,130,140,160,200,230,240,360,360,360,34948,0,90,105.59428607265033,58.542500000001496,2127.3636249999868,10850.23429094655
1776287216,200,POST,POST /v1/tweets,51.200000,0.000000,76,79,81,83,88,93,100,110,120,120,120,17503,0,76,80.84063845329372,55.75616699999841,585.0466250000181,214.54036450894134
1776287216,200,POST,POST /v1/tweets/:id/like,95.800000,0.000000,78,81,84,86,91,99,110,120,130,130,130,34724,0,79,84.02960356352905,56.41045799995936,849.3070410000314,0.0
1776287216,200,,Aggregated,497.800000,0.000000,83,93,110,120,150,170,220,240,340,360,360,174664,0,84,98.18314548674033,55.75616699999841,2156.8196250000256,7410.881400861082
1776287217,200,GET,GET /v1/timeline/home,257.500000,0.000000,90,110,130,140,160,180,230,240,360,360,360,87758,0,89,104.33648584246384,56.22562500000328,2156.8196250000256,10419.037010870803
1776287217,200,GET,GET /v1/timeline/user/:id,94.700000,0.000000,88,110,120,140,160,190,230,240,360,360,360,35047,0,90,105.59065571809239,58.542500000001496,2127.3636249999868,10850.189431335064
1776287217,200,POST,POST /v1/tweets,51.800000,0.000000,77,79,82,84,88,94,100,110,120,120,120,17552,0,76,80.83329012482906,55.75616699999841,585.0466250000181,214.5406221513218
1776287217,200,POST,POST /v1/tweets/:id/like,96.000000,0.000000,78,81,84,86,91,99,110,120,130,130,130,34817,0,79,84.02039269299438,56.41045799995936,849.3070410000314,0.0
1776287217,200,,Aggregated,500.000000,0.000000,84,94,110,120,150,170,220,240,340,360,360,175174,0,84,98.19448637456482,55.75616699999841,2156.8196250000256,7411.979266329478
1776287218,200,GET,GET /v1/timeline/home,258.900000,0.000000,90,110,130,140,160,180,230,240,360,360,360,88031,0,89,104.32653911766242,56.22562500000328,2156.8196250000256,10420.038225170678
1776287218,200,GET,GET /v1/timeline/user/:id,93.400000,0.000000,88,110,120,140,160,190,230,240,360,360,360,35145,0,90,105.58390833210937,58.542500000001496,2127.3636249999868,10850.158913074407
1776287218,200,POST,POST /v1/tweets,50.200000,0.000000,77,80,82,84,89,95,110,110,120,120,120,17614,0,76,80.82397441546496,55.75616699999841,585.0466250000181,214.5403656182582
1776287218,200,POST,POST /v1/tweets/:id/like,98.200000,0.000000,78,82,85,87,92,100,110,120,130,130,130,34909,0,79,84.01080478807714,56.41045799995936,849.3070410000314,0.0
1776287218,200,,Aggregated,500.700000,0.000000,84,94,110,120,150,170,220,240,340,360,360,175699,0,84,98.18543470993004,55.75616699999841,2156.8196250000256,7412.643976345909
1776287219,200,GET,GET /v1/timeline/home,258.000000,0.000000,90,110,130,140,160,180,230,240,360,360,360,88303,0,89,104.31943594532387,56.22562500000328,2156.8196250000256,10421.022626637827
1776287219,200,GET,GET /v1/timeline/user/:id,94.000000,0.000000,88,110,130,140,160,190,230,240,360,360,360,35247,0,90,105.57933770510925,58.542500000001496,2127.3636249999868,10850.114931767243
1776287219,200,POST,POST /v1/tweets,52.100000,0.000000,77,79,82,84,88,94,100,110,120,120,120,17660,0,76,80.81280514937714,55.75616699999841,585.0466250000181,214.54060022650057
1776287219,200,POST,POST /v1/tweets/:id/like,96.300000,0.000000,78,81,84,87,92,99,110,120,130,130,130,35009,0,79,83.99248351069679,56.41045799995936,849.3070410000314,0.0
1776287219,200,,Aggregated,500.400000,0.000000,83,93,110,120,150,170,220,240,340,360,360,176219,0,84,98.17738758326843,55.75616699999841,2156.8196250000256,7413.674739954262
1776287220,200,GET,GET /v1/timeline/home,262.100000,0.000000,91,110,130,140,160,200,240,260,490,550,550,88513,0,89,104.40689731681144,56.22562500000328,2156.8196250000256,10421.776902827833
1776287220,200,GET,GET /v1/timeline/user/:id,93.200000,0.000000,90,110,130,140,170,210,240,260,600,600,600,35335,0,90,105.67330739838653,58.542500000001496,2127.3636249999868,10849.995953021084
1776287220,200,POST,POST /v1/tweets,51.100000,0.000000,77,80,82,84,90,96,110,110,130,130,130,17705,0,76,80.81808982513417,55.75616699999841,585.0466250000181,214.54069471900593
1776287220,200,POST,POST /v1/tweets/:id/like,95.800000,0.000000,78,82,85,87,93,100,120,130,160,160,160,35101,0,79,84.0003043424684,56.41045799995936,849.3070410000314,0.0
1776287220,200,,Aggregated,502.200000,0.000000,85,96,110,130,160,180,230,250,460,600,600,176654,0,84,98.24126814113457,55.75616699999841,2156.8196250000256,7413.6209143297065
1776287221,200,GET,GET /v1/timeline/home,262.200000,0.000000,92,110,130,140,160,200,250,300,680,710,710,88762,0,89,104.50459649476048,56.22562500000328,2156.8196250000256,10422.667830828508
1776287221,200,GET,GET /v1/timeline/user/:id,94.200000,0.000000,91,110,130,140,160,200,240,320,790,790,790,35435,0,90,105.72283156486493,58.542500000001496,2127.3636249999868,10849.900211655144
1776287221,200,POST,POST /v1/tweets,51.900000,0.000000,77,81,84,85,93,100,120,130,280,280,280,17759,0,76,80.8684289105806,55.75616699999841,585.0466250000181,214.5410214539107
1776287221,200,POST,POST /v1/tweets/:id/like,95.200000,0.000000,79,83,87,89,98,110,130,170,340,340,340,35196,0,79,84.06788376466028,56.41045799995936,849.3070410000314,0.0
1776287221,200,,Aggregated,503.500000,0.000000,86,98,110,130,150,180,230,270,670,790,790,177152,0,84,98.31851289611745,55.75616699999841,2156.8196250000256,7414.046073428468
1776287222,200,GET,GET /v1/timeline/home,260.700000,0.000000,95,120,130,140,160,190,230,280,680,710,710,89016,0,90,104.55251390388173,56.22562500000328,2156.8196250000256,10423.570369371799
1776287222,200,GET,GET /v1/timeline/user/:id,93.900000,0.000000,93,110,130,140,160,190,230,260,790,790,790,35527,0,90,105.75984788313079,58.542500000001496,2127.3636249999868,10849.815886508852
1776287222,200,POST,POST /v1/tweets,51.700000,0.000000,77,81,85,87,95,110,120,160,280,280,280,17804,0,76,80.87701081110987,55.75616699999841,585.0466250000181,214.54066501909682
1776287222,200,POST,POST /v1/tweets/:id/like,96.000000,0.000000,80,84,88,92,100,120,170,220,340,340,340,35300,0,79,84.12335797742163,56.41045799995936,849.3070410000314,0.0
1776287222,200,,Aggregated,502.300000,0.000000,87,100,120,130,150,170,220,260,670,790,790,177647,0,84,98.36172595369463,55.75616699999841,2156.8196250000256,7414.39839119152
1776287223,200,GET,GET /v1/timeline/home,255.600000,0.000000,94,120,130,140,160,190,240,280,680,710,710,89278,0,90,104.54639095211506,56.22562500000328,2156.8196250000256,10424.501668944196
1776287223,200,GET,GET /v1/timeline/user/:id,95.300000,0.000000,94,120,130,140,160,190,230,260,790,790,790,35623,0,90,105.77867480840992,58.542500000001496,2127.3636249999868,10849.827190298403
1776287223,200,POST,POST /v1/tweets,50.700000,0.000000,77,81,84,86,95,110,120,160,280,280,280,17870,0,76,80.8579685940683,55.75616699999841,585.0466250000181,214.5406827084499
1776287223,200,POST,POST /v1/tweets/:id/like,93.800000,0.000000,79,84,88,91,100,120,170,220,340,340,340,35392,0,79,84.10513116715597,56.41045799995936,849.3070410000314,0.0
1776287223,200,,Aggregated,495.400000,0.000000,87,100,120,130,150,170,220,260,670,790,790,178163,0,84,98.35615209200003,55.75616699999841,2156.8196250000256,7414.64780004827
1776287224,200,GET,GET /v1/timeline/home,250.400000,0.000000,96,120,130,140,160,190,240,280,680,710,710,89516,0,90,104.56260312319489,56.22562500000328,2156.8196250000256,10425.339023191385
1776287224,200,GET,GET /v1/timeline/user/:id,96.700000,0.000000,94,120,130,140,160,190,220,260,790,790,790,35720,0,90,105.78178427555952,58.542500000001496,2127.3636249999868,10849.724160134378
1776287224,200,POST,POST /v1/tweets,51.700000,0.000000,77,82,85,88,98,110,120,160,280,280,280,17921,0,76,80.86284135868537,55.75616699999841,585.0466250000181,214.54070643379276
1776287224,200,POST,POST /v1/tweets/:id/like,96.200000,0.000000,80,85,90,93,110,120,170,220,340,340,340,35493,0,79,84.11093660068137,56.41045799995936,849.3070410000314,0.0
1776287224,200,,Aggregated,495.000000,0.000000,88,100,120,130,150,180,220,260,670,790,790,178650,0,84,98.36576416600067,55.75616699999841,2156.8196250000256,7414.674385670305
1776287225,200,GET,GET /v1/timeline/home,252.300000,0.000000,97,120,130,140,170,190,240,290,680,710,710,89751,0,90,104.55816718342861,56.22562500000328,2156.8196250000256,10426.16599257947
1776287225,200,GET,GET /v1/timeline/user/:id,96.200000,0.000000,95,110,130,140,160,190,220,260,790,790,790,35811,0,91,105.76569262681815,58.542500000001496,2127.3636249999868,10849.7067102287
1776287225,200,POST,POST /v1/tweets,52.300000,0.000000,77,82,86,90,99,110,120,130,280,280,280,17990,0,76,80.87735232946086,55.75616699999841,585.0466250000181,214.54102279043914
1776287225,200,POST,POST /v1/tweets/:id/like,96.000000,0.000000,80,86,91,94,110,120,170,220,340,340,340,35609,0,79,84.11408136330658,56.41045799995936,849.3070410000314,0.0
1776287225,200,,Aggregated,496.800000,0.000000,89,100,120,130,150,180,230,270,670,790,790,179161,0,84,98.3583323000654,55.75616699999841,2156.8196250000256,7413.205239979683
1776287226,200,GET,GET /v1/timeline/home,252.000000,0.000000,96,120,130,140,170,200,250,290,680,710,710,90022,0,90,104.5812492539367,56.22562500000328,2156.8196250000256,10427.1086290018
1776287226,200,GET,GET /v1/timeline/user/:id,96.100000,0.000000,98,120,130,140,170,200,230,260,790,790,790,35910,0,91,105.83135896315747,58.542500000001496,2127.3636249999868,10849.576468950154
1776287226,200,POST,POST /v1/tweets,51.000000,0.000000,78,84,88,91,100,110,120,160,280,280,280,18027,0,76,80.88351592705396,55.75616699999841,585.0466250000181,214.54124369002054
1776287226,200,POST,POST /v1/tweets/:id/like,97.800000,0.000000,81,87,92,95,110,120,160,220,340,340,340,35712,0,79,84.12072055314698,56.41045799995936,849.3070410000314,0.0
1776287226,200,,Aggregated,496.900000,0.000000,90,100,120,130,160,180,230,270,670,790,790,179671,0,84,98.3866268608513,55.75616699999841,2156.8196250000256,7414.35734759644
1776287227,200,GET,GET /v1/timeline/home,250.400000,0.000000,96,120,130,140,170,200,250,290,680,710,710,90280,0,90,104.58492974968865,56.22562500000328,2156.8196250000256,10428.006236154188
1776287227,200,GET,GET /v1/timeline/user/:id,95.100000,0.000000,98,120,130,140,160,200,230,280,790,790,790,36008,0,91,105.83851172053394,58.542500000001496,2127.3636249999868,10849.485530993112
1776287227,200,POST,POST /v1/tweets,52.300000,0.000000,77,83,88,91,100,110,130,140,280,280,280,18090,0,76,80.87823207075739,55.75616699999841,585.0466250000181,214.54123825317856
1776287227,200,POST,POST /v1/tweets/:id/like,99.100000,0.000000,82,87,92,96,110,120,170,220,340,340,340,35795,0,79,84.12663687850221,56.41045799995936,849.3070410000314,0.0
1776287227,200,,Aggregated,496.900000,0.000000,90,100,120,130,160,180,230,270,670,790,790,180173,0,84,98.39077316279912,55.75616699999841,2156.8196250000256,7415.0384852336365
1776287228,200,GET,GET /v1/timeline/home,249.600000,0.000000,96,120,130,140,170,200,250,290,680,710,710,90532,0,90,104.56920741615016,56.22562500000328,2156.8196250000256,10428.872597534573
1776287228,200,GET,GET /v1/timeline/user/:id,96.400000,0.000000,98,120,130,140,160,200,230,280,790,790,790,36117,0,91,105.81710232693706,58.542500000001496,2127.3636249999868,10849.415178447822
1776287228,200,POST,POST /v1/tweets,53.500000,0.000000,78,84,88,91,100,110,130,140,280,280,280,18144,0,76,80.87370525347227,55.75616699999841,585.0466250000181,214.54133597883597
1776287228,200,POST,POST /v1/tweets/:id/like,97.100000,0.000000,82,87,93,97,110,120,170,220,340,340,340,35895,0,79,84.12149200743805,56.41045799995936,849.3070410000314,0.0
1776287228,200,,Aggregated,496.600000,0.000000,90,100,120,130,160,180,230,270,670,790,790,180688,0,84,98.37714311004073,55.75616699999841,2156.8196250000256,7415.476733374657
1776287229,200,GET,GET /v1/timeline/home,251.100000,0.000000,96,120,130,140,160,200,250,290,680,710,710,90783,0,90,104.55199012659769,56.22562500000328,2156.8196250000256,10429.73233975524
1776287229,200,GET,GET /v1/timeline/user/:id,95.800000,0.000000,98,120,130,140,160,190,230,280,790,790,790,36214,0,91,105.80071812456471,58.542500000001496,2127.3636249999868,10849.367067984756
1776287229,200,POST,POST /v1/tweets,52.600000,0.000000,78,83,87,90,100,110,130,140,280,280,280,18190,0,76,80.85626933738321,55.75616699999841,585.0466250000181,214.54134139637162
1776287229,200,POST,POST /v1/tweets/:id/like,98.500000,0.000000,82,87,92,96,110,120,160,220,340,340,340,36005,0,79,84.10577405393661,56.41045799995936,849.3070410000314,0.0
1776287229,200,,Aggregated,498.000000,0.000000,89,100,120,130,150,180,230,270,670,790,790,181192,0,84,98.35983078659683,55.75616699999841,2156.8196250000256,7415.580583027949
1776287230,200,GET,GET /v1/timeline/home,249.600000,0.000000,93,110,120,130,150,170,210,240,270,290,290,91032,0,90,104.5347484918261,56.22562500000328,2156.8196250000256,10430.576280868267
1776287230,200,GET,GET /v1/timeline/user/:id,96.200000,0.000000,95,110,130,140,150,170,210,230,280,280,280,36314,0,91,105.77891999873295,58.542500000001496,2127.3636249999868,10849.304290356336
1776287230,200,POST,POST /v1/tweets,53.900000,0.000000,77,82,86,88,96,110,110,120,140,140,140,18237,0,76,80.84923336711084,55.75616699999841,585.0466250000181,214.54126226901354
1776287230,200,POST,POST /v1/tweets/:id/like,98.300000,0.000000,81,86,90,93,100,120,130,160,230,230,230,36113,0,79,84.0932935224431,56.41045799995936,849.3070410000314,0.0
1776287230,200,,Aggregated,498.000000,0.000000,87,98,110,120,150,160,190,230,270,290,290,181696,0,84,98.34322991939314,55.75616699999841,2156.8196250000256,7415.740825334625
1776287231,200,GET,GET /v1/timeline/home,248.600000,0.000000,91,110,120,130,150,170,210,240,270,290,290,91286,0,90,104.52591355427903,56.22562500000328,2156.8196250000256,10431.445259952237
1776287231,200,GET,GET /v1/timeline/user/:id,96.100000,0.000000,94,110,130,130,150,170,210,230,280,280,280,36410,0,91,105.75977073850562,58.542500000001496,2127.3636249999868,10849.161549024993
1776287231,200,POST,POST /v1/tweets,52.100000,0.000000,77,82,85,88,94,100,110,120,140,140,140,18286,0,76,80.84707405917096,55.75616699999841,585.0466250000181,214.54123373072295
1776287231,200,POST,POST /v1/tweets/:id/like,97.200000,0.000000,80,84,88,90,100,110,120,130,160,160,160,36227,0,79,84.07902780326796,56.41045799995936,849.3070410000314,0.0
1776287231,200,,Aggregated,494.000000,0.000000,86,97,110,120,140,160,190,220,270,290,290,182209,0,84,98.33085266798032,55.75616699999841,2156.8196250000256,7415.583121580164
1776287232,200,GET,GET /v1/timeline/home,247.100000,0.000000,90,110,120,130,150,160,200,230,270,290,290,91528,0,90,104.518948115745,56.22562500000328,2156.8196250000256,10432.267579319989
1776287232,200,GET,GET /v1/timeline/user/:id,96.600000,0.000000,93,110,120,130,150,170,200,230,280,280,280,36506,0,91,105.75264751928422,58.542500000001496,2127.3636249999868,10849.17679285597
1776287232,200,POST,POST /v1/tweets,52.400000,0.000000,78,83,86,89,98,110,110,120,140,140,140,18340,0,76,80.86526387208289,55.75616699999841,585.0466250000181,214.54138495092693
1776287232,200,POST,POST /v1/tweets/:id/like,99.100000,0.000000,80,84,88,91,100,110,120,130,160,160,160,36327,0,79,84.08234124227127,56.41045799995936,849.3070410000314,0.0
1776287232,200,,Aggregated,495.200000,0.000000,86,96,110,120,140,160,180,220,270,290,290,182701,0,84,98.32756571227902,55.75616699999841,2156.8196250000256,7415.609788671108
1776287233,200,GET,GET /v1/timeline/home,250.300000,0.000000,90,110,120,130,150,160,190,230,270,290,290,91772,0,90,104.50626106741609,56.22562500000328,2156.8196250000256,10433.083652966046
1776287233,200,GET,GET /v1/timeline/user/:id,97.500000,0.000000,93,110,120,130,150,160,190,230,280,280,280,36618,0,91,105.75537169230957,58.542500000001496,2127.3636249999868,10849.027745917308
1776287233,200,POST,POST /v1/tweets,52.900000,0.000000,79,83,87,89,100,110,110,120,140,140,140,18391,0,76,80.87434190854218,55.75616699999841,585.0466250000181,214.5418954923604
1776287233,200,POST,POST /v1/tweets/:id/like,101.700000,0.000000,81,85,89,92,100,110,130,140,160,160,160,36443,0,79,84.10229765145542,56.41045799995936,849.3070410000314,0.0
1776287233,200,,Aggregated,502.400000,0.000000,86,97,110,120,140,160,180,220,270,290,290,183224,0,84,98.32554057689022,55.75616699999841,2156.8196250000256,7415.40568375322
1776287234,200,GET,GET /v1/timeline/home,252.000000,0.000000,88,100,120,130,150,160,190,230,270,290,290,92025,0,90,104.46593277883088,56.22562500000328,2156.8196250000256,10433.933637598479
1776287234,200,GET,GET /v1/timeline/user/:id,98.000000,0.000000,92,110,120,130,150,160,190,230,280,280,280,36708,0,91,105.71748606924902,58.542500000001496,2127.3636249999868,10848.891495041953
1776287234,200,POST,POST /v1/tweets,52.700000,0.000000,78,82,86,88,96,100,120,120,140,140,140,18450,0,76,80.86071797615172,55.75616699999841,585.0466250000181,214.5418428184282
1776287234,200,POST,POST /v1/tweets/:id/like,102.000000,0.000000,80,84,88,91,100,110,130,140,160,160,160,36542,0,79,84.08823340766767,56.41045799995936,849.3070410000314,0.0
1776287234,200,,Aggregated,504.700000,0.000000,85,95,110,110,140,150,180,220,270,290,290,183725,0,84,98.29248830831486,55.75616699999841,2156.8196250000256,7415.333509320996
1776287235,200,GET,GET /v1/timeline/home,249.000000,0.000000,88,100,120,130,150,160,190,220,270,270,270,92283,0,90,104.47263729699831,56.22562500000328,2156.8196250000256,10434.796094621977
1776287235,200,GET,GET /v1/timeline/user/:id,99.700000,0.000000,91,110,120,130,150,160,200,230,280,280,280,36806,0,91,105.722401273026,58.542500000001496,2127.3636249999868,10848.968972450144
1776287235,200,POST,POST /v1/tweets,52.500000,0.000000,78,82,85,88,96,110,120,130,140,140,140,18493,0,76,80.86626342810784,55.75616699999841,585.0466250000181,214.54188071162062
1776287235,200,POST,POST /v1/tweets/:id/like,104.600000,0.000000,80,84,88,91,100,110,130,140,160,160,160,36662,0,79,84.0963007842178,56.41045799995936,849.3070410000314,0.0
1776287235,200,,Aggregated,505.800000,0.000000,85,95,110,120,140,150,170,210,260,280,280,184244,0,84,98.29826468086426,55.75616699999841,2156.8196250000256,7415.324043116737
1776287236,200,GET,GET /v1/timeline/home,249.500000,0.000000,89,110,120,130,150,160,180,200,250,260,260,92514,0,90,104.47698450198786,56.22562500000328,2156.8196250000256,10435.557083252264
1776287236,200,GET,GET /v1/timeline/user/:id,99.400000,0.000000,90,110,120,120,140,160,170,200,280,280,280,36916,0,91,105.70668454409997,58.542500000001496,2127.3636249999868,10848.866480658793
1776287236,200,POST,POST /v1/tweets,52.600000,0.000000,78,82,86,88,98,110,120,130,150,150,150,18544,0,76,80.88548532495679,55.75616699999841,585.0466250000181,214.5419542709232
1776287236,200,POST,POST /v1/tweets/:id/like,104.700000,0.000000,80,84,88,91,100,110,130,140,170,170,170,36763,0,79,84.10649106721405,56.41045799995936,849.3070410000314,0.0
1776287236,200,,Aggregated,506.200000,0.000000,85,95,110,120,140,150,170,180,250,280,280,184737,0,84,98.30082269289399,55.75616699999841,2156.8196250000256,7415.462787638643
1776287237,200,GET,GET /v1/timeline/home,249.600000,0.000000,89,110,120,130,150,160,170,190,240,250,250,92780,0,90,104.48883883217175,56.22562500000328,2156.8196250000256,10436.43472731192
1776287237,200,GET,GET /v1/timeline/user/:id,98.500000,0.000000,91,110,120,130,140,160,170,200,250,250,250,37009,0,91,105.70793123872559,58.542500000001496,2127.3636249999868,10848.89002675025
1776287237,200,POST,POST /v1/tweets,51.300000,0.000000,78,82,86,89,100,120,130,140,150,150,150,18587,0,76,80.90453636896748,55.75616699999841,585.0466250000181,214.54188411255177
1776287237,200,POST,POST /v1/tweets/:id/like,105.800000,0.000000,80,84,88,91,100,120,130,140,170,170,170,36861,0,79,84.11510387485387,56.41045799995936,849.3070410000314,0.0
1776287237,200,,Aggregated,505.200000,0.000000,85,96,110,120,140,150,170,180,240,250,250,185237,0,84,98.31166967443957,55.75616699999841,2156.8196250000256,7416.372943850311
1776287238,200,GET,GET /v1/timeline/home,250.900000,0.000000,89,110,120,130,150,160,170,180,240,250,250,93006,0,90,104.46732275894988,56.22562500000328,2156.8196250000256,10437.172042663915
1776287238,200,GET,GET /v1/timeline/user/:id,98.900000,0.000000,91,110,120,120,140,160,170,200,250,250,250,37130,0,91,105.67505805857785,58.542500000001496,2127.3636249999868,10848.93086453003
1776287238,200,POST,POST /v1/tweets,50.100000,0.000000,78,83,87,89,100,120,130,140,150,150,150,18638,0,76,80.8963372672496,55.75616699999841,585.0466250000181,214.5419572915549
1776287238,200,POST,POST /v1/tweets/:id/like,106.200000,0.000000,79,84,88,91,100,120,130,150,280,280,280,36957,0,79,84.1119415586219,56.41045799995936,849.3070410000314,0.0
1776287238,200,,Aggregated,506.100000,0.000000,85,96,110,120,140,150,170,180,250,280,280,185731,0,84,98.29308884571306,55.75616699999841,2156.8196250000256,7416.850493455589
1776287239,200,GET,GET /v1/timeline/home,249.700000,0.000000,90,110,120,130,150,160,170,180,240,250,250,93254,0,90,104.43943031332573,56.22562500000328,2156.8196250000256,10437.980601368306
1776287239,200,GET,GET /v1/timeline/user/:id,100.200000,0.000000,91,100,110,120,140,150,170,200,250,250,250,37227,0,91,105.6422453441318,58.542500000001496,2127.3636249999868,10848.846213769575
1776287239,200,POST,POST /v1/tweets,50.100000,0.000000,79,84,87,89,100,120,130,140,150,150,150,18687,0,76,80.89107698228707,55.75616699999841,585.0466250000181,214.54208808262428
1776287239,200,POST,POST /v1/tweets/:id/like,105.500000,0.000000,80,84,88,92,100,120,130,150,280,280,280,37067,0,79,84.10099139555372,56.41045799995936,849.3070410000314,0.0
1776287239,200,,Aggregated,505.500000,0.000000,85,96,110,110,140,150,170,180,250,280,280,186235,0,84,98.26896934245518,55.75616699999841,2156.8196250000256,7416.772298440143
