Timestamp,User Count,Type,Name,Requests/s,Failures/s,50%,66%,75%,80%,90%,95%,98%,99%,99.9%,99.99%,100%,Total Request Count,Total Failure Count,Total Median Response Time,Total Average Response Time,Total Min Response Time,Total Max Response Time,Total Average Content Size
1776285952,0,,Aggregated,0.000000,0.000000,N/A,N/A,N/A,N/A,N/A,N/A,N/A,N/A,N/A,N/A,N/A,0,0,0,0.0,0,0,0
1776285953,20,GET,GET /v1/timeline/home,0.000000,0.000000,0,0,0,0,0,0,0,0,0,0,0,23,0,170.0,157.63041478260868,84.89858399999939,249.75062500000078,11289.173913043478
1776285953,20,GET,GET /v1/timeline/user/:id,0.000000,0.000000,0,0,0,0,0,0,0,0,0,0,0,13,0,110.0,150.44897430769203,74.75200000000015,248.0774169999993,11263.846153846154
1776285953,20,POST,POST /v1/tweets,0.000000,0.000000,0,0,0,0,0,0,0,0,0,0,0,2,0,83.17474999999952,144.37774999999942,83.17474999999952,205.5807499999993,214.5
1776285953,20,POST,POST /v1/tweets/:id/like,0.000000,0.000000,0,0,0,0,0,0,0,0,0,0,0,1,0,95.53266600000043,95.53266600000043,95.53266600000043,95.53266600000043,0.0
1776285953,20,,Aggregated,0.000000,0.000000,0,0,0,0,0,0,0,0,0,0,0,39,0,110.0,152.96472748717932,74.75200000000015,249.75062500000078,10423.333333333334
1776285954,40,GET,GET /v1/timeline/home,0.000000,0.000000,99,110,170,180,200,200,260,270,270,270,270,67,0,110.0,136.35379474626833,78.83337499999854,268.65041599999984,11284.34328358209
1776285954,40,GET,GET /v1/timeline/user/:id,0.000000,0.000000,89,97,110,150,190,200,210,210,210,210,210,36,0,91,126.59582402777772,74.75200000000015,248.0774169999993,11269.75
1776285954,40,POST,POST /v1/tweets,0.000000,0.000000,89,97,100,110,110,190,190,190,190,190,190,16,0,89,103.86909099999986,79.46725000000043,205.5807499999993,214.125
1776285954,40,POST,POST /v1/tweets/:id/like,0.000000,0.000000,0,0,0,0,0,0,0,0,0,0,0,5,0,96,94.68845839999993,89.35537500000024,101.20604199999939,0.0
1776285954,40,,Aggregated,0.000000,0.000000,93,100,110,170,200,200,210,260,270,270,270,124,0,97,127.64920694354818,74.75200000000015,268.65041599999984,9396.677419354839
1776285955,60,GET,GET /v1/timeline/home,9.000000,0.000000,91,100,110,160,180,200,200,260,270,270,270,152,0,93,118.80753639473666,76.0180419999994,268.65041599999984,11277.401315789473
1776285955,60,GET,GET /v1/timeline/user/:id,5.000000,0.000000,90,94,100,110,170,200,200,210,210,210,210,64,0,90,115.70618750000006,74.75200000000015,248.0774169999993,11273.6875
1776285955,60,POST,POST /v1/tweets,1.000000,0.000000,85,98,100,110,150,190,190,190,190,190,190,28,0,85,103.20953707142853,77.53220800000094,205.5807499999993,214.10714285714286
1776285955,60,POST,POST /v1/tweets/:id/like,0.000000,0.000000,90,95,98,98,98,100,100,100,100,100,100,14,0,90,91.90330642857133,81.05008299999916,101.20604199999939,0.0
1776285955,60,,Aggregated,15.000000,0.000000,90,99,110,110,180,190,200,210,270,270,270,258,0,91,114.8854839534883,74.75200000000015,268.65041599999984,9463.860465116279
1776285956,80,GET,GET /v1/timeline/home,18.000000,0.000000,95,110,120,140,180,200,210,250,270,270,270,269,0,95,115.89412372118937,75.44191699999914,268.65041599999984,11273.524163568773
1776285956,80,GET,GET /v1/timeline/user/:id,9.500000,0.000000,93,110,140,150,180,200,200,210,210,210,210,101,0,94,119.3702178019801,74.75200000000015,248.0774169999993,11276.376237623763
1776285956,80,POST,POST /v1/tweets,2.000000,0.000000,88,92,100,110,150,190,200,200,200,200,200,45,0,88,101.3754693777778,74.17874999999796,205.5807499999993,214.13333333333333
1776285956,80,POST,POST /v1/tweets/:id/like,1.000000,0.000000,90,98,98,98,100,120,120,120,120,120,120,19,0,95,93.32235305263154,81.05008299999916,122.78916700000053,0.0
1776285956,80,,Aggregated,30.500000,0.000000,92,100,120,130,180,200,200,220,270,270,270,434,0,94,114.20952098847908,74.17874999999796,268.65041599999984,9633.935483870968
1776285957,100,GET,GET /v1/timeline/home,30.666667,0.000000,100,130,160,170,200,250,290,360,470,470,470,388,0,100.0,129.81860756701025,75.44191699999914,466.93170800000064,11267.530927835052
1776285957,100,GET,GET /v1/timeline/user/:id,14.666667,0.000000,100,140,160,160,200,230,290,350,350,350,350,141,0,110.0,130.64604518439714,74.75200000000015,346.3804579999987,11276.333333333334
1776285957,100,POST,POST /v1/tweets,6.000000,0.000000,90,99,110,110,160,200,210,240,240,240,240,68,0,90,106.85252692647069,74.17874999999796,236.27912499999937,214.1764705882353
1776285957,100,POST,POST /v1/tweets/:id/like,2.000000,0.000000,95,98,98,100,120,250,250,250,250,250,250,30,0,95,104.51787776666666,78.34020800000019,250.18070799999848,0.0
1776285957,100,,Aggregated,53.333333,0.000000,99,120,150,160,200,230,280,320,470,470,470,627,0,100.0,126.30338161243998,74.17874999999796,466.93170800000064,9531.62519936204
1776285958,120,GET,GET /v1/timeline/home,45.000000,0.000000,130,170,190,200,250,280,310,380,470,470,470,526,0,130.0,149.4994467452472,75.44191699999914,466.93170800000064,11258.431558935361
1776285958,120,GET,GET /v1/timeline/user/:id,18.750000,0.000000,130,160,180,200,230,280,410,500,650,650,650,187,0,130.0,152.18071790374333,74.75200000000015,645.1430830000006,11277.497326203209
1776285958,120,POST,POST /v1/tweets,7.750000,0.000000,91,99,110,110,160,200,230,240,240,240,240,97,0,91,106.20104980412383,74.17874999999796,236.27912499999937,214.2577319587629
1776285958,120,POST,POST /v1/tweets/:id/like,3.750000,0.000000,92,97,98,99,120,120,250,250,250,250,250,48,0,92,99.697295979167,78.34020800000019,250.18070799999848,0.0
1776285958,120,,Aggregated,75.250000,0.000000,110,150,180,190,240,280,310,390,650,650,650,858,0,110.0,142.40265183449873,74.17874999999796,645.1430830000006,9384.160839160839
1776285959,140,GET,GET /v1/timeline/home,58.800000,0.000000,160,200,230,260,310,370,400,420,520,520,520,670,0,160.0,177.70939276567168,75.44191699999914,521.4950839999979,11250.398507462687
1776285959,140,GET,GET /v1/timeline/user/:id,21.800000,0.000000,160,190,210,240,310,370,420,500,690,690,690,244,0,160.0,178.07974590573772,74.75200000000015,692.3925830000002,11275.942622950819
1776285959,140,POST,POST /v1/tweets,10.200000,0.000000,92,100,110,120,190,210,230,240,250,250,250,129,0,92,111.0609273178296,74.17874999999796,246.11529099999885,214.32558139534885
1776285959,140,POST,POST /v1/tweets/:id/like,4.600000,0.000000,95,99,100,110,150,160,250,250,250,250,250,72,0,95,103.30175170833363,74.89133300000006,250.18070799999848,0.0
1776285959,140,,Aggregated,95.400000,0.000000,130,180,210,230,290,350,400,420,650,690,690,1115,0,130.0,165.27474161524668,74.17874999999796,692.3925830000002,9252.686098654709
1776285960,160,GET,GET /v1/timeline/home,70.500000,0.000000,170,230,270,290,350,390,500,620,860,860,860,771,0,180.0,200.70504770428022,75.44191699999914,856.2486669999992,11243.833981841764
1776285960,160,GET,GET /v1/timeline/user/:id,25.666667,0.000000,170,210,260,280,350,410,520,650,690,690,690,281,0,180.0,199.57802682562277,74.75200000000015,692.3925830000002,11276.782918149465
1776285960,160,POST,POST /v1/tweets,13.500000,0.000000,96,110,150,160,200,220,290,300,320,320,320,148,0,96,118.8784431351353,74.17874999999796,320.6704589999987,214.36486486486487
1776285960,160,POST,POST /v1/tweets/:id/like,5.500000,0.000000,98,110,120,150,220,290,520,530,530,530,530,89,0,98,127.98382301123611,74.89133300000006,528.8870410000009,0.0
1776285960,160,,Aggregated,115.166667,0.000000,160,200,250,270,330,390,500,600,720,860,860,1289,0,160.0,186.04312424359975,74.17874999999796,856.2486669999992,9208.299456943367
1776285961,180,GET,GET /v1/timeline/home,79.428571,0.000000,200,270,310,350,470,590,760,1100,1700,1700,1700,895,0,200.0,248.75474039888272,75.44191699999914,1677.7440830000003,11236.987709497207
1776285961,180,GET,GET /v1/timeline/user/:id,28.571429,0.000000,200,270,320,350,460,600,750,840,1200,1200,1200,333,0,200.0,245.48115475675684,74.75200000000015,1155.7217080000014,11276.594594594595
1776285961,180,POST,POST /v1/tweets,15.571429,0.000000,100,140,170,200,230,310,510,570,710,710,710,170,0,100.0,141.97233457647067,74.17874999999796,706.7122920000024,214.40588235294118
1776285961,180,POST,POST /v1/tweets/:id/like,7.285714,0.000000,99,120,180,250,420,520,650,650,650,650,650,101,0,99,165.59779410891102,74.89133300000006,650.9293330000005,0.0
1776285961,180,,Aggregated,130.857143,0.000000,180,250,290,330,440,560,710,900,1400,1700,1700,1499,0,180.0,230.31447049633059,74.17874999999796,1677.7440830000003,9238.598398932621
1776285962,200,GET,GET /v1/timeline/home,86.625000,0.000000,220,300,370,410,540,640,760,1100,2000,2000,2000,1004,0,220.0,276.43152020517937,75.44191699999914,1950.8969999999977,11230.304780876493
1776285962,200,GET,GET /v1/timeline/user/:id,31.375000,0.000000,240,330,390,440,560,650,760,840,1200,1200,1200,407,0,230.0,288.4353416019658,74.75200000000015,1155.7217080000014,11277.348894348894
1776285962,200,POST,POST /v1/tweets,16.750000,0.000000,110,190,220,270,370,570,1400,1500,1700,1700,1700,203,0,110.0,220.11698955172417,74.17874999999796,1680.78225,214.41871921182266
1776285962,200,POST,POST /v1/tweets/:id/like,9.375000,0.000000,110,270,420,490,650,730,1600,1700,1800,1800,1800,128,0,110.0,281.9730071328126,74.89133300000006,1764.860458000001,0.0
1776285962,200,,Aggregated,144.125000,0.000000,210,290,360,410,540,650,840,1300,1800,2000,2000,1742,0,210.0,273.08078307118245,74.17874999999796,1950.8969999999977,9132.396096440872
1776285963,200,GET,GET /v1/timeline/home,89.000000,0.000000,270,350,410,470,560,650,740,1100,1700,2000,2000,1155,0,260.0,298.6714076744591,75.44191699999914,1950.8969999999977,11220.462337662339
1776285963,200,GET,GET /v1/timeline/user/:id,32.333333,0.000000,290,380,450,490,580,660,770,840,1200,1200,1200,469,0,280.0,309.8969222473349,74.75200000000015,1155.7217080000014,11277.611940298508
1776285963,200,POST,POST /v1/tweets,17.222222,0.000000,110,170,220,260,370,1100,1500,1600,1700,1700,1700,238,0,110.0,223.61452731512608,74.17874999999796,1680.78225,214.4075630252101
1776285963,200,POST,POST /v1/tweets/:id/like,10.555556,0.000000,110,280,420,510,650,1400,1700,1800,2500,2500,2500,177,0,110.0,308.9152283559321,74.89133300000006,2467.890917000002,0.0
1776285963,200,,Aggregated,149.111111,0.000000,240,340,410,460,560,660,870,1400,2000,2500,2500,2039,0,230.0,293.3817485620402,74.17874999999796,2467.890917000002,8974.920549288867
1776285964,200,GET,GET /v1/timeline/home,91.900000,0.000000,310,400,470,500,570,660,750,1000,1700,2000,2000,1311,0,290.0,320.3379211151796,75.44191699999914,1950.8969999999977,11210.0823798627
1776285964,200,GET,GET /v1/timeline/user/:id,35.100000,0.000000,330,410,460,500,570,660,760,840,1200,1200,1200,523,0,300.0,322.4754038279161,74.75200000000015,1155.7217080000014,11277.131931166348
1776285964,200,POST,POST /v1/tweets,17.800000,0.000000,110,160,210,230,350,710,1400,1600,1700,1700,1700,277,0,100.0,205.6123410144405,73.06325000000058,1680.78225,214.4043321299639
1776285964,200,POST,POST /v1/tweets/:id/like,10.900000,0.000000,100,150,350,420,560,730,1600,1700,2500,2500,2500,228,0,100.0,261.57055153947357,74.89133300000006,2467.890917000002,0.0
1776285964,200,,Aggregated,155.700000,0.000000,280,370,440,480,560,660,840,1400,1800,2500,2500,2339,0,250.0,301.5007930722533,73.06325000000058,2467.890917000002,8830.161607524584
1776285965,200,GET,GET /v1/timeline/home,102.800000,0.000000,360,460,500,530,600,670,760,1000,1700,2000,2000,1466,0,320.0,340.4275189556619,75.44191699999914,1950.8969999999977,11200.578444747613
1776285965,200,GET,GET /v1/timeline/user/:id,41.500000,0.000000,360,440,480,510,590,670,770,840,1200,1200,1200,575,0,320.0,333.6638295634784,74.75200000000015,1155.7217080000014,11277.147826086957
1776285965,200,POST,POST /v1/tweets,21.100000,0.000000,110,160,200,230,340,570,1400,1600,1700,1700,1700,301,0,100.0,197.6106211362127,73.06325000000058,1680.78225,214.40199335548172
1776285965,200,POST,POST /v1/tweets/:id/like,14.900000,0.000000,100,140,220,390,540,730,1600,1700,2500,2500,2500,272,0,100.0,237.39306281617627,72.75337500000134,2467.890917000002,0.0
1776285965,200,,Aggregated,180.300000,0.000000,310,410,470,510,590,670,820,1400,1800,2500,2500,2614,0,270.0,311.7732038393267,72.75337500000134,2467.890917000002,8786.8947972456
1776285966,200,GET,GET /v1/timeline/home,114.800000,0.000000,400,480,520,540,610,680,760,870,1700,2000,2000,1604,0,340.0,352.18764541770594,75.44191699999914,1950.8969999999977,11192.005610972568
1776285966,200,GET,GET /v1/timeline/user/:id,46.300000,0.000000,390,450,490,520,590,660,770,820,1200,1200,1200,632,0,340.0,342.99768499208864,74.75200000000015,1155.7217080000014,11277.243670886075
1776285966,200,POST,POST /v1/tweets,24.300000,0.000000,110,160,200,220,330,570,1400,1600,1700,1700,1700,330,0,100.0,190.9748652818182,73.06325000000058,1680.78225,214.4181818181818
1776285966,200,POST,POST /v1/tweets/:id/like,18.500000,0.000000,110,150,190,270,530,670,1500,1700,2500,2500,2500,332,0,100.0,219.38868914759013,72.75337500000134,2467.890917000002,0.0
1776285966,200,,Aggregated,203.900000,0.000000,340,440,480,510,590,670,810,1300,1800,2500,2500,2898,0,290.0,316.6122396497588,72.75337500000134,2467.890917000002,8678.382677708765
1776285967,200,GET,GET /v1/timeline/home,124.600000,0.000000,430,500,540,560,660,750,900,1100,1700,2000,2000,1738,0,350.0,366.2423138210587,75.44191699999914,1950.8969999999977,11183.084004602992
1776285967,200,GET,GET /v1/timeline/user/:id,48.700000,0.000000,410,480,520,550,640,760,850,1000,1900,1900,1900,689,0,360.0,366.7896607982584,74.75200000000015,1915.4070420000019,11276.330914368651
1776285967,200,POST,POST /v1/tweets,26.100000,0.000000,110,150,190,220,330,520,1400,1600,1700,1700,1700,364,0,100.0,182.11576636813183,73.06325000000058,1680.78225,214.41758241758242
1776285967,200,POST,POST /v1/tweets/:id/like,23.900000,0.000000,100,140,170,220,510,650,1500,1700,2500,2500,2500,379,0,100.0,203.97115809762516,72.75337500000134,2467.890917000002,0.0
1776285967,200,,Aggregated,223.300000,0.000000,370,460,510,540,640,740,940,1400,1900,2500,2500,3170,0,290.0,325.81779987003176,72.75337500000134,2467.890917000002,8606.826498422713
1776285968,200,GET,GET /v1/timeline/home,131.800000,0.000000,460,520,560,590,670,760,900,1100,1700,2000,2000,1858,0,370.0,378.6110749300323,75.44191699999914,1950.8969999999977,11176.057588805166
1776285968,200,GET,GET /v1/timeline/user/:id,50.800000,0.000000,440,510,550,570,670,800,880,1300,1900,1900,1900,752,0,370.0,385.06075082579815,74.75200000000015,1939.777750000001,11275.77260638298
1776285968,200,POST,POST /v1/tweets,27.300000,0.000000,100,150,180,210,330,520,1400,1600,1700,1700,1700,392,0,98,175.45229495408162,70.42770800000042,1680.78225,214.40816326530611
1776285968,200,POST,POST /v1/tweets/:id/like,27.400000,0.000000,100,130,160,200,450,650,1400,1700,2500,2500,2500,424,0,98,191.96984504245268,72.75337500000134,2467.890917000002,0.0
1776285968,200,,Aggregated,237.300000,0.000000,400,480,530,560,660,760,980,1400,1900,2500,2500,3426,0,300.0,333.6828884299469,70.42770800000042,2467.890917000002,8560.57910099241
1776285969,200,GET,GET /v1/timeline/home,132.600000,0.000000,490,550,590,630,720,780,900,1100,1700,2000,2000,2007,0,390.0,394.5116436726457,75.44191699999914,1950.8969999999977,11166.04633781764
1776285969,200,GET,GET /v1/timeline/user/:id,53.600000,0.000000,460,520,560,590,690,820,1200,1500,1900,1900,1900,817,0,390.0,399.3622775899634,74.75200000000015,1939.777750000001,11275.263157894737
1776285969,200,POST,POST /v1/tweets,28.400000,0.000000,100,130,170,200,320,520,1400,1600,1700,1700,1700,427,0,97,168.6464021264637,70.42770800000042,1680.78225,214.40515222482435
1776285969,200,POST,POST /v1/tweets/:id/like,31.800000,0.000000,99,120,150,180,450,630,1400,1700,2500,2500,2500,464,0,98,183.81317449137921,72.75337500000134,2467.890917000002,0.0
1776285969,200,,Aggregated,246.400000,0.000000,430,510,550,580,680,770,1000,1400,1900,2500,2500,3715,0,310.0,343.3015279445482,70.42770800000042,2467.890917000002,8536.661103633916
1776285970,200,GET,GET /v1/timeline/home,133.800000,0.000000,490,550,590,620,710,770,880,1000,1700,2000,2000,2172,0,400.0,400.5974716344383,75.44191699999914,1950.8969999999977,11155.427716390424
1776285970,200,GET,GET /v1/timeline/user/:id,55.500000,0.000000,470,520,560,580,680,810,1200,1700,2100,2100,2100,876,0,400.0,404.4279971986303,74.75200000000015,2064.130249999998,11274.630136986301
1776285970,200,POST,POST /v1/tweets,29.000000,0.000000,97,110,140,180,310,440,1400,1500,1700,1700,1700,464,0,97,163.35536673491384,70.42770800000042,1680.78225,214.39870689655172
1776285970,200,POST,POST /v1/tweets/:id/like,35.600000,0.000000,98,110,130,150,390,560,1400,1600,2500,2500,2500,521,0,98,175.72147753742794,72.75337500000134,2467.890917000002,0.0
1776285970,200,,Aggregated,253.900000,0.000000,430,500,550,570,670,760,930,1400,2000,2500,2500,4033,0,320.0,345.0841591614173,70.42770800000042,2467.890917000002,8481.439623109349
1776285971,200,GET,GET /v1/timeline/home,132.800000,0.000000,490,540,580,600,680,760,860,900,1200,2000,2000,2325,0,410.0,403.94890147741955,75.44191699999914,1950.8969999999977,11144.89247311828
1776285971,200,GET,GET /v1/timeline/user/:id,56.500000,0.000000,460,510,550,570,660,770,1200,1700,2100,2100,2100,940,0,400.0,404.9226306340427,74.75200000000015,2064.130249999998,11273.781914893618
1776285971,200,POST,POST /v1/tweets,28.900000,0.000000,94,100,120,130,200,330,1300,1400,1700,1700,1700,503,0,96,157.8347441948311,70.42770800000042,1680.78225,214.39562624254472
1776285971,200,POST,POST /v1/tweets/:id/like,37.500000,0.000000,97,110,120,130,220,450,670,1500,2500,2500,2500,580,0,98,167.73736387586192,72.75337500000134,2467.890917000002,0.0
1776285971,200,,Aggregated,255.700000,0.000000,420,490,540,560,650,750,870,1200,2000,2500,2500,4348,0,330.0,344.17824657520566,70.42770800000042,2467.890917000002,8421.589466421343
1776285972,200,GET,GET /v1/timeline/home,134.700000,0.000000,490,540,580,600,680,760,860,900,1200,1200,1200,2454,0,420.0,408.65820854523264,75.44191699999914,1950.8969999999977,11136.118174409128
1776285972,200,GET,GET /v1/timeline/user/:id,57.200000,0.000000,460,500,540,570,660,770,1200,1700,2100,2100,2100,999,0,400.0,406.3384653063065,74.75200000000015,2064.130249999998,11273.076076076077
1776285972,200,POST,POST /v1/tweets,30.100000,0.000000,92,99,100,110,120,150,180,190,210,210,210,533,0,96,154.15695488742972,70.42770800000042,1680.78225,214.3939962476548
1776285972,200,POST,POST /v1/tweets/:id/like,39.800000,0.000000,96,100,110,120,140,170,220,240,280,280,280,645,0,98,160.61853741550377,71.73729200000167,2467.890917000002,0.0
1776285972,200,,Aggregated,261.800000,0.000000,410,480,530,560,640,720,840,890,1900,2100,2100,4631,0,330.0,344.3195819907132,70.42770800000042,2467.890917000002,8357.613690347656
1776285973,200,GET,GET /v1/timeline/home,138.600000,0.000000,490,550,580,610,690,760,870,900,1200,1200,1200,2606,0,420.0,414.3462039278587,75.44191699999914,1950.8969999999977,11125.334996162701
1776285973,200,GET,GET /v1/timeline/user/:id,58.900000,0.000000,460,510,550,570,660,760,1200,1700,2100,2100,2100,1066,0,410.0,410.45842660318976,74.75200000000015,2064.130249999998,11272.479362101314
1776285973,200,POST,POST /v1/tweets,31.100000,0.000000,92,98,100,110,120,150,180,190,210,210,210,552,0,95,151.971235576087,70.42770800000042,1680.78225,214.3985507246377
1776285973,200,POST,POST /v1/tweets/:id/like,43.500000,0.000000,94,100,110,110,130,160,220,230,280,280,280,702,0,97,155.0980736723645,70.1122500000011,2467.890917000002,0.0
1776285973,200,,Aggregated,272.100000,0.000000,420,490,530,560,640,730,850,900,1900,2100,2100,4926,0,340.0,347.15831505298274,70.1122500000011,2467.890917000002,8349.052781161186
1776285974,200,GET,GET /v1/timeline/home,141.300000,0.000000,500,560,590,620,690,770,870,910,1200,1200,1200,2748,0,430.0,419.74170433769973,75.44191699999914,1950.8969999999977,11117.154657933042
1776285974,200,GET,GET /v1/timeline/user/:id,59.300000,0.000000,470,520,560,580,670,790,1200,1700,2100,2100,2100,1127,0,410.0,414.2878736761316,74.75200000000015,2064.130249999998,11271.934338952973
1776285974,200,POST,POST /v1/tweets,33.000000,0.000000,91,97,100,110,120,150,180,190,210,210,210,584,0,94,148.5918729982877,70.42770800000042,1680.78225,214.40582191780823
1776285974,200,POST,POST /v1/tweets/:id/like,47.900000,0.000000,94,100,110,110,130,160,220,230,280,280,280,758,0,97,150.83225359102886,70.1122500000011,2467.890917000002,0.0
1776285974,200,,Aggregated,281.500000,0.000000,420,500,540,570,650,740,850,900,1900,2100,2100,5217,0,350.0,349.13957048226774,70.1122500000011,2467.890917000002,8314.859881157754
1776285975,200,GET,GET /v1/timeline/home,144.200000,0.000000,500,560,600,620,690,770,870,920,1200,1200,1200,2895,0,440.0,424.969227684628,75.44191699999914,1950.8969999999977,11108.047668393783
1776285975,200,GET,GET /v1/timeline/user/:id,58.700000,0.000000,470,520,560,580,660,770,900,1500,2100,2100,2100,1190,0,410.0,417.2891676924372,74.75200000000015,2064.130249999998,11271.214285714286
1776285975,200,POST,POST /v1/tweets,32.100000,0.000000,90,96,100,100,120,140,160,190,210,210,210,611,0,93,146.1070504582651,70.42770800000042,1680.78225,214.4026186579378
1776285975,200,POST,POST /v1/tweets/:id/like,50.000000,0.000000,94,100,110,110,120,140,220,230,280,280,280,822,0,97,146.64214767639893,70.1122500000011,2467.890917000002,0.0
1776285975,200,,Aggregated,285.000000,0.000000,420,500,550,570,650,740,850,900,1900,2100,2100,5518,0,350.0,350.9734100980409,70.1122500000011,2467.890917000002,8282.265857194636
1776285976,200,GET,GET /v1/timeline/home,143.100000,0.000000,500,560,600,620,690,760,870,900,1200,1200,1200,3055,0,440.0,428.1581496510636,75.44191699999914,1950.8969999999977,11097.320130932896
1776285976,200,GET,GET /v1/timeline/user/:id,58.800000,0.000000,470,530,560,580,660,770,1200,1700,2100,2100,2100,1242,0,420.0,420.0201409766508,74.75200000000015,2064.130249999998,11270.694041867955
1776285976,200,POST,POST /v1/tweets,30.900000,0.000000,90,96,100,100,120,130,170,180,190,190,190,640,0,94,144.87545702499992,70.42770800000042,1680.78225,214.3953125
1776285976,200,POST,POST /v1/tweets/:id/like,52.500000,0.000000,94,100,110,110,130,140,160,180,230,230,230,882,0,97,144.8044311394557,70.1122500000011,2467.890917000002,0.0
1776285976,200,,Aggregated,285.300000,0.000000,420,500,540,570,650,730,850,900,1900,2100,2100,5819,0,360.0,352.3158554799778,70.1122500000011,2467.890917000002,8255.323595119437
1776285977,200,GET,GET /v1/timeline/home,142.900000,0.000000,500,560,580,600,670,720,780,860,950,1200,1200,3208,0,440.0,431.75415152774235,75.44191699999914,1950.8969999999977,11088.85006234414
1776285977,200,GET,GET /v1/timeline/user/:id,60.100000,0.000000,470,520,550,570,620,680,790,1500,2100,2100,2100,1303,0,420.0,423.28132320107477,74.75200000000015,2064.130249999998,11269.972371450498
1776285977,200,POST,POST /v1/tweets,31.100000,0.000000,91,97,100,110,120,130,170,180,190,190,190,666,0,94,143.13685941891882,70.42770800000042,1680.78225,214.3918918918919
1776285977,200,POST,POST /v1/tweets/:id/like,52.200000,0.000000,95,100,110,110,130,140,160,180,230,230,230,947,0,97,141.92029520380146,70.1122500000011,2467.890917000002,0.0
1776285977,200,,Aggregated,286.300000,0.000000,420,490,540,560,630,680,760,790,1700,2100,2100,6124,0,360.0,353.7443746183854,70.1122500000011,2467.890917000002,8230.011430437622
1776285978,200,GET,GET /v1/timeline/home,141.300000,0.000000,490,540,570,590,660,700,780,850,950,1200,1200,3343,0,450.0,433.4571826389464,75.44191699999914,1950.8969999999977,11081.173197726594
1776285978,200,GET,GET /v1/timeline/user/:id,61.300000,0.000000,460,510,540,550,600,670,740,790,2100,2100,2100,1371,0,420.0,424.45933258059824,74.75200000000015,2064.130249999998,11269.641867250182
1776285978,200,POST,POST /v1/tweets,31.400000,0.000000,91,98,100,110,120,130,170,180,190,190,190,694,0,94,141.28374771757916,70.42770800000042,1680.78225,214.39769452449568
1776285978,200,POST,POST /v1/tweets/:id/like,53.700000,0.000000,95,110,110,120,130,140,160,180,230,230,230,1011,0,97,139.38283479030656,70.1122500000011,2467.890917000002,0.0
1776285978,200,,Aggregated,287.700000,0.000000,420,480,530,550,610,670,750,790,1500,2100,2100,6419,0,370.0,353.62954874886924,70.1122500000011,2467.890917000002,8201.251441034428
1776285979,200,GET,GET /v1/timeline/home,145.100000,0.000000,480,530,560,580,630,680,760,790,950,950,950,3477,0,450.0,435.90047867615715,75.44191699999914,1950.8969999999977,11073.22289329882
1776285979,200,GET,GET /v1/timeline/user/:id,60.700000,0.000000,460,510,530,550,600,670,710,770,2100,2100,2100,1439,0,420.0,426.65817819874945,74.75200000000015,2064.130249999998,11268.927727588603
1776285979,200,POST,POST /v1/tweets,30.500000,0.000000,92,100,100,110,120,130,170,180,190,190,190,733,0,94,139.19797964938599,70.42770800000042,1680.78225,214.39836289222373
1776285979,200,POST,POST /v1/tweets/:id/like,54.400000,0.000000,95,100,110,120,130,140,160,180,230,230,230,1059,0,97,137.7073341737488,70.1122500000011,2467.890917000002,0.0
1776285979,200,,Aggregated,290.700000,0.000000,420,480,520,540,600,660,710,780,950,2100,2100,6708,0,370.0,354.42028454949156,70.1122500000011,2467.890917000002,8180.491502683363
1776285980,200,GET,GET /v1/timeline/home,145.600000,0.000000,490,550,570,590,650,690,770,800,950,950,950,3634,0,450.0,440.56698764474396,75.44191699999914,1950.8969999999977,11064.681342872867
1776285980,200,GET,GET /v1/timeline/user/:id,59.700000,0.000000,450,510,530,550,600,660,710,770,870,870,870,1501,0,420.0,425.8656432731515,74.75200000000015,2064.130249999998,11268.434377081945
1776285980,200,POST,POST /v1/tweets,30.000000,0.000000,91,99,100,110,120,130,150,180,180,180,180,754,0,94,137.90489224270544,70.42770800000042,1680.78225,214.39920424403184
1776285980,200,POST,POST /v1/tweets/:id/like,56.100000,0.000000,95,100,110,120,130,140,160,170,200,200,200,1125,0,97,135.5324518284444,70.1122500000011,2467.890917000002,0.0
1776285980,200,,Aggregated,291.400000,0.000000,420,490,530,550,600,670,720,780,940,950,950,7014,0,370.0,355.95937563615485,70.1122500000011,2467.890917000002,8167.184060450528
1776285981,200,GET,GET /v1/timeline/home,146.600000,0.000000,500,560,580,600,660,700,780,800,950,950,950,3775,0,460.0,443.5886807666222,75.44191699999914,1950.8969999999977,11057.22940397351
1776285981,200,GET,GET /v1/timeline/user/:id,60.600000,0.000000,450,510,530,550,600,660,710,790,870,870,870,1560,0,420.0,426.42679993012837,74.75200000000015,2064.130249999998,11267.733333333334
1776285981,200,POST,POST /v1/tweets,29.600000,0.000000,91,100,110,110,130,130,150,180,180,180,180,785,0,94,136.30432760382152,70.42770800000042,1680.78225,214.3987261146497
1776285981,200,POST,POST /v1/tweets/:id/like,58.500000,0.000000,94,110,110,120,130,140,150,160,200,200,200,1190,0,97,133.65417704369742,67.74908299999538,2467.890917000002,0.0
1776285981,200,,Aggregated,295.300000,0.000000,420,490,530,560,610,670,740,780,940,950,950,7310,0,370.0,356.4733851759219,67.74908299999538,2467.890917000002,8137.7575923392615
1776285982,200,GET,GET /v1/timeline/home,145.000000,0.000000,490,550,580,590,660,700,770,800,950,950,950,3943,0,460.0,444.4132809670301,75.44191699999914,1950.8969999999977,11049.083185391833
1776285982,200,GET,GET /v1/timeline/user/:id,62.700000,0.000000,450,510,540,550,600,670,710,790,870,870,870,1611,0,420.0,426.58190863438864,74.75200000000015,2064.130249999998,11267.287399130975
1776285982,200,POST,POST /v1/tweets,30.000000,0.000000,92,100,110,120,130,150,170,180,190,190,190,816,0,94,135.54165987745083,70.42770800000042,1680.78225,214.4031862745098
1776285982,200,POST,POST /v1/tweets/:id/like,58.900000,0.000000,96,110,120,120,130,150,160,170,200,200,200,1255,0,97,132.70139549721108,67.74908299999538,2467.890917000002,0.0
1776285982,200,,Aggregated,296.600000,0.000000,420,490,530,550,610,670,740,780,940,950,950,7625,0,370.0,356.2868547504251,67.74908299999538,2467.890917000002,8117.126295081967
1776285983,200,GET,GET /v1/timeline/home,145.700000,0.000000,490,550,570,590,660,700,770,790,940,950,950,4107,0,460.0,445.75731768273704,75.44191699999914,1950.8969999999977,11041.18139761383
1776285983,200,GET,GET /v1/timeline/user/:id,62.600000,0.000000,440,500,530,550,600,670,710,790,870,870,870,1677,0,420.0,426.2884588646394,74.75200000000015,2064.130249999998,11266.466308884914
1776285983,200,POST,POST /v1/tweets,29.200000,0.000000,94,110,120,120,140,150,170,180,190,190,190,850,0,95,134.9836833835293,70.42770800000042,1680.78225,214.4
1776285983,200,POST,POST /v1/tweets/:id/like,59.700000,0.000000,98,110,120,130,140,150,170,180,250,250,250,1315,0,98,132.238191328517,67.74908299999538,2467.890917000002,0.0
1776285983,200,,Aggregated,297.200000,0.000000,410,490,530,550,610,670,740,780,880,950,950,7949,0,380.0,356.55307607396986,67.74908299999538,2467.890917000002,8104.445339036357
1776285984,200,GET,GET /v1/timeline/home,145.700000,0.000000,480,530,570,580,640,690,750,780,880,940,940,4268,0,450.0,444.6068373402064,75.44191699999914,1950.8969999999977,11033.285848172447
1776285984,200,GET,GET /v1/timeline/user/:id,61.900000,0.000000,440,490,530,540,580,650,700,730,790,790,790,1741,0,420.0,425.63367598162,74.75200000000015,2064.130249999998,11265.713957495693
1776285984,200,POST,POST /v1/tweets,27.700000,0.000000,96,110,120,120,140,150,170,180,190,190,190,883,0,95,133.7910120815401,70.42770800000042,1680.78225,214.40770101925256
1776285984,200,POST,POST /v1/tweets/:id/like,60.200000,0.000000,100,110,120,130,140,150,170,180,250,250,250,1386,0,98,130.7916462626262,67.74908299999538,2467.890917000002,0.0
1776285984,200,,Aggregated,295.500000,0.000000,400,470,510,540,590,660,720,760,860,940,940,8278,0,380.0,354.9196541483435,67.74908299999538,2467.890917000002,8080.815897559797
1776285985,200,GET,GET /v1/timeline/home,146.500000,0.000000,470,520,560,570,640,680,750,780,880,940,940,4408,0,450.0,444.84540360889343,75.44191699999914,1950.8969999999977,11026.437386569873
1776285985,200,GET,GET /v1/timeline/user/:id,60.600000,0.000000,430,480,510,530,580,650,700,730,790,790,790,1805,0,420.0,425.1100559817178,74.75200000000015,2064.130249999998,11265.674238227146
1776285985,200,POST,POST /v1/tweets,28.300000,0.000000,98,110,120,130,140,150,170,180,190,190,190,910,0,95,132.96462202637358,70.42770800000042,1680.78225,214.4098901098901
1776285985,200,POST,POST /v1/tweets/:id/like,60.600000,0.000000,100,110,120,130,140,150,170,190,250,250,250,1457,0,98,129.637922512011,67.74908299999538,2467.890917000002,0.0
1776285985,200,,Aggregated,296.000000,0.000000,400,470,510,530,590,660,710,760,860,940,940,8580,0,380.0,354.0888635546606,67.74908299999538,2467.890917000002,8057.598018648018
1776285986,200,GET,GET /v1/timeline/home,149.300000,0.000000,480,530,560,580,640,680,750,780,870,880,880,4553,0,460.0,447.36522806105904,75.44191699999914,1950.8969999999977,11019.873050735778
1776285986,200,GET,GET /v1/timeline/user/:id,60.900000,0.000000,430,480,510,530,580,640,700,730,790,790,790,1871,0,420.0,425.3748829722077,74.75200000000015,2064.130249999998,11264.872795296633
1776285986,200,POST,POST /v1/tweets,29.400000,0.000000,98,110,120,120,140,150,160,170,190,190,190,936,0,95,132.0225470993589,70.42770800000042,1680.78225,214.4155982905983
1776285986,200,POST,POST /v1/tweets/:id/like,60.500000,0.000000,100,110,120,120,140,150,160,190,250,250,250,1513,0,98,128.6148628935889,67.74908299999538,2467.890917000002,0.0
1776285986,200,,Aggregated,300.100000,0.000000,400,470,510,530,590,660,710,760,850,880,880,8873,0,380.0,355.1107495825525,67.74908299999538,2467.890917000002,8052.603628986814
1776285987,200,GET,GET /v1/timeline/home,150.100000,0.000000,480,540,570,580,650,690,750,780,860,880,880,4683,0,460.0,449.67324660666264,75.44191699999914,1950.8969999999977,11014.314114883622
1776285987,200,GET,GET /v1/timeline/user/:id,60.900000,0.000000,420,480,510,530,570,640,690,730,860,860,860,1939,0,420.0,427.2293033759672,74.75200000000015,2064.130249999998,11264.237235688499
1776285987,200,POST,POST /v1/tweets,29.300000,0.000000,96,110,120,120,140,150,160,160,190,190,190,972,0,95,130.7287833549382,70.42770800000042,1680.78225,214.4156378600823
1776285987,200,POST,POST /v1/tweets/:id/like,61.900000,0.000000,100,110,120,120,140,150,160,190,250,250,250,1571,0,98,127.68624815213239,67.74908299999538,2467.890917000002,0.0
1776285987,200,,Aggregated,302.200000,0.000000,400,470,510,540,590,660,710,760,850,880,880,9165,0,380.0,355.9062636522624,67.74908299999538,2467.890917000002,8033.802618657938
1776285988,200,GET,GET /v1/timeline/home,150.000000,0.000000,490,540,570,590,660,700,760,790,870,880,880,4823,0,460.0,452.2686573586981,75.44191699999914,1950.8969999999977,11008.711175616836
1776285988,200,GET,GET /v1/timeline/user/:id,61.100000,0.000000,430,480,510,530,580,640,690,730,860,860,860,2002,0,420.0,428.81565821328695,74.75200000000015,2064.130249999998,11263.674325674325
1776285988,200,POST,POST /v1/tweets,29.200000,0.000000,97,110,120,120,140,150,160,170,190,190,190,996,0,95,130.04983191265055,70.42770800000042,1680.78225,214.40963855421685
1776285988,200,POST,POST /v1/tweets/:id/like,63.100000,0.000000,100,110,120,130,140,150,180,200,250,250,250,1640,0,98,127.09437157743899,67.74908299999538,2467.890917000002,0.0
1776285988,200,,Aggregated,303.400000,0.000000,400,470,510,540,600,670,730,770,860,880,880,9461,0,380.0,357.01776600316913,67.74908299999538,2467.890917000002,8018.0152203783955
1776285989,200,GET,GET /v1/timeline/home,148.200000,0.000000,480,540,570,590,670,700,760,790,870,970,970,4974,0,460.0,453.1269332651789,75.44191699999914,1950.8969999999977,11002.703457981504
1776285989,200,GET,GET /v1/timeline/user/:id,61.900000,0.000000,430,470,500,530,580,640,680,700,860,860,860,2077,0,430.0,430.33939928887855,74.75200000000015,2064.130249999998,11262.939817043813
1776285989,200,POST,POST /v1/tweets,29.800000,0.000000,100,110,120,130,140,150,170,170,190,190,190,1019,0,95,129.58828516683016,70.42770800000042,1680.78225,214.40922473012756
1776285989,200,POST,POST /v1/tweets/:id/like,62.800000,0.000000,100,110,120,130,140,160,190,210,250,250,250,1696,0,98,126.60801106485847,67.74908299999538,2467.890917000002,0.0
1776285989,200,,Aggregated,302.700000,0.000000,400,470,510,530,600,670,710,760,860,970,970,9766,0,380.0,357.81752485510765,67.74908299999538,2467.890917000002,8021.611304525906
1776285991,200,GET,GET /v1/timeline/home,146.600000,0.000000,470,520,560,580,660,700,760,800,890,970,970,5120,0,460.0,454.25632471015604,75.44191699999914,1950.8969999999977,10996.8775390625
1776285991,200,GET,GET /v1/timeline/user/:id,63.300000,0.000000,430,480,500,530,580,640,680,700,880,880,880,2127,0,430.0,431.27226723507334,74.75200000000015,2064.130249999998,11262.713681241185
1776285991,200,POST,POST /v1/tweets,30.100000,0.000000,100,110,120,130,140,160,170,190,190,190,190,1059,0,96,128.8131074938621,70.42770800000042,1680.78225,214.41076487252124
1776285991,200,POST,POST /v1/tweets/:id/like,62.100000,0.000000,100,110,120,130,140,170,200,220,250,250,250,1761,0,98,126.0399932924474,67.74908299999538,2467.890917000002,0.0
1776285991,200,,Aggregated,302.100000,0.000000,400,460,500,530,590,670,720,770,890,970,970,10067,0,390.0,357.75086956878687,67.74908299999538,2467.890917000002,7995.119300685407
1776285992,200,GET,GET /v1/timeline/home,148.400000,0.000000,460,520,550,580,650,690,760,800,890,970,970,5291,0,460.0,453.4622703199773,75.44191699999914,1950.8969999999977,10990.626346626346
1776285992,200,GET,GET /v1/timeline/user/:id,62.700000,0.000000,430,480,500,520,580,630,680,700,880,880,880,2183,0,430.0,431.0673441149799,74.75200000000015,2064.130249999998,11262.238204306
1776285992,200,POST,POST /v1/tweets,28.400000,0.000000,100,110,120,120,140,150,170,170,190,190,190,1087,0,96,128.13229941214342,70.42770800000042,1680.78225,214.41582336706531
1776285992,200,POST,POST /v1/tweets/:id/like,63.400000,0.000000,100,110,120,120,140,160,200,220,250,250,250,1838,0,98,125.1696378416757,67.74908299999538,2467.890917000002,0.0
1776285992,200,,Aggregated,302.900000,0.000000,400,460,490,520,590,660,710,770,890,970,970,10399,0,380.0,356.7295401750146,67.74908299999538,2467.890917000002,7978.646023656121
1776285993,200,GET,GET /v1/timeline/home,147.600000,0.000000,470,520,550,580,650,690,770,800,890,970,970,5432,0,460.0,454.4683917777984,75.44191699999914,1950.8969999999977,10985.58173784978
1776285993,200,GET,GET /v1/timeline/user/:id,62.100000,0.000000,440,480,510,530,580,640,680,700,880,880,880,2237,0,430.0,431.8562277206084,74.75200000000015,2064.130249999998,11261.755476084041
1776285993,200,POST,POST /v1/tweets,30.100000,0.000000,98,110,120,120,130,140,170,170,190,190,190,1127,0,95,127.10436110204078,70.42770800000042,1680.78225,214.416149068323
1776285993,200,POST,POST /v1/tweets/:id/like,63.400000,0.000000,100,110,120,120,140,170,200,210,240,240,240,1895,0,99,124.84570838786276,67.74908299999538,2467.890917000002,0.0
1776285993,200,,Aggregated,303.200000,0.000000,400,460,500,530,590,660,700,770,890,970,970,10691,0,380.0,356.80141407772703,67.74908299999538,2467.890917000002,7960.702834159573
1776285994,200,GET,GET /v1/timeline/home,150.100000,0.000000,480,530,560,580,650,690,770,800,890,970,970,5582,0,460.0,455.12219362307434,75.44191699999914,1950.8969999999977,10980.281261196704
1776285994,200,GET,GET /v1/timeline/user/:id,62.000000,0.000000,440,480,510,540,590,640,680,700,880,880,880,2300,0,430.0,431.2759280595656,74.75200000000015,2064.130249999998,11260.979130434782
1776285994,200,POST,POST /v1/tweets,30.100000,0.000000,96,110,120,120,130,140,170,170,190,190,190,1160,0,95,126.22783311810332,70.42770800000042,1680.78225,214.41379310344828
1776285994,200,POST,POST /v1/tweets/:id/like,64.300000,0.000000,100,110,120,120,140,170,200,210,240,240,240,1948,0,98,124.20272966991783,67.74908299999538,2467.890917000002,0.0
1776285994,200,,Aggregated,306.500000,0.000000,400,470,510,540,600,660,710,770,890,970,970,10990,0,380.0,356.7605025618723,67.74908299999538,2467.890917000002,7956.406005459508
1776285995,200,GET,GET /v1/timeline/home,148.800000,0.000000,490,540,570,590,660,700,770,810,890,970,970,5741,0,460.0,456.65448125570464,75.44191699999914,1950.8969999999977,10974.627242640656
1776285995,200,GET,GET /v1/timeline/user/:id,62.400000,0.000000,450,490,520,540,590,640,680,700,880,880,880,2357,0,430.0,432.37110405133694,74.75200000000015,2064.130249999998,11260.602885023334
1776285995,200,POST,POST /v1/tweets,30.900000,0.000000,94,110,110,120,130,140,170,190,210,210,210,1193,0,95,125.53155137552383,70.42770800000042,1680.78225,214.41743503772003
1776285995,200,POST,POST /v1/tweets/:id/like,64.000000,0.000000,100,110,120,120,140,170,200,210,240,240,240,1990,0,98,123.68925158040199,67.74908299999538,2467.890917000002,0.0
1776285995,200,,Aggregated,306.100000,0.000000,410,480,520,540,610,670,720,780,890,970,970,11281,0,390.0,357.8275703017444,67.74908299999538,2467.890917000002,7960.4978282067195
1776285996,200,GET,GET /v1/timeline/home,147.400000,0.000000,490,540,570,590,660,710,800,820,970,970,970,5890,0,460.0,458.28660066689315,75.44191699999914,1950.8969999999977,10969.777079796266
1776285996,200,GET,GET /v1/timeline/user/:id,62.100000,0.000000,450,500,530,550,600,650,710,780,880,880,880,2415,0,430.0,433.9237853672883,74.75200000000015,2064.130249999998,11260.089855072463
1776285996,200,POST,POST /v1/tweets,30.900000,0.000000,94,110,110,120,130,140,170,190,210,210,210,1219,0,95,124.90017408531584,70.42770800000042,1680.78225,214.42083675143562
1776285996,200,POST,POST /v1/tweets/:id/like,62.900000,0.000000,100,110,120,120,150,180,210,220,270,270,270,2039,0,98,123.5297240397253,67.74908299999538,2467.890917000002,0.0
1776285996,200,,Aggregated,303.300000,0.000000,420,480,520,540,610,670,740,800,930,970,970,11563,0,390.0,359.02139921447525,67.74908299999538,2467.890917000002,7962.162328115541
1776285997,200,GET,GET /v1/timeline/home,147.300000,0.000000,480,530,560,590,660,710,810,860,970,980,980,6063,0,460.0,458.1413564182751,75.44191699999914,1950.8969999999977,10964.303974929902
1776285997,200,GET,GET /v1/timeline/user/:id,61.600000,0.000000,450,490,530,550,600,670,770,820,940,940,940,2469,0,430.0,434.55364463993544,74.75200000000015,2064.130249999998,11259.526123936817
1776285997,200,POST,POST /v1/tweets,30.700000,0.000000,96,110,120,120,140,160,190,200,210,210,210,1257,0,96,124.95984688941921,70.42770800000042,1680.78225,214.42243436754177
1776285997,200,POST,POST /v1/tweets/:id/like,60.000000,0.000000,100,120,120,130,170,200,240,290,340,340,340,2108,0,99,124.43803468311182,67.74908299999538,2467.890917000002,0.0
1776285997,200,,Aggregated,299.600000,0.000000,410,470,510,540,610,670,760,820,970,980,980,11897,0,390.0,358.91518006488917,67.74908299999538,2467.890917000002,7947.034882743549
1776285998,200,GET,GET /v1/timeline/home,147.800000,0.000000,470,510,550,570,640,690,790,850,970,980,980,6207,0,460.0,457.95093167794505,75.44191699999914,1950.8969999999977,10959.743354277429
1776285998,200,GET,GET /v1/timeline/user/:id,60.800000,0.000000,440,490,520,540,590,670,740,820,940,940,940,2534,0,430.0,434.1088504155487,74.75200000000015,2064.130249999998,11258.839779005524
1776285998,200,POST,POST /v1/tweets,30.700000,0.000000,97,110,120,120,130,160,190,200,210,210,210,1290,0,96,124.30507632480617,70.42770800000042,1680.78225,214.42713178294574
1776285998,200,POST,POST /v1/tweets/:id/like,58.000000,0.000000,100,120,120,130,160,200,230,290,340,340,340,2177,0,99,123.75108374689931,67.74908299999538,2467.890917000002,0.0
1776285998,200,,Aggregated,297.300000,0.000000,400,470,500,530,590,660,740,810,970,980,980,12208,0,390.0,358.1498130450519,67.74908299999538,2467.890917000002,7931.982142857143
1776285999,200,GET,GET /v1/timeline/home,150.600000,0.000000,470,520,550,580,640,700,800,830,970,980,980,6347,0,460.0,458.37477349677135,75.44191699999914,1950.8969999999977,10955.619347723334
1776285999,200,GET,GET /v1/timeline/user/:id,59.300000,0.000000,440,490,520,540,590,660,740,820,940,940,940,2585,0,430.0,434.5285504491298,74.75200000000015,2064.130249999998,11258.401934235977
1776285999,200,POST,POST /v1/tweets,31.700000,0.000000,97,110,120,120,140,160,190,200,240,240,240,1321,0,96,124.15971066918996,70.42770800000042,1680.78225,214.4314912944739
1776285999,200,POST,POST /v1/tweets/:id/like,59.000000,0.000000,100,120,130,130,160,200,260,290,340,340,340,2245,0,99,123.66510474209356,67.74908299999538,2467.890917000002,0.0
1776285999,200,,Aggregated,300.600000,0.000000,390,460,500,530,590,660,740,810,960,980,980,12498,0,390.0,357.9936092362779,67.74908299999538,2467.890917000002,7914.990318450952
1776286000,200,GET,GET /v1/timeline/home,150.100000,0.000000,470,520,560,580,640,690,770,810,970,980,980,6509,0,460.0,459.3073998325407,75.44191699999914,1950.8969999999977,10950.972499615917
1776286000,200,GET,GET /v1/timeline/user/:id,59.200000,0.000000,440,490,520,540,590,670,740,800,940,940,940,2640,0,430.0,435.53582599318224,74.75200000000015,2064.130249999998,11257.383333333333
1776286000,200,POST,POST /v1/tweets,31.600000,0.000000,96,110,120,120,140,160,200,200,240,240,240,1348,0,96,123.70341991617204,70.42770800000042,1680.78225,214.43323442136497
1776286000,200,POST,POST /v1/tweets/:id/like,59.800000,0.000000,100,120,130,130,170,200,260,290,340,340,340,2294,0,99,123.62575155231048,66.96416700000185,2467.890917000002,0.0
1776286000,200,,Aggregated,300.700000,0.000000,400,470,500,530,600,660,740,800,960,980,980,12791,0,390.0,358.83012510671557,66.96416700000185,2467.890917000002,7918.726291924009
1776286001,200,GET,GET /v1/timeline/home,152.300000,0.000000,480,530,560,590,650,700,770,810,970,980,980,6659,0,460.0,460.62580547724997,75.44191699999914,1950.8969999999977,10946.773539570506
1776286001,200,GET,GET /v1/timeline/user/:id,58.100000,0.000000,450,490,530,540,590,670,740,800,940,940,940,2698,0,430.0,436.1420667323949,74.75200000000015,2064.130249999998,11256.991845811712
1776286001,200,POST,POST /v1/tweets,32.300000,0.000000,96,110,120,120,140,160,200,200,240,240,240,1374,0,96,123.31791327438128,70.42770800000042,1680.78225,214.4359534206696
1776286001,200,POST,POST /v1/tweets/:id/like,60.300000,0.000000,100,120,130,140,170,200,260,290,340,340,340,2353,0,99,123.01575622184441,66.96416700000185,2467.890917000002,0.0
1776286001,200,,Aggregated,303.000000,0.000000,410,480,510,540,600,660,740,800,960,980,980,13084,0,390.0,359.44003530617516,66.96416700000185,2467.890917000002,7915.053806175481
1776286002,200,GET,GET /v1/timeline/home,152.400000,0.000000,480,530,570,590,650,700,770,810,970,980,980,6812,0,460.0,461.5701295032307,75.44191699999914,1950.8969999999977,10942.788021139166
1776286002,200,GET,GET /v1/timeline/user/:id,56.100000,0.000000,450,490,520,540,600,670,740,800,940,940,940,2750,0,430.0,436.41052016763666,74.75200000000015,2064.130249999998,11256.514181818182
1776286002,200,POST,POST /v1/tweets,32.400000,0.000000,96,110,110,120,140,160,200,200,240,240,240,1409,0,96,122.7069955088715,70.42770800000042,1680.78225,214.4414478353442
1776286002,200,POST,POST /v1/tweets/:id/like,59.300000,0.000000,99,120,130,130,160,200,260,290,340,340,340,2411,0,99,122.4550768593944,66.96416700000185,2467.890917000002,0.0
1776286002,200,,Aggregated,300.200000,0.000000,410,480,520,540,610,670,740,800,960,980,980,13382,0,390.0,359.6232251992971,66.96416700000185,2467.890917000002,7906.130174861754
1776286003,200,GET,GET /v1/timeline/home,152.500000,0.000000,480,540,570,590,650,700,770,810,970,980,980,6962,0,470.0,462.21998866647624,75.44191699999914,1950.8969999999977,10939.052427463372
1776286003,200,GET,GET /v1/timeline/user/:id,56.800000,0.000000,450,490,520,540,600,680,750,800,940,940,940,2815,0,430.0,436.23619012682127,74.75200000000015,2064.130249999998,11255.96838365897
1776286003,200,POST,POST /v1/tweets,31.100000,0.000000,96,110,110,120,140,170,200,200,240,240,240,1441,0,95,122.15027709923665,70.42770800000042,1680.78225,214.44205412907704
1776286003,200,POST,POST /v1/tweets/:id/like,58.800000,0.000000,99,120,130,130,160,200,260,290,340,340,340,2478,0,99,121.9623734584342,66.96416700000185,2467.890917000002,0.0
1776286003,200,,Aggregated,299.200000,0.000000,410,480,520,540,610,670,740,800,960,980,980,13696,0,390.0,359.53721867939475,66.96416700000185,2467.890917000002,7896.630037967289
1776286004,200,GET,GET /v1/timeline/home,151.000000,0.000000,490,540,580,600,660,700,780,810,970,980,980,7089,0,470.0,463.9193642625205,75.44191699999914,1950.8969999999977,10935.877133587248
1776286004,200,GET,GET /v1/timeline/user/:id,56.200000,0.000000,440,480,520,540,590,680,750,810,940,940,940,2879,0,430.0,435.7130861830503,74.75200000000015,2064.130249999998,11255.673497742271
1776286004,200,POST,POST /v1/tweets,31.900000,0.000000,96,110,120,120,140,170,190,200,240,240,240,1468,0,95,121.67987074863763,70.42770800000042,1680.78225,214.43596730245233
1776286004,200,POST,POST /v1/tweets/:id/like,57.300000,0.000000,99,120,130,130,160,200,260,290,340,340,340,2543,0,99,121.49474869524187,66.96416700000185,2467.890917000002,0.0
1776286004,200,,Aggregated,296.400000,0.000000,410,470,520,550,620,680,750,800,960,980,980,13979,0,390.0,359.87764107368054,66.96416700000185,2467.890917000002,7886.423134702053
1776286005,200,GET,GET /v1/timeline/home,151.400000,0.000000,490,550,580,600,660,710,760,800,960,980,980,7264,0,470.0,465.9008267557829,75.44191699999914,1950.8969999999977,10931.747246696035
1776286005,200,GET,GET /v1/timeline/user/:id,57.200000,0.000000,430,470,500,530,580,630,740,810,940,940,940,2924,0,430.0,435.18604542647125,74.75200000000015,2064.130249999998,11255.47537619699
1776286005,200,POST,POST /v1/tweets,31.400000,0.000000,96,110,120,120,140,170,190,200,240,240,240,1489,0,95,121.33127924781733,70.42770800000042,1680.78225,214.43586299529886
1776286005,200,POST,POST /v1/tweets/:id/like,57.800000,0.000000,98,110,120,130,150,200,260,290,340,340,340,2611,0,98,120.78324930448107,66.96416700000185,2467.890917000002,0.0
1776286005,200,,Aggregated,297.800000,0.000000,410,480,520,550,620,670,740,780,940,980,980,14288,0,390.0,360.6393435830765,66.96416700000185,2467.890917000002,7883.434840425532
1776286006,200,GET,GET /v1/timeline/home,149.100000,0.000000,490,550,580,600,660,710,760,780,860,900,900,7416,0,470.0,465.6494144443109,75.44191699999914,1950.8969999999977,10928.342772384034
1776286006,200,GET,GET /v1/timeline/user/:id,57.700000,0.000000,440,480,500,520,570,630,680,740,960,960,960,2983,0,430.0,435.5956501267182,74.75200000000015,2064.130249999998,11254.965471002346
1776286006,200,POST,POST /v1/tweets,30.700000,0.000000,93,100,110,120,130,150,170,190,240,240,240,1516,0,95,120.79330203298156,70.42770800000042,1680.78225,214.43997361477574
1776286006,200,POST,POST /v1/tweets/:id/like,59.100000,0.000000,95,110,120,120,140,160,200,230,270,270,270,2674,0,98,120.13383605123416,66.96416700000185,2467.890917000002,0.0
1776286006,200,,Aggregated,296.600000,0.000000,410,480,520,550,610,670,740,760,860,960,960,14589,0,390.0,360.33987287202683,66.96416700000185,2467.890917000002,7878.760915758448
1776286007,200,GET,GET /v1/timeline/home,149.600000,0.000000,510,560,590,620,670,720,770,790,860,900,900,7556,0,470.0,467.5666561748293,75.44191699999914,1950.8969999999977,10924.999602964532
1776286007,200,GET,GET /v1/timeline/user/:id,56.600000,0.000000,440,480,510,530,590,630,680,740,960,960,960,3047,0,430.0,436.1729367929114,74.75200000000015,2064.130249999998,11254.63767640302
1776286007,200,POST,POST /v1/tweets,29.600000,0.000000,92,100,110,120,140,150,170,190,240,240,240,1540,0,95,120.47946458636368,70.42770800000042,1680.78225,214.44415584415583
1776286007,200,POST,POST /v1/tweets/:id/like,61.400000,0.000000,94,100,120,120,140,160,200,230,270,270,270,2730,0,98,119.69965824615392,66.96416700000185,2467.890917000002,0.0
1776286007,200,,Aggregated,297.200000,0.000000,420,490,540,560,630,680,750,780,860,960,960,14873,0,390.0,361.34411584347447,66.96416700000185,2467.890917000002,7878.196866805621
1776286008,200,GET,GET /v1/timeline/home,151.700000,0.000000,520,570,600,630,680,750,790,840,1000,1000,1000,7706,0,470.0,469.1266704741775,75.44191699999914,1950.8969999999977,10921.822605761745
1776286008,200,GET,GET /v1/timeline/user/:id,56.200000,0.000000,440,480,510,530,590,640,690,750,960,960,960,3101,0,430.0,436.5544557355695,74.75200000000015,2064.130249999998,11254.068687520155
1776286008,200,POST,POST /v1/tweets,29.500000,0.000000,91,100,110,110,130,140,150,170,190,190,190,1561,0,95,120.13031238308778,70.42770800000042,1680.78225,214.4445868033312
1776286008,200,POST,POST /v1/tweets/:id/like,63.200000,0.000000,93,100,120,120,140,160,180,180,230,230,230,2794,0,98,119.48703348389414,66.96416700000185,2467.890917000002,0.0
1776286008,200,,Aggregated,300.600000,0.000000,420,500,540,570,640,690,760,800,1000,1000,1000,15162,0,390.0,362.10365908811525,66.96416700000185,2467.890917000002,7874.764542936288
1776286009,200,GET,GET /v1/timeline/home,148.600000,0.000000,520,570,610,640,690,750,800,850,1000,1000,1000,7848,0,470.0,469.98604654612785,75.44191699999914,1950.8969999999977,10918.784021406727
1776286009,200,GET,GET /v1/timeline/user/:id,57.400000,0.000000,440,480,510,530,590,640,680,740,960,960,960,3172,0,430.0,437.35141755517077,74.75200000000015,2064.130249999998,11253.413619167717
1776286009,200,POST,POST /v1/tweets,28.100000,0.000000,91,100,110,110,130,140,150,170,190,190,190,1591,0,95,119.7519977762415,70.42770800000042,1680.78225,214.44626021370206
1776286009,200,POST,POST /v1/tweets/:id/like,61.800000,0.000000,93,100,110,120,130,140,160,180,200,200,200,2840,0,98,119.13692535669028,66.96416700000185,2467.890917000002,0.0
1776286009,200,,Aggregated,295.900000,0.000000,420,500,540,570,650,690,760,800,1000,1000,1000,15451,0,390.0,362.7340292702093,66.96416700000185,2467.890917000002,7878.301016115462
1776286010,200,GET,GET /v1/timeline/home,151.000000,0.000000,520,570,610,640,690,750,800,860,1000,1000,1000,8014,0,470.0,470.8506901523597,75.44191699999914,1950.8969999999977,10915.613676066883
1776286010,200,GET,GET /v1/timeline/user/:id,56.600000,0.000000,440,480,520,540,600,640,680,740,960,960,960,3238,0,430.0,437.4875907798027,74.75200000000015,2064.130249999998,11252.91043854231
1776286010,200,POST,POST /v1/tweets,26.700000,0.000000,91,98,110,110,120,140,150,170,190,190,190,1622,0,95,119.27774132059206,70.42770800000042,1680.78225,214.44882860665845
1776286010,200,POST,POST /v1/tweets/:id/like,61.500000,0.000000,93,100,110,120,130,140,160,180,200,200,200,2898,0,98,118.70210588302294,66.96416700000185,2467.890917000002,0.0
1776286010,200,,Aggregated,295.800000,0.000000,420,500,540,570,650,690,760,820,1000,1000,1000,15772,0,400.0,363.14034041954153,66.96416700000185,2467.890917000002,7878.676642150646
1776286011,200,GET,GET /v1/timeline/home,149.300000,0.000000,520,570,610,640,690,750,800,860,1000,1000,1000,8183,0,470.0,471.3803914566798,75.44191699999914,1950.8969999999977,10912.40914090187
1776286011,200,GET,GET /v1/timeline/user/:id,58.300000,0.000000,440,480,520,540,590,640,680,740,960,960,960,3283,0,430.0,437.58925365032013,74.75200000000015,2064.130249999998,11252.618946085897
1776286011,200,POST,POST /v1/tweets,27.000000,0.000000,91,97,100,110,120,140,160,170,190,190,190,1654,0,94,118.73493793107633,70.42770800000042,1680.78225,214.4522370012092
1776286011,200,POST,POST /v1/tweets/:id/like,59.200000,0.000000,92,100,110,110,130,140,160,180,200,200,200,2952,0,97,118.19069341869938,66.96416700000185,2467.890917000002,0.0
1776286011,200,,Aggregated,293.800000,0.000000,420,500,540,570,650,700,770,810,1000,1000,1000,16072,0,400.0,363.31494383611243,66.96416700000185,2467.890917000002,7876.636137381782
1776286012,200,GET,GET /v1/timeline/home,148.200000,0.000000,520,570,610,640,690,750,800,860,1000,1000,1000,8329,0,470.0,471.5311270308575,75.44191699999914,1950.8969999999977,10909.669828310722
1776286012,200,GET,GET /v1/timeline/user/:id,58.600000,0.000000,430,480,510,540,590,640,670,740,960,960,960,3333,0,430.0,437.15127005970646,74.75200000000015,2064.130249999998,11251.825682568257
1776286012,200,POST,POST /v1/tweets,27.600000,0.000000,91,97,100,110,120,130,150,160,170,170,170,1681,0,94,118.37200617489604,70.42770800000042,1680.78225,214.45270672218916
1776286012,200,POST,POST /v1/tweets/:id/like,59.500000,0.000000,92,100,110,110,130,140,160,180,180,180,180,3007,0,97,117.89033533222502,66.96416700000185,2467.890917000002,0.0
1776286012,200,,Aggregated,293.900000,0.000000,420,500,540,570,650,690,770,820,1000,1000,1000,16350,0,400.0,363.1735486772478,66.96416700000185,2467.890917000002,7873.362079510704
1776286013,200,GET,GET /v1/timeline/home,150.800000,0.000000,510,570,600,630,690,750,840,890,1000,1000,1000,8468,0,470.0,472.3222899792172,75.44191699999914,1950.8969999999977,10907.127184695324
1776286013,200,GET,GET /v1/timeline/user/:id,57.400000,0.000000,450,500,530,550,600,650,680,740,960,960,960,3407,0,430.0,438.3140828018789,74.75200000000015,2064.130249999998,11251.031992955679
1776286013,200,POST,POST /v1/tweets,28.100000,0.000000,91,97,100,110,120,130,150,160,170,170,170,1700,0,94,118.12405684058838,70.42770800000042,1680.78225,214.45235294117646
1776286013,200,POST,POST /v1/tweets/:id/like,58.800000,0.000000,92,99,110,110,130,140,150,160,180,180,180,3068,0,97,117.48795711505883,66.96416700000185,2467.890917000002,0.0
1776286013,200,,Aggregated,295.100000,0.000000,420,500,540,570,650,700,780,840,1000,1000,1000,16643,0,400.0,363.7700643338345,66.96416700000185,2467.890917000002,7874.685333173105
1776286014,200,GET,GET /v1/timeline/home,149.900000,0.000000,500,550,580,620,670,750,840,890,1000,1000,1000,8628,0,470.0,472.32878678059944,75.44191699999914,1950.8969999999977,10904.338780713955
1776286014,200,GET,GET /v1/timeline/user/:id,57.800000,0.000000,460,510,530,560,600,660,680,740,960,960,960,3461,0,430.0,438.62258586651313,74.75200000000015,2064.130249999998,11250.719734180873
1776286014,200,POST,POST /v1/tweets,27.100000,0.000000,90,97,100,110,120,140,160,160,170,170,170,1733,0,94,117.77616366185822,70.42770800000042,1680.78225,214.45354875937682
1776286014,200,POST,POST /v1/tweets/:id/like,59.500000,0.000000,93,100,110,110,130,140,160,170,180,180,180,3118,0,97,117.26476503720353,66.96416700000185,2467.890917000002,0.0
1776286014,200,,Aggregated,294.300000,0.000000,420,500,540,560,640,680,760,840,1000,1000,1000,16940,0,400.0,363.8171883730223,66.96416700000185,2467.890917000002,7874.440613931523
1776286015,200,GET,GET /v1/timeline/home,150.600000,0.000000,510,560,590,620,680,750,840,890,1000,1000,1000,8785,0,470.0,473.38222855333106,75.44191699999914,1950.8969999999977,10901.650426863973
1776286015,200,GET,GET /v1/timeline/user/:id,58.400000,0.000000,450,500,530,560,600,660,690,740,860,860,860,3514,0,430.0,438.4116502379063,74.75200000000015,2064.130249999998,11250.217700626066
1776286015,200,POST,POST /v1/tweets,25.700000,0.000000,91,99,110,110,130,150,160,170,200,200,200,1769,0,94,117.54380459920873,70.42770800000042,1680.78225,214.4544940644432
1776286015,200,POST,POST /v1/tweets/:id/like,58.900000,0.000000,94,100,110,110,130,150,170,180,210,210,210,3185,0,97,117.0412251083205,66.96416700000185,2467.890917000002,0.0
1776286015,200,,Aggregated,293.600000,0.000000,430,500,540,570,640,690,770,850,1000,1000,1000,17253,0,400.0,363.9919265683066,66.96416700000185,2467.890917000002,7864.3501999652235
1776286016,200,GET,GET /v1/timeline/home,153.100000,0.000000,500,550,580,620,680,750,820,870,1000,1000,1000,8936,0,480.0,473.6980226762548,75.44191699999914,1950.8969999999977,10899.119740376007
1776286016,200,GET,GET /v1/timeline/user/:id,57.200000,0.000000,450,490,520,550,600,660,690,710,860,860,860,3588,0,430.0,438.2738108219071,74.75200000000015,2064.130249999998,11249.677536231884
1776286016,200,POST,POST /v1/tweets,26.000000,0.000000,91,98,100,110,120,150,160,170,200,200,200,1800,0,94,117.0968343311113,70.42770800000042,1680.78225,214.4561111111111
1776286016,200,POST,POST /v1/tweets/:id/like,57.500000,0.000000,94,100,110,120,130,150,170,180,210,210,210,3251,0,97,116.81061605782863,66.96416700000185,2467.890917000002,0.0
1776286016,200,,Aggregated,293.800000,0.000000,420,490,530,560,630,680,760,840,1000,1000,1000,17575,0,400.0,363.92703149155005,66.96416700000185,2467.890917000002,7860.278691322902
1776286017,200,GET,GET /v1/timeline/home,152.400000,0.000000,490,540,570,590,660,710,780,850,950,1000,1000,9087,0,470.0,473.1390711101589,75.44191699999914,1950.8969999999977,10896.654671508748
1776286017,200,GET,GET /v1/timeline/user/:id,58.200000,0.000000,440,490,520,550,590,660,700,750,860,860,860,3646,0,430.0,438.5003588239172,74.75200000000015,2064.130249999998,11248.815962698847
1776286017,200,POST,POST /v1/tweets,27.500000,0.000000,91,99,110,110,130,150,160,170,200,200,200,1828,0,94,116.89494441028468,70.42770800000042,1680.78225,214.45623632385121
1776286017,200,POST,POST /v1/tweets/:id/like,57.000000,0.000000,94,100,110,120,130,150,160,170,210,210,210,3330,0,97,116.46191262942972,66.96416700000185,2467.890917000002,0.0
1776286017,200,,Aggregated,295.100000,0.000000,410,480,520,540,610,670,740,780,930,1000,1000,17891,0,400.0,363.2937887702196,66.96416700000185,2467.890917000002,7848.812810910514
1776286018,200,GET,GET /v1/timeline/home,148.800000,0.000000,480,530,560,580,650,690,770,820,950,1000,1000,9246,0,470.0,472.80143860977915,75.44191699999914,1950.8969999999977,10894.14892926671
1776286018,200,GET,GET /v1/timeline/user/:id,59.400000,0.000000,440,490,520,540,590,660,700,750,860,860,860,3707,0,430.0,438.71989832829854,74.75200000000015,2064.130249999998,11247.998920960345
1776286018,200,POST,POST /v1/tweets,28.100000,0.000000,90,99,110,120,130,150,160,170,200,200,200,1867,0,94,116.50017592876293,69.75808400000005,1680.78225,214.45688269951793
1776286018,200,POST,POST /v1/tweets/:id/like,55.800000,0.000000,94,100,110,120,130,150,160,170,210,210,210,3392,0,97,116.13360837234697,66.96416700000185,2467.890917000002,0.0
1776286018,200,,Aggregated,292.100000,0.000000,410,480,510,540,600,660,730,780,930,1000,1000,18212,0,400.0,362.9084006450146,66.96416700000185,2467.890917000002,7842.303096859214
1776286019,200,GET,GET /v1/timeline/home,151.000000,0.000000,480,530,550,570,640,690,760,800,950,1000,1000,9410,0,470.0,472.53090261796154,75.44191699999914,1950.8969999999977,10891.610945802338
1776286019,200,GET,GET /v1/timeline/user/:id,58.800000,0.000000,430,490,520,540,590,660,700,750,860,860,860,3756,0,430.0,438.13286646246064,74.75200000000015,2064.130249999998,11247.890042598508
1776286019,200,POST,POST /v1/tweets,27.800000,0.000000,90,99,110,120,130,140,160,170,200,200,200,1905,0,94,116.07942963779544,69.75808400000005,1680.78225,214.45721784776902
1776286019,200,POST,POST /v1/tweets/:id/like,59.100000,0.000000,93,100,110,120,130,150,160,170,210,210,210,3458,0,97,115.74498765500316,66.96416700000185,2467.890917000002,0.0
1776286019,200,,Aggregated,296.700000,0.000000,400,470,510,530,590,650,720,770,930,1000,1000,18529,0,400.0,362.3250213632149,66.96416700000185,2467.890917000002,7833.432727076474
1776286020,200,GET,GET /v1/timeline/home,150.400000,0.000000,480,530,560,580,650,720,790,850,950,1000,1000,9561,0,470.0,474.0982675027737,75.44191699999914,1950.8969999999977,10889.331346093504
1776286020,200,GET,GET /v1/timeline/user/:id,59.400000,0.000000,420,480,510,530,590,650,700,750,860,860,860,3805,0,430.0,437.9684895024973,74.75200000000015,2064.130249999998,11246.920630749015
1776286020,200,POST,POST /v1/tweets,30.100000,0.000000,92,100,110,120,130,160,190,210,220,220,220,1931,0,94,116.22572520818245,69.75808400000005,1680.78225,214.45934748834802
1776286020,200,POST,POST /v1/tweets/:id/like,59.400000,0.000000,94,100,110,120,140,150,180,210,300,300,300,3510,0,97,115.75706730057007,66.96416700000185,2467.890917000002,0.0
1776286020,200,,Aggregated,299.300000,0.000000,400,470,510,540,600,670,750,790,940,1000,1000,18807,0,400.0,363.1659924364868,66.96416700000185,2467.890917000002,7833.336045089594
1776286021,200,GET,GET /v1/timeline/home,153.000000,0.000000,470,520,550,570,640,710,790,850,950,1000,1000,9707,0,470.0,473.56016413032035,75.44191699999914,1950.8969999999977,10887.216029669311
1776286021,200,GET,GET /v1/timeline/user/:id,57.500000,0.000000,420,480,510,540,590,650,700,750,860,860,860,3870,0,430.0,437.5037073467706,74.75200000000015,2064.130249999998,11246.159948320414
1776286021,200,POST,POST /v1/tweets,30.400000,0.000000,93,100,120,120,130,160,190,210,220,220,220,1959,0,94,116.07993923430342,69.75808400000005,1680.78225,214.46145992853496
1776286021,200,POST,POST /v1/tweets/:id/like,60.700000,0.000000,95,110,120,120,140,160,180,210,300,300,300,3579,0,97,115.61172807096979,66.96416700000185,2467.890917000002,0.0
1776286021,200,,Aggregated,301.600000,0.000000,400,460,500,530,590,660,750,790,940,1000,1000,19115,0,400.0,362.60333959565855,66.96416700000185,2467.890917000002,7827.620978289302
1776286022,200,GET,GET /v1/timeline/home,151.200000,0.000000,470,520,550,570,640,720,780,850,920,940,940,9863,0,470.0,474.06593854892134,75.44191699999914,1950.8969999999977,10885.030518097941
1776286022,200,GET,GET /v1/timeline/user/:id,57.200000,0.000000,420,470,500,530,590,650,710,790,920,920,920,3933,0,430.0,438.1119266282741,74.75200000000015,2064.130249999998,11245.659801678108
1776286022,200,POST,POST /v1/tweets,29.800000,0.000000,92,100,120,130,140,160,190,210,220,220,220,1985,0,94,115.92541729622187,69.75808400000005,1680.78225,214.4624685138539
1776286022,200,POST,POST /v1/tweets/:id/like,60.800000,0.000000,95,110,120,130,140,160,190,210,300,300,300,3633,0,97,115.63912581805691,66.96416700000185,2467.890917000002,0.0
1776286022,200,,Aggregated,299.000000,0.000000,400,460,500,530,590,660,750,800,920,940,940,19414,0,400.0,363.09031919063585,66.96416700000185,2467.890917000002,7830.11970742763
1776286023,200,GET,GET /v1/timeline/home,150.100000,0.000000,470,520,550,570,640,720,790,850,920,940,940,10029,0,470.0,473.9762233805978,75.44191699999914,1950.8969999999977,10882.799680925316
1776286023,200,GET,GET /v1/timeline/user/:id,58.100000,0.000000,420,470,500,530,590,650,710,790,920,920,920,3983,0,430.0,438.03241353100736,74.75200000000015,2064.130249999998,11245.315340195832
1776286023,200,POST,POST /v1/tweets,29.900000,0.000000,94,110,120,130,140,150,190,210,220,220,220,2020,0,94,115.64741778069325,69.75808400000005,1680.78225,214.4608910891089
1776286023,200,POST,POST /v1/tweets/:id/like,62.600000,0.000000,95,110,120,130,140,160,190,210,300,300,300,3693,0,97,115.42432289981066,66.96416700000185,2467.890917000002,0.0
1776286023,200,,Aggregated,300.700000,0.000000,400,460,500,530,590,660,760,800,920,940,940,19725,0,400.0,362.89279877130576,66.96416700000185,2467.890917000002,7825.951837769328
1776286024,200,GET,GET /v1/timeline/home,151.700000,0.000000,470,520,550,570,630,690,780,830,920,940,940,10161,0,470.0,474.38673618807417,75.44191699999914,1950.8969999999977,10881.062985926583
1776286024,200,GET,GET /v1/timeline/user/:id,59.300000,0.000000,420,470,500,530,590,640,690,780,920,920,920,4048,0,430.0,438.1483627524711,74.75200000000015,2064.130249999998,11244.639822134388
1776286024,200,POST,POST /v1/tweets,30.500000,0.000000,91,100,120,120,130,150,170,210,220,220,220,2054,0,94,115.29246630574504,69.75808400000005,1680.78225,214.46251217137294
1776286024,200,POST,POST /v1/tweets/:id/like,61.500000,0.000000,94,110,120,120,140,150,180,210,300,300,300,3753,0,97,115.07289649587021,66.96416700000185,2467.890917000002,0.0
1776286024,200,,Aggregated,303.000000,0.000000,400,460,500,520,580,650,730,790,920,940,940,20016,0,400.0,362.8371055740413,66.96416700000185,2467.890917000002,7819.808603117506
1776286025,200,GET,GET /v1/timeline/home,151.900000,0.000000,470,520,550,570,650,730,800,860,940,940,940,10307,0,480.0,475.4607285816455,75.44191699999914,1950.8969999999977,10879.20423013486
1776286025,200,GET,GET /v1/timeline/user/:id,57.500000,0.000000,420,480,510,540,600,650,710,780,920,920,920,4107,0,430.0,438.65747203993266,74.75200000000015,2064.130249999998,11243.82712442172
1776286025,200,POST,POST /v1/tweets,31.900000,0.000000,92,100,120,120,130,150,170,210,220,220,220,2079,0,94,115.03855369023584,69.75808400000005,1680.78225,214.46224146224145
1776286025,200,POST,POST /v1/tweets/:id/like,61.700000,0.000000,94,110,120,120,140,150,180,210,300,300,300,3813,0,97,114.79475343246806,66.96416700000185,2467.890917000002,0.0
1776286025,200,,Aggregated,303.000000,0.000000,400,460,500,530,590,660,750,820,920,940,940,20306,0,400.0,363.39099355456557,66.96416700000185,2467.890917000002,7818.192800157589
1776286026,200,GET,GET /v1/timeline/home,151.800000,0.000000,480,530,560,580,660,740,820,860,940,980,980,10472,0,480.0,476.38720317523047,75.44191699999914,1950.8969999999977,10877.195282658518
1776286026,200,GET,GET /v1/timeline/user/:id,58.200000,0.000000,430,480,520,540,600,650,700,780,920,920,920,4163,0,430.0,438.71809210040936,74.75200000000015,2064.130249999998,11243.37352870526
1776286026,200,POST,POST /v1/tweets,31.900000,0.000000,92,110,120,130,140,160,180,210,220,220,220,2114,0,94,114.84904797209089,69.75808400000005,1680.78225,214.46310312204352
1776286026,200,POST,POST /v1/tweets/:id/like,62.100000,0.000000,94,110,120,120,140,160,190,240,300,300,300,3862,0,97,114.84907722915602,66.96416700000185,2467.890917000002,0.0
1776286026,200,,Aggregated,304.000000,0.000000,410,470,510,540,610,680,770,830,940,980,980,20611,0,400.0,363.9536282925138,66.96416700000185,2467.890917000002,7819.393915870166
1776286027,200,GET,GET /v1/timeline/home,150.300000,0.000000,480,530,560,580,660,740,820,860,940,980,980,10622,0,480.0,475.96302507522233,75.44191699999914,1950.8969999999977,10875.384202598381
1776286027,200,GET,GET /v1/timeline/user/:id,58.500000,0.000000,430,480,510,540,590,640,680,750,920,920,920,4227,0,430.0,439.0379254584822,74.75200000000015,2064.130249999998,11243.012775017743
1776286027,200,POST,POST /v1/tweets,31.400000,0.000000,94,110,120,130,140,170,210,210,230,230,230,2147,0,94,115.01455323288315,69.75808400000005,1680.78225,214.46530041918956
1776286027,200,POST,POST /v1/tweets/:id/like,62.600000,0.000000,96,110,120,130,150,170,210,240,300,300,300,3927,0,97,115.11263388286241,66.96416700000185,2467.890917000002,0.0
1776286027,200,,Aggregated,302.800000,0.000000,410,470,510,540,610,670,770,830,940,980,980,20923,0,400.0,363.7373284094536,66.96416700000185,2467.890917000002,7814.510490847393
1776286028,200,GET,GET /v1/timeline/home,152.200000,0.000000,480,540,570,600,670,750,830,890,980,1000,1000,10772,0,480.0,476.22617495358503,75.44191699999914,1950.8969999999977,10873.628666914223
1776286028,200,GET,GET /v1/timeline/user/:id,57.900000,0.000000,440,480,520,540,600,650,680,750,920,920,920,4293,0,430.0,439.3234781330083,74.75200000000015,2064.130249999998,11241.933146983461
1776286028,200,POST,POST /v1/tweets,30.700000,0.000000,96,120,130,130,160,180,210,210,230,230,230,2171,0,94,115.25539063933678,69.75808400000005,1680.78225,214.4661446338093
1776286028,200,POST,POST /v1/tweets/:id/like,62.500000,0.000000,100,120,130,140,160,190,240,250,300,300,300,3979,0,97,115.62782407841183,66.96416700000185,2467.890917000002,0.0
1776286028,200,,Aggregated,303.300000,0.000000,410,480,520,550,620,680,780,850,980,1000,1000,21215,0,400.0,364.18697210987534,66.96416700000185,2467.890917000002,7817.956775866132
1776286029,200,GET,GET /v1/timeline/home,152.900000,0.000000,480,540,580,600,680,760,850,900,980,1000,1000,10903,0,480.0,476.8378786241418,75.44191699999914,1950.8969999999977,10872.159864257545
1776286029,200,GET,GET /v1/timeline/user/:id,58.200000,0.000000,450,490,530,550,610,660,700,790,920,920,920,4350,0,430.0,440.20238799034587,74.75200000000015,2064.130249999998,11241.514252873563
1776286029,200,POST,POST /v1/tweets,32.200000,0.000000,97,120,130,140,170,190,210,220,230,230,230,2197,0,95,115.42193741101508,69.75808400000005,1680.78225,214.46836595357306
1776286029,200,POST,POST /v1/tweets/:id/like,59.000000,0.000000,100,120,140,150,170,210,250,280,340,340,340,4042,0,97,115.92349546610605,66.96416700000185,2467.890917000002,0.0
1776286029,200,,Aggregated,302.300000,0.000000,410,480,520,550,620,700,790,860,980,1000,1000,21492,0,400.0,364.6002486303279,66.96416700000185,2467.890917000002,7812.717895030709
1776286030,200,GET,GET /v1/timeline/home,152.100000,0.000000,480,530,570,590,660,740,820,890,980,1000,1000,11066,0,470.0,476.30014583887726,75.44191699999914,1950.8969999999977,10870.20269293331
1776286030,200,GET,GET /v1/timeline/user/:id,58.200000,0.000000,450,490,530,550,610,670,700,790,920,920,920,4414,0,430.0,440.23226536905395,74.75200000000015,2064.130249999998,11240.888309922972
1776286030,200,POST,POST /v1/tweets,31.200000,0.000000,99,120,130,140,170,190,210,210,230,230,230,2227,0,95,115.59706160754384,69.75808400000005,1680.78225,214.4683430624158
1776286030,200,POST,POST /v1/tweets/:id/like,57.300000,0.000000,100,130,140,150,190,220,250,270,340,340,340,4116,0,97,116.36210747789133,66.96416700000185,2467.890917000002,0.0
1776286030,200,,Aggregated,298.800000,0.000000,410,470,520,540,620,680,760,830,980,1000,1000,21823,0,400.0,364.30846921921847,66.96416700000185,2467.890917000002,7807.568391146955
1776286031,200,GET,GET /v1/timeline/home,148.900000,0.000000,470,530,560,580,660,730,800,890,980,1000,1000,11210,0,470.0,475.5299307593232,75.44191699999914,1950.8969999999977,10868.610169491525
1776286031,200,GET,GET /v1/timeline/user/:id,59.200000,0.000000,440,490,520,540,600,660,700,720,890,890,890,4471,0,430.0,439.80960798501553,74.75200000000015,2064.130249999998,11240.117870722434
1776286031,200,POST,POST /v1/tweets,29.500000,0.000000,110,130,140,150,180,200,220,230,230,230,230,2265,0,95,116.21383380883007,69.75808400000005,1680.78225,214.46666666666667
1776286031,200,POST,POST /v1/tweets/:id/like,58.400000,0.000000,110,130,150,160,200,230,250,270,340,340,340,4175,0,98,116.83617480000015,66.96416700000185,2467.890917000002,0.0
1776286031,200,,Aggregated,296.000000,0.000000,400,460,500,540,610,670,760,800,980,1000,1000,22121,0,400.0,363.8214657782197,66.96416700000185,2467.890917000002,7801.521359793861
1776286032,200,GET,GET /v1/timeline/home,152.000000,0.000000,470,520,560,580,660,730,800,890,980,1000,1000,11365,0,470.0,475.0526569308411,75.44191699999914,1950.8969999999977,10866.890365156181
1776286032,200,GET,GET /v1/timeline/user/:id,59.300000,0.000000,440,490,520,540,600,660,700,720,890,890,890,4546,0,430.0,439.6474441652013,74.75200000000015,2064.130249999998,11239.396392432907
1776286032,200,POST,POST /v1/tweets,29.800000,0.000000,110,130,140,160,190,210,220,230,230,230,230,2295,0,95,116.37485399172118,69.75808400000005,1680.78225,214.4653594771242
1776286032,200,POST,POST /v1/tweets/:id/like,59.300000,0.000000,110,140,150,170,210,230,250,270,340,340,340,4224,0,98,117.16573082291679,66.96416700000185,2467.890917000002,0.0
1776286032,200,,Aggregated,300.400000,0.000000,400,460,500,530,610,670,760,800,980,1000,1000,22430,0,400.0,363.78060918863105,66.96416700000185,2467.890917000002,7806.005483727151
1776286033,200,GET,GET /v1/timeline/home,150.300000,0.000000,460,510,550,580,650,730,800,890,980,1000,1000,11521,0,470.0,474.28378363596977,75.44191699999914,1950.8969999999977,10865.196076729451
1776286033,200,GET,GET /v1/timeline/user/:id,59.300000,0.000000,440,480,510,530,600,650,700,720,890,890,890,4608,0,430.0,439.2640238819456,74.75200000000015,2064.130249999998,11238.690972222223
1776286033,200,POST,POST /v1/tweets,29.700000,0.000000,120,140,160,170,190,210,230,230,230,230,230,2322,0,95,116.79249269422921,69.75808400000005,1680.78225,214.46597760551248
1776286033,200,POST,POST /v1/tweets/:id/like,59.100000,0.000000,120,150,160,180,210,240,260,290,340,340,340,4301,0,98,117.64174889560574,66.96416700000185,2467.890917000002,0.0
1776286033,200,,Aggregated,298.400000,0.000000,390,450,490,520,600,670,750,800,980,1000,1000,22752,0,400.0,363.2876856256152,66.96416700000185,2467.890917000002,7799.920973980309
1776286034,200,GET,GET /v1/timeline/home,148.700000,0.000000,450,490,530,560,630,700,760,810,980,1000,1000,11666,0,470.0,473.7559637563867,75.44191699999914,1950.8969999999977,10863.668695354021
1776286034,200,GET,GET /v1/timeline/user/:id,61.100000,0.000000,440,480,510,530,590,650,700,710,890,890,890,4681,0,430.0,439.15760388635005,74.75200000000015,2064.130249999998,11238.24631488998
1776286034,200,POST,POST /v1/tweets,30.200000,0.000000,130,150,170,180,200,210,230,230,230,230,230,2358,0,96,117.07543433375744,69.75808400000005,1680.78225,214.46480067854114
1776286034,200,POST,POST /v1/tweets/:id/like,59.700000,0.000000,130,150,180,190,220,240,270,290,340,340,340,4377,0,98,118.2075420086818,66.96416700000185,2467.890917000002,0.0
1776286034,200,,Aggregated,299.700000,0.000000,390,450,480,510,580,650,730,770,980,1000,1000,23082,0,400.0,362.8798242138893,66.96416700000185,2467.890917000002,7791.677410969587
1776286035,200,GET,GET /v1/timeline/home,148.900000,0.000000,440,490,530,550,610,680,760,790,980,1000,1000,11800,0,470.0,473.9675812409327,75.44191699999914,1950.8969999999977,10862.305677966102
1776286035,200,GET,GET /v1/timeline/user/:id,61.200000,0.000000,440,480,510,530,580,630,690,710,890,890,890,4734,0,430.0,439.45634994191056,74.75200000000015,2064.130249999998,11237.795944233207
1776286035,200,POST,POST /v1/tweets,29.900000,0.000000,130,150,160,180,200,210,230,230,230,230,230,2377,0,96,116.98081483676906,69.75808400000005,1680.78225,214.4652923853597
1776286035,200,POST,POST /v1/tweets/:id/like,60.100000,0.000000,130,160,180,190,220,240,270,290,340,340,340,4423,0,99,118.33564478204843,66.96416700000185,2467.890917000002,0.0
1776286035,200,,Aggregated,300.100000,0.000000,390,440,480,500,570,630,710,760,970,1000,1000,23334,0,400.0,363.18958485497467,66.96416700000185,2467.890917000002,7794.836590383132
1776286036,200,GET,GET /v1/timeline/home,148.600000,0.000000,450,500,540,560,630,700,790,870,980,1000,1000,11951,0,470.0,474.90367235444796,75.44191699999914,1950.8969999999977,10860.82026608652
1776286036,200,GET,GET /v1/timeline/user/:id,61.500000,0.000000,430,480,520,540,600,660,700,780,970,970,970,4794,0,430.0,439.8590304115572,74.75200000000015,2064.130249999998,11237.151647893199
1776286036,200,POST,POST /v1/tweets,29.600000,0.000000,120,140,160,170,190,210,230,230,230,230,230,2407,0,96,116.69538429414212,69.75808400000005,1680.78225,214.46406314914833
1776286036,200,POST,POST /v1/tweets/:id/like,61.500000,0.000000,130,150,180,190,220,240,270,290,340,340,340,4478,0,99,118.2767884260831,66.96416700000185,2467.890917000002,0.0
1776286036,200,,Aggregated,301.200000,0.000000,390,450,490,510,580,660,740,800,970,1000,1000,23630,0,400.0,363.7235390888268,66.96416700000185,2467.890917000002,7794.531654676259
1776286037,200,GET,GET /v1/timeline/home,148.500000,0.000000,460,510,540,570,640,700,790,870,980,1000,1000,12109,0,470.0,475.1385438392935,75.44191699999914,1950.8969999999977,10859.251135519036
1776286037,200,GET,GET /v1/timeline/user/:id,61.900000,0.000000,430,480,510,530,580,640,700,780,970,970,970,4849,0,430.0,439.8164059684482,74.75200000000015,2064.130249999998,11236.376160032996
1776286037,200,POST,POST /v1/tweets,29.500000,0.000000,120,140,150,170,190,210,230,230,230,230,230,2446,0,95,116.41507256541291,69.75808400000005,1680.78225,214.46402289452166
1776286037,200,POST,POST /v1/tweets/:id/like,61.000000,0.000000,120,150,170,190,220,240,270,290,340,340,340,4527,0,98,118.11186510271715,66.96416700000185,2467.890917000002,0.0
1776286037,200,,Aggregated,300.900000,0.000000,390,450,490,520,580,660,740,790,970,1000,1000,23931,0,400.0,363.7777803144863,66.96416700000185,2467.890917000002,7793.424386778655
1776286038,200,GET,GET /v1/timeline/home,147.400000,0.000000,450,500,540,560,620,680,770,810,890,950,950,12261,0,470.0,475.343231222576,75.44191699999914,1950.8969999999977,10857.760704673354
1776286038,200,GET,GET /v1/timeline/user/:id,62.500000,0.000000,430,470,500,520,580,630,690,750,970,970,970,4906,0,430.0,440.2995991895647,74.75200000000015,2064.130249999998,11235.789849164288
1776286038,200,POST,POST /v1/tweets,29.600000,0.000000,110,130,140,160,190,210,230,230,230,230,230,2479,0,95,116.1017770080678,68.46758300000033,1680.78225,214.46510689794272
1776286038,200,POST,POST /v1/tweets/:id/like,60.400000,0.000000,120,140,160,180,210,230,260,290,340,340,340,4594,0,98,117.78589516869842,66.96416700000185,2467.890917000002,0.0
1776286038,200,,Aggregated,299.900000,0.000000,390,450,490,510,580,650,710,780,890,970,970,24240,0,400.0,363.74661300544454,66.96416700000185,2467.890917000002,7788.0135313531355
1776286039,200,GET,GET /v1/timeline/home,146.300000,0.000000,450,500,540,560,630,680,770,800,890,950,950,12400,0,470.0,475.3629988187103,75.44191699999914,1950.8969999999977,10856.465322580645
1776286039,200,GET,GET /v1/timeline/user/:id,61.800000,0.000000,430,480,510,530,580,630,690,750,970,970,970,4967,0,430.0,440.7387750563729,74.75200000000015,2064.130249999998,11235.039863096437
1776286039,200,POST,POST /v1/tweets,29.500000,0.000000,110,130,140,150,190,210,230,230,230,230,230,2514,0,95,115.88873771718379,63.10004200000208,1680.78225,214.46579156722356
1776286039,200,POST,POST /v1/tweets/:id/like,61.000000,0.000000,110,130,150,170,210,220,250,270,300,300,300,4643,0,98,117.56346928796056,66.96416700000185,2467.890917000002,0.0
1776286039,200,,Aggregated,298.600000,0.000000,390,450,490,510,580,650,710,780,920,970,970,24524,0,400.0,363.7596703466793,63.10004200000208,2467.890917000002,7786.812102430273
1776286040,200,GET,GET /v1/timeline/home,147.700000,0.000000,470,520,560,580,650,710,790,840,950,970,970,12560,0,470.0,476.20466812460234,75.44191699999914,1950.8969999999977,10854.977468152867
1776286040,200,GET,GET /v1/timeline/user/:id,60.500000,0.000000,440,490,520,530,580,650,690,750,970,970,970,5030,0,440.0,441.12500954274446,74.75200000000015,2064.130249999998,11234.582703777336
1776286040,200,POST,POST /v1/tweets,29.700000,0.000000,100,120,130,140,190,200,230,230,230,230,230,2545,0,95,115.67678994734774,63.10004200000208,1680.78225,214.4664047151277
1776286040,200,POST,POST /v1/tweets/:id/like,61.700000,0.000000,110,130,140,150,200,220,250,260,300,300,300,4699,0,98,117.38867872377118,66.96416700000185,2467.890917000002,0.0
1776286040,200,,Aggregated,299.600000,0.000000,400,460,500,530,590,670,750,790,950,970,970,24834,0,400.0,364.25852707513707,63.10004200000208,2467.890917000002,7787.480268986067
1776286041,200,GET,GET /v1/timeline/home,149.300000,0.000000,470,530,560,580,650,720,790,850,950,970,970,12699,0,470.0,476.4449839141665,75.44191699999914,1950.8969999999977,10853.726041420585
1776286041,200,GET,GET /v1/timeline/user/:id,61.300000,0.000000,450,490,520,540,590,650,690,750,970,970,970,5088,0,440.0,441.0755707458734,74.75200000000015,2064.130249999998,11233.845911949686
1776286041,200,POST,POST /v1/tweets,31.100000,0.000000,96,110,120,130,150,190,210,230,230,230,230,2577,0,95,115.35182778812573,63.10004200000208,1680.78225,214.46837407838572
1776286041,200,POST,POST /v1/tweets/:id/like,59.600000,0.000000,100,120,130,140,190,210,250,260,300,300,300,4749,0,98,117.12532999747339,66.96416700000185,2467.890917000002,0.0
1776286041,200,,Aggregated,301.300000,0.000000,400,470,510,540,600,670,760,800,950,970,970,25113,0,400.0,364.27576183844906,63.10004200000208,2467.890917000002,7786.483494604388
1776286042,200,GET,GET /v1/timeline/home,148.400000,0.000000,480,540,570,590,670,730,810,880,970,1000,1000,12847,0,470.0,476.57271620985443,75.44191699999914,1950.8969999999977,10852.399470693546
1776286042,200,GET,GET /v1/timeline/user/:id,61.200000,0.000000,450,500,530,550,610,670,710,780,970,970,970,5151,0,440.0,441.5877685631925,74.75200000000015,2064.130249999998,11233.147350029121
1776286042,200,POST,POST /v1/tweets,31.500000,0.000000,92,100,120,120,140,160,200,210,230,230,230,2613,0,95,115.02218125947188,63.10004200000208,1680.78225,214.46842709529275
1776286042,200,POST,POST /v1/tweets/:id/like,58.500000,0.000000,99,110,120,130,150,200,220,230,290,290,290,4808,0,98,116.87757467450115,66.96416700000185,2467.890917000002,0.0
1776286042,200,,Aggregated,299.600000,0.000000,410,480,520,550,620,680,770,820,970,1000,1000,25419,0,400.0,364.28060189948343,63.10004200000208,2467.890917000002,7783.277233565444
1776286043,200,GET,GET /v1/timeline/home,148.400000,0.000000,490,550,580,590,670,750,810,880,970,1000,1000,12987,0,470.0,476.6346901211981,75.44191699999914,1950.8969999999977,10851.16632016632
1776286043,200,GET,GET /v1/timeline/user/:id,61.700000,0.000000,450,490,530,550,610,670,710,780,970,970,970,5215,0,430.0,441.19100224391264,74.75200000000015,2064.130249999998,11232.5723873442
1776286043,200,POST,POST /v1/tweets,31.500000,0.000000,91,100,110,120,130,150,190,200,210,210,210,2637,0,95,114.84383079180883,63.10004200000208,1680.78225,214.46833522942737
1776286043,200,POST,POST /v1/tweets/:id/like,56.800000,0.000000,97,110,120,130,140,180,220,230,290,290,290,4869,0,98,116.70926024974352,66.96416700000185,2467.890917000002,0.0
1776286043,200,,Aggregated,298.400000,0.000000,410,480,530,550,620,680,780,820,970,1000,1000,25708,0,400.0,364.1654880683044,63.10004200000208,2467.890917000002,7782.305702505057
1776286044,200,GET,GET /v1/timeline/home,148.200000,0.000000,500,550,590,610,680,770,810,880,1000,1000,1000,13145,0,470.0,477.49839668033457,75.44191699999914,1950.8969999999977,10849.851882845189
1776286044,200,GET,GET /v1/timeline/user/:id,58.900000,0.000000,450,490,530,550,620,670,710,780,970,970,970,5278,0,440.0,441.44818613243746,74.75200000000015,2064.130249999998,11232.018188707843
1776286044,200,POST,POST /v1/tweets,31.500000,0.000000,90,98,100,110,120,130,140,150,200,200,200,2682,0,95,114.5665696040268,63.10004200000208,1680.78225,214.46942580164057
1776286044,200,POST,POST /v1/tweets/:id/like,57.100000,0.000000,95,110,110,120,130,140,160,170,250,250,250,4927,0,98,116.54888038441273,66.96416700000185,2467.890917000002,0.0
1776286044,200,,Aggregated,295.700000,0.000000,420,490,530,560,630,690,780,840,1000,1000,1000,26032,0,400.0,364.481554398509,63.10004200000208,2467.890917000002,7778.084741856177
1776286045,200,GET,GET /v1/timeline/home,147.200000,0.000000,500,550,580,600,670,730,800,850,1000,1000,1000,13305,0,470.0,477.8290384185644,75.44191699999914,1950.8969999999977,10848.504246523864
1776286045,200,GET,GET /v1/timeline/user/:id,60.600000,0.000000,450,490,530,550,610,660,690,720,920,920,920,5339,0,440.0,441.87173095486156,74.75200000000015,2064.130249999998,11231.731972279453
1776286045,200,POST,POST /v1/tweets,31.300000,0.000000,91,99,110,110,120,130,140,150,200,200,200,2704,0,95,114.39601787980766,63.10004200000208,1680.78225,214.46819526627218
1776286045,200,POST,POST /v1/tweets/:id/like,56.400000,0.000000,94,100,110,120,130,140,150,160,190,190,190,4982,0,98,116.34475858691319,66.96416700000185,2467.890917000002,0.0
1776286045,200,,Aggregated,295.500000,0.000000,420,480,530,550,620,680,760,800,1000,1000,1000,26330,0,400.0,364.81674695609536,63.10004200000208,2467.890917000002,7781.446562856057
1776286046,200,GET,GET /v1/timeline/home,147.100000,0.000000,490,550,580,600,670,730,800,850,1000,1000,1000,13447,0,470.0,477.8377495998364,75.44191699999914,1950.8969999999977,10847.298802706924
1776286046,200,GET,GET /v1/timeline/user/:id,59.900000,0.000000,450,490,520,540,610,660,690,720,920,920,920,5387,0,430.0,441.2380173309831,74.75200000000015,2064.130249999998,11231.086690180064
1776286046,200,POST,POST /v1/tweets,32.400000,0.000000,90,98,100,110,120,130,140,150,200,200,200,2733,0,95,114.1666087687523,63.10004200000208,1680.78225,214.47017929015735
1776286046,200,POST,POST /v1/tweets/:id/like,55.000000,0.000000,94,100,110,110,130,130,140,150,190,190,190,5048,0,98,116.05040072503986,66.96416700000185,2467.890917000002,0.0
1776286046,200,,Aggregated,294.400000,0.000000,410,480,520,550,620,680,760,800,1000,1000,1000,26615,0,400.0,364.4663980032309,63.10004200000208,2467.890917000002,7775.75194439226
1776286047,200,GET,GET /v1/timeline/home,147.100000,0.000000,500,550,580,600,670,740,810,860,1000,1000,1000,13609,0,470.0,478.3822413932694,75.44191699999914,1950.8969999999977,10845.979351899477
1776286047,200,GET,GET /v1/timeline/user/:id,59.700000,0.000000,450,490,530,550,620,660,700,730,920,920,920,5439,0,440.0,441.86116492425157,74.75200000000015,2064.130249999998,11230.794815223388
1776286047,200,POST,POST /v1/tweets,32.300000,0.000000,90,97,100,110,120,130,140,160,200,200,200,2763,0,95,113.91321642236706,63.10004200000208,1680.78225,214.46833152370613
1776286047,200,POST,POST /v1/tweets/:id/like,55.500000,0.000000,93,100,110,110,130,130,140,150,190,190,190,5098,0,98,115.8580824064341,66.96416700000185,2467.890917000002,0.0
1776286047,200,,Aggregated,294.600000,0.000000,420,490,530,550,630,680,770,810,1000,1000,1000,26909,0,400.0,364.8955189797835,63.10004200000208,2467.890917000002,7777.316213906128
1776286048,200,GET,GET /v1/timeline/home,149.500000,0.000000,510,560,590,620,680,750,820,870,1000,1000,1000,13769,0,480.0,479.32396977790717,75.44191699999914,1950.8969999999977,10844.687849517031
1776286048,200,GET,GET /v1/timeline/user/:id,58.700000,0.000000,440,490,530,550,630,680,720,760,940,940,940,5485,0,440.0,442.05388042807726,74.75200000000015,2064.130249999998,11230.53035551504
1776286048,200,POST,POST /v1/tweets,32.100000,0.000000,90,97,100,110,120,130,140,150,200,200,200,2785,0,95,113.75735477773792,63.10004200000208,1680.78225,214.4682226211849
1776286048,200,POST,POST /v1/tweets/:id/like,56.600000,0.000000,93,100,110,110,120,130,140,150,190,190,190,5159,0,98,115.58229991839524,66.96416700000185,2467.890917000002,0.0
1776286048,200,,Aggregated,296.900000,0.000000,420,490,540,570,640,690,780,840,1000,1000,1000,27198,0,400.0,365.37909376994565,63.10004200000208,2467.890917000002,7776.941686888742
1776286049,200,GET,GET /v1/timeline/home,149.500000,0.000000,510,560,590,610,670,750,810,880,1000,1000,1000,13910,0,480.0,479.5025987182607,75.44191699999914,1950.8969999999977,10843.567145938174
1776286049,200,GET,GET /v1/timeline/user/:id,57.800000,0.000000,450,490,540,570,640,680,750,790,990,990,990,5544,0,440.0,442.36070583513754,74.75200000000015,2064.130249999998,11230.325036075035
1776286049,200,POST,POST /v1/tweets,32.100000,0.000000,90,97,100,110,120,130,150,160,200,200,200,2815,0,95,113.61019294493786,63.10004200000208,1680.78225,214.4696269982238
1776286049,200,POST,POST /v1/tweets/:id/like,56.400000,0.000000,94,100,110,110,130,140,160,190,210,210,210,5219,0,98,115.55061331040449,66.96416700000185,2467.890917000002,0.0
1776286049,200,,Aggregated,295.800000,0.000000,420,490,540,570,640,690,780,840,1000,1000,1000,27488,0,400.0,365.43947341850924,63.10004200000208,2467.890917000002,7774.253237776485
1776286050,200,GET,GET /v1/timeline/home,148.400000,0.000000,490,550,580,600,670,740,810,880,1000,1000,1000,14078,0,470.0,478.95588547130325,75.44191699999914,1950.8969999999977,10842.2942889615
1776286050,200,GET,GET /v1/timeline/user/:id,58.800000,0.000000,440,490,540,560,630,680,750,790,990,990,990,5596,0,440.0,442.21961833309547,74.75200000000015,2064.130249999998,11229.844353109364
1776286050,200,POST,POST /v1/tweets,31.100000,0.000000,91,98,100,110,120,130,150,160,200,200,200,2849,0,95,113.52526835977538,63.10004200000208,1680.78225,214.46788346788347
1776286050,200,POST,POST /v1/tweets/:id/like,56.300000,0.000000,94,100,110,120,130,140,180,200,240,240,240,5305,0,98,115.49392426107465,66.96416700000185,2467.890917000002,0.0
1776286050,200,,Aggregated,294.600000,0.000000,410,480,530,550,630,680,780,840,1000,1000,1000,27828,0,400.0,364.86742481022657,63.10004200000208,2467.890917000002,7765.238141440276
1776286051,200,GET,GET /v1/timeline/home,149.000000,0.000000,480,540,570,590,660,710,800,850,1000,1000,1000,14233,0,470.0,478.6799638924332,75.44191699999914,1950.8969999999977,10841.137427106021
1776286051,200,GET,GET /v1/timeline/user/:id,56.500000,0.000000,440,490,530,550,610,670,730,790,990,990,990,5660,0,440.0,441.9151173482333,74.75200000000015,2064.130249999998,11229.239752650177
1776286051,200,POST,POST /v1/tweets,30.800000,0.000000,92,99,110,110,130,140,160,180,200,200,200,2878,0,95,113.38946344892287,63.10004200000208,1680.78225,214.4683808200139
1776286051,200,POST,POST /v1/tweets/:id/like,57.000000,0.000000,95,100,110,120,130,140,180,200,240,240,240,5367,0,98,115.31374301211122,66.96416700000185,2467.890917000002,0.0
1776286051,200,,Aggregated,293.300000,0.000000,410,470,520,550,610,670,750,810,1000,1000,1000,28138,0,400.0,364.61423074930644,63.10004200000208,2467.890917000002,7764.469614045063
1776286052,200,GET,GET /v1/timeline/home,150.900000,0.000000,490,540,570,590,670,720,800,850,1000,1000,1000,14394,0,470.0,478.68451754196207,75.44191699999914,1950.8969999999977,10839.93796026122
1776286052,200,GET,GET /v1/timeline/user/:id,57.100000,0.000000,430,480,530,550,600,660,730,790,990,990,990,5712,0,430.0,441.44193438235294,74.75200000000015,2064.130249999998,11228.852766106442
1776286052,200,POST,POST /v1/tweets,30.300000,0.000000,91,98,100,110,130,140,160,180,200,200,200,2909,0,94,113.12557134926098,63.10004200000208,1680.78225,214.46785837057408
1776286052,200,POST,POST /v1/tweets/:id/like,59.600000,0.000000,94,100,110,120,130,140,180,200,240,240,240,5433,0,98,115.09304204215002,66.96416700000185,2467.890917000002,0.0
1776286052,200,,Aggregated,297.900000,0.000000,400,470,520,550,610,680,760,810,1000,1000,1000,28448,0,400.0,364.3870943180889,63.10004200000208,2467.890917000002,7761.2894052305965
1776286053,200,GET,GET /v1/timeline/home,151.800000,0.000000,490,540,570,590,660,710,770,840,990,1000,1000,14534,0,470.0,478.93216903158185,75.44191699999914,1950.8969999999977,10838.929750928857
1776286053,200,GET,GET /v1/timeline/user/:id,57.400000,0.000000,430,490,540,560,610,670,750,790,990,990,990,5774,0,430.0,441.5356408143403,74.75200000000015,2064.130249999998,11228.086941461725
1776286053,200,POST,POST /v1/tweets,30.500000,0.000000,90,98,100,110,120,140,150,180,200,200,200,2944,0,94,112.85341893512229,63.10004200000208,1680.78225,214.4663722826087
1776286053,200,POST,POST /v1/tweets/:id/like,61.100000,0.000000,93,100,110,120,130,140,170,200,240,240,240,5486,0,98,114.92279766660607,66.96416700000185,2467.890917000002,0.0
1776286053,200,,Aggregated,300.800000,0.000000,400,470,520,540,610,670,750,790,990,1000,1000,28738,0,400.0,364.4280697373161,63.10004200000208,2467.890917000002,7759.59941540817
1776286054,200,GET,GET /v1/timeline/home,152.900000,0.000000,490,540,570,600,670,720,810,880,990,1000,1000,14680,0,470.0,479.4843682697555,75.44191699999914,1950.8969999999977,10837.863079019073
1776286054,200,GET,GET /v1/timeline/user/:id,56.800000,0.000000,440,500,540,570,610,680,760,790,990,990,990,5833,0,440.0,442.1264077545003,74.75200000000015,2064.130249999998,11227.607406137493
1776286054,200,POST,POST /v1/tweets,29.400000,0.000000,90,98,100,110,120,140,160,180,200,200,200,2971,0,94,112.74178864119827,63.10004200000208,1680.78225,214.46650959272972
1776286054,200,POST,POST /v1/tweets/:id/like,61.400000,0.000000,93,100,110,120,130,140,190,210,290,290,290,5527,0,98,114.83988092491428,66.96416700000185,2467.890917000002,0.0
1776286054,200,,Aggregated,300.500000,0.000000,400,480,520,550,620,680,760,830,990,1000,1000,29011,0,400.0,364.94535653914045,63.10004200000208,2467.890917000002,7763.525697149357
1776286055,200,GET,GET /v1/timeline/home,152.700000,0.000000,490,540,570,600,670,720,800,880,990,1000,1000,14833,0,470.0,479.6491248539076,75.44191699999914,1950.8969999999977,10836.806512505898
1776286055,200,GET,GET /v1/timeline/user/:id,55.800000,0.000000,440,490,540,570,610,680,760,790,990,990,990,5883,0,440.0,442.3954070304265,74.75200000000015,2064.130249999998,11226.89665136835
1776286055,200,POST,POST /v1/tweets,30.200000,0.000000,90,98,110,110,130,140,160,180,200,200,200,3004,0,94,112.55363063548602,63.10004200000208,1680.78225,214.4647137150466
1776286055,200,POST,POST /v1/tweets/:id/like,61.300000,0.000000,93,100,110,120,130,150,190,210,290,290,290,5588,0,97,114.66885870848265,66.96416700000185,2467.890917000002,0.0
1776286055,200,,Aggregated,300.000000,0.000000,410,480,520,550,620,680,760,820,990,1000,1000,29308,0,400.0,364.95592798587427,63.10004200000208,2467.890917000002,7760.148628360857
1776286056,200,GET,GET /v1/timeline/home,153.100000,0.000000,480,540,580,600,670,720,790,870,990,1000,1000,14991,0,470.0,480.0317364054438,75.44191699999914,1950.8969999999977,10835.702754986325
1776286056,200,GET,GET /v1/timeline/user/:id,55.900000,0.000000,450,500,540,570,620,690,780,800,990,990,990,5942,0,440.0,442.7888407908111,74.75200000000015,2064.130249999998,11226.471390104341
1776286056,200,POST,POST /v1/tweets,29.400000,0.000000,90,99,110,110,130,140,160,180,200,200,200,3034,0,94,112.40684823764008,63.10004200000208,1680.78225,214.46308503625576
1776286056,200,POST,POST /v1/tweets/:id/like,60.300000,0.000000,94,110,110,120,130,150,200,220,290,290,290,5647,0,98,114.63529746750504,66.96416700000185,2467.890917000002,0.0
1776286056,200,,Aggregated,298.700000,0.000000,410,470,520,550,630,680,760,800,990,1000,1000,29614,0,400.0,365.2189827373875,63.10004200000208,2467.890917000002,7759.721550617951
1776286057,200,GET,GET /v1/timeline/home,153.400000,0.000000,470,530,570,590,660,710,780,850,990,1000,1000,15142,0,470.0,480.21554674541045,75.44191699999914,1950.8969999999977,10834.713644168538
1776286057,200,GET,GET /v1/timeline/user/:id,55.500000,0.000000,450,500,530,560,610,680,750,790,990,990,990,5993,0,440.0,443.129507463207,74.75200000000015,2064.130249999998,11226.327048222927
1776286057,200,POST,POST /v1/tweets,29.400000,0.000000,91,100,110,110,130,150,160,180,200,200,200,3058,0,94,112.31546763047744,63.10004200000208,1680.78225,214.46206671026815
1776286057,200,POST,POST /v1/tweets/:id/like,58.800000,0.000000,94,110,120,120,130,160,200,220,290,290,290,5704,0,97,114.50107005487398,66.96416700000185,2467.890917000002,0.0
1776286057,200,,Aggregated,297.100000,0.000000,410,470,520,540,620,680,750,790,990,1000,1000,29897,0,400.0,365.3769191107133,63.10004200000208,2467.890917000002,7759.789845134964
1776286058,200,GET,GET /v1/timeline/home,151.200000,0.000000,480,540,570,600,670,720,780,810,990,1000,1000,15291,0,480.0,481.07986924400007,75.44191699999914,1950.8969999999977,10833.71898502387
1776286058,200,GET,GET /v1/timeline/user/:id,54.900000,0.000000,450,500,530,560,610,680,740,790,990,990,990,6041,0,440.0,443.3708747546764,74.75200000000015,2064.130249999998,11225.449428902499
1776286058,200,POST,POST /v1/tweets,29.900000,0.000000,90,99,110,110,130,140,160,180,200,200,200,3093,0,94,112.0533913174911,63.10004200000208,1680.78225,214.46362754607176
1776286058,200,POST,POST /v1/tweets/:id/like,58.800000,0.000000,93,110,120,120,130,150,200,220,290,290,290,5762,0,97,114.28597931360663,66.96416700000185,2467.890917000002,0.0
1776286058,200,,Aggregated,294.800000,0.000000,410,480,520,550,620,680,750,790,990,1000,1000,30187,0,400.0,365.71016288975386,63.10004200000208,2467.890917000002,7756.14247855037
1776286059,200,GET,GET /v1/timeline/home,151.500000,0.000000,490,550,580,600,670,730,780,810,980,990,990,15444,0,480.0,481.63415320843075,75.44191699999914,1950.8969999999977,10832.738927738928
1776286059,200,GET,GET /v1/timeline/user/:id,55.300000,0.000000,450,500,530,560,610,680,740,780,850,850,850,6105,0,440.0,443.55733422391455,74.75200000000015,2064.130249999998,11224.625225225225
1776286059,200,POST,POST /v1/tweets,29.300000,0.000000,88,98,110,110,120,140,150,170,200,200,200,3124,0,94,111.84852763892444,63.10004200000208,1680.78225,214.46478873239437
1776286059,200,POST,POST /v1/tweets/:id/like,59.900000,0.000000,93,100,110,120,130,140,170,200,290,290,290,5810,0,97,114.1471308543892,66.96416700000185,2467.890917000002,0.0
1776286059,200,,Aggregated,296.000000,0.000000,420,480,530,560,630,680,760,790,950,990,990,30483,0,400.0,366.0691210903127,63.10004200000208,2467.890917000002,7758.329068661221
1776286060,200,GET,GET /v1/timeline/home,153.300000,0.000000,500,560,600,620,680,740,790,820,980,990,990,15571,0,480.0,482.2820531802711,75.44191699999914,1950.8969999999977,10831.948365551345
1776286060,200,GET,GET /v1/timeline/user/:id,53.700000,0.000000,460,500,540,570,620,680,740,780,850,850,850,6159,0,440.0,444.0110396733233,74.75200000000015,2064.130249999998,11224.14775125832
1776286060,200,POST,POST /v1/tweets,29.600000,0.000000,88,97,100,110,120,140,150,160,200,200,200,3150,0,94,111.77045082412694,63.10004200000208,1680.78225,214.46698412698413
1776286060,200,POST,POST /v1/tweets/:id/like,59.900000,0.000000,92,100,110,120,130,140,180,200,290,290,290,5868,0,97,114.01846882361983,66.96416700000185,2467.890917000002,0.0
1776286060,200,,Aggregated,296.500000,0.000000,430,500,540,570,640,700,760,790,950,990,990,30748,0,400.0,366.37879337098343,63.10004200000208,2467.890917000002,7755.605730454014
1776286061,200,GET,GET /v1/timeline/home,152.300000,0.000000,510,570,600,630,690,750,790,820,980,990,990,15704,0,480.0,482.7135362372643,75.44191699999914,1950.8969999999977,10831.115511971473
1776286061,200,GET,GET /v1/timeline/user/:id,55.100000,0.000000,460,510,540,570,620,680,740,780,850,850,850,6227,0,440.0,444.0502529267702,74.75200000000015,2064.130249999998,11223.70483378834
1776286061,200,POST,POST /v1/tweets,30.100000,0.000000,88,98,110,110,130,140,160,170,200,200,200,3182,0,94,111.66268061596482,63.10004200000208,1680.78225,214.46731615336267
1776286061,200,POST,POST /v1/tweets/:id/like,58.400000,0.000000,93,100,110,120,130,140,180,200,290,290,290,5933,0,97,113.88567766087999,66.96416700000185,2467.890917000002,0.0
1776286061,200,,Aggregated,295.900000,0.000000,440,500,550,570,650,710,760,790,950,990,990,31046,0,400.0,366.44426571303836,63.10004200000208,2467.890917000002,7751.861205952458
1776286062,200,GET,GET /v1/timeline/home,149.400000,0.000000,510,570,600,630,690,750,790,830,980,990,990,15851,0,480.0,482.97530854141667,75.44191699999914,1950.8969999999977,10830.268878935083
1776286062,200,GET,GET /v1/timeline/user/:id,55.500000,0.000000,470,510,540,570,620,680,740,780,850,850,850,6288,0,440.0,444.25555394195254,74.75200000000015,2064.130249999998,11223.239503816794
1776286062,200,POST,POST /v1/tweets,30.300000,0.000000,88,100,110,110,130,150,160,170,200,200,200,3212,0,94,111.604685882939,63.10004200000208,1680.78225,214.46513075965132
1776286062,200,POST,POST /v1/tweets/:id/like,56.500000,0.000000,93,100,110,120,130,140,180,200,290,290,290,5990,0,97,113.70961171702854,66.96416700000185,2467.890917000002,0.0
1776286062,200,,Aggregated,291.700000,0.000000,440,500,550,570,650,710,770,790,950,990,990,31341,0,400.0,366.5714356312178,63.10004200000208,2467.890917000002,7751.226316964998
1776286063,200,GET,GET /v1/timeline/home,148.300000,0.000000,520,570,610,640,690,740,780,810,980,990,990,16000,0,480.0,483.65038912668695,75.44191699999914,1950.8969999999977,10829.3520625
1776286063,200,GET,GET /v1/timeline/user/:id,55.600000,0.000000,460,500,540,560,620,670,740,770,850,850,850,6352,0,440.0,444.15967721079926,74.75200000000015,2064.130249999998,11222.773142317381
1776286063,200,POST,POST /v1/tweets,29.900000,0.000000,88,100,110,120,130,140,160,170,180,180,180,3236,0,94,111.4636467642151,63.10004200000208,1680.78225,214.46631644004944
1776286063,200,POST,POST /v1/tweets/:id/like,56.100000,0.000000,92,100,110,120,130,140,160,180,240,240,240,6037,0,97,113.50820075799258,66.96416700000185,2467.890917000002,0.0
1776286063,200,,Aggregated,289.900000,0.000000,440,500,550,580,650,700,760,790,950,990,990,31625,0,400.0,366.97719729881436,63.10004200000208,2467.890917000002,7754.962877470356
1776286064,200,GET,GET /v1/timeline/home,147.000000,0.000000,530,580,620,650,700,750,780,810,880,950,950,16154,0,480.0,484.3063934824806,75.44191699999914,1950.8969999999977,10828.457595641947
1776286064,200,GET,GET /v1/timeline/user/:id,56.700000,0.000000,470,510,540,560,620,670,720,760,850,850,850,6416,0,440.0,444.53055917845967,74.75200000000015,2064.130249999998,11222.42690149626
1776286064,200,POST,POST /v1/tweets,30.500000,0.000000,89,100,110,120,130,140,160,180,180,180,180,3265,0,94,111.3910056952527,63.10004200000208,1680.78225,214.46493108728944
1776286064,200,POST,POST /v1/tweets/:id/like,55.600000,0.000000,91,100,110,120,130,140,180,180,240,240,240,6083,0,97,113.42660646720384,66.96416700000185,2467.890917000002,0.0
1776286064,200,,Aggregated,289.800000,0.000000,440,510,560,580,660,700,760,790,880,950,950,31918,0,400.0,367.4810210144749,63.10004200000208,2467.890917000002,7758.1998558806945
1776286065,200,GET,GET /v1/timeline/home,144.700000,0.000000,540,590,630,650,700,760,790,830,950,1100,1100,16284,0,480.0,484.96771735906344,75.44191699999914,1950.8969999999977,10827.699766642103
1776286065,200,GET,GET /v1/timeline/user/:id,57.700000,0.000000,460,510,540,560,620,680,730,780,850,850,850,6478,0,440.0,444.61597228141386,74.75200000000015,2064.130249999998,11222.002161160852
1776286065,200,POST,POST /v1/tweets,29.000000,0.000000,88,100,110,120,130,140,160,180,180,180,180,3289,0,94,111.2073698352083,63.10004200000208,1680.78225,214.4642748555792
1776286065,200,POST,POST /v1/tweets/:id/like,55.300000,0.000000,92,100,110,120,130,140,180,180,240,240,240,6145,0,97,113.28337808787651,66.96416700000185,2467.890917000002,0.0
1776286065,200,,Aggregated,286.700000,0.000000,450,520,560,590,660,720,770,790,880,1100,1100,32196,0,400.0,367.72654912573046,63.10004200000208,2467.890917000002,7756.23574357063
1776286066,200,GET,GET /v1/timeline/home,145.800000,0.000000,530,590,630,660,700,760,800,850,950,1100,1100,16420,0,480.0,485.24033749591894,75.44191699999914,1950.8969999999977,10826.936358099878
1776286066,200,GET,GET /v1/timeline/user/:id,57.300000,0.000000,460,510,540,570,630,690,770,810,980,980,980,6544,0,440.0,445.41442807992047,74.75200000000015,2064.130249999998,11221.583129584353
1776286066,200,POST,POST /v1/tweets,28.800000,0.000000,89,100,110,120,130,140,160,180,180,180,180,3320,0,94,111.09452113885548,63.10004200000208,1680.78225,214.46415662650602
1776286066,200,POST,POST /v1/tweets/:id/like,55.100000,0.000000,92,100,110,110,130,140,160,180,200,200,200,6195,0,97,113.17141342711876,66.96416700000185,2467.890917000002,0.0
1776286066,200,,Aggregated,287.000000,0.000000,440,520,560,590,670,720,780,810,950,1100,1100,32479,0,400.0,368.00298886665297,63.10004200000208,2467.890917000002,7756.530558206841
1776286067,200,GET,GET /v1/timeline/home,144.100000,0.000000,530,590,630,650,700,760,810,850,950,1100,1100,16563,0,480.0,485.37712046084545,75.44191699999914,1950.8969999999977,10826.120509569522
1776286067,200,GET,GET /v1/timeline/user/:id,58.300000,0.000000,460,510,540,570,640,690,780,810,980,980,980,6602,0,440.0,445.7559896720687,74.75200000000015,2064.130249999998,11221.352317479552
1776286067,200,POST,POST /v1/tweets,28.600000,0.000000,90,100,110,120,130,140,170,180,210,210,210,3355,0,94,111.0078425529062,63.10004200000208,1680.78225,214.4655737704918
1776286067,200,POST,POST /v1/tweets/:id/like,55.900000,0.000000,92,100,110,110,130,140,160,180,190,190,190,6252,0,97,113.07667801167634,66.96416700000185,2467.890917000002,0.0
1776286067,200,,Aggregated,286.900000,0.000000,440,510,560,590,670,720,780,820,950,1100,1100,32772,0,400.0,368.0449466832062,63.10004200000208,2467.890917000002,7754.056328573172
1776286068,200,GET,GET /v1/timeline/home,144.100000,0.000000,530,590,630,650,700,750,800,850,940,1100,1100,16726,0,480.0,485.86984580557055,75.44191699999914,1950.8969999999977,10825.192992945116
1776286068,200,GET,GET /v1/timeline/user/:id,59.900000,0.000000,460,510,540,570,630,690,770,800,980,980,980,6662,0,440.0,445.9935463357845,74.75200000000015,2064.130249999998,11220.531522065447
1776286068,200,POST,POST /v1/tweets,28.600000,0.000000,91,100,110,120,130,140,170,180,210,210,210,3383,0,94,110.90604386313929,63.10004200000208,1680.78225,214.4670410877919
1776286068,200,POST,POST /v1/tweets/:id/like,55.600000,0.000000,92,100,110,110,130,140,160,180,190,190,190,6311,0,97,112.91443790746321,66.96416700000185,2467.890917000002,0.0
1776286068,200,,Aggregated,288.200000,0.000000,440,520,560,590,660,720,770,810,950,1100,1100,33082,0,400.0,368.34732515132214,63.10004200000208,2467.890917000002,7754.6369929266675
1776286069,200,GET,GET /v1/timeline/home,142.900000,0.000000,530,580,620,650,690,750,790,850,940,1100,1100,16851,0,480.0,485.9714165674426,75.44191699999914,1950.8969999999977,10824.534923743398
1776286069,200,GET,GET /v1/timeline/user/:id,60.300000,0.000000,460,510,540,560,630,690,760,800,980,980,980,6719,0,440.0,445.9876093390379,74.75200000000015,2064.130249999998,11220.188867390982
1776286069,200,POST,POST /v1/tweets,28.500000,0.000000,90,100,110,120,130,140,170,180,210,210,210,3409,0,94,110.72673523965979,63.10004200000208,1680.78225,214.46582575535348
1776286069,200,POST,POST /v1/tweets/:id/like,54.500000,0.000000,92,99,110,110,130,140,150,160,190,190,190,6359,0,97,112.7598877590816,64.36937499998407,2467.890917000002,0.0
1776286069,200,,Aggregated,286.200000,0.000000,440,510,560,580,660,700,770,800,950,1100,1100,33338,0,400.0,368.35451000117115,63.10004200000208,2467.890917000002,7754.628382026516
1776286070,200,GET,GET /v1/timeline/home,142.200000,0.000000,530,590,630,650,700,770,850,880,1200,1200,1200,17019,0,480.0,487.13722494212226,75.44191699999914,1950.8969999999977,10823.661672248663
1776286070,200,GET,GET /v1/timeline/user/:id,62.200000,0.000000,460,510,540,560,630,690,760,800,980,980,980,6774,0,440.0,446.3423716389129,74.75200000000015,2064.130249999998,11219.896220844405
1776286070,200,POST,POST /v1/tweets,29.500000,0.000000,89,99,110,110,130,140,170,180,210,210,210,3439,0,94,110.55421753416701,63.10004200000208,1680.78225,214.46583309101484
1776286070,200,POST,POST /v1/tweets/:id/like,53.900000,0.000000,92,99,110,110,130,140,150,160,190,190,190,6408,0,97,112.62111610627336,64.36937499998407,2467.890917000002,0.0
1776286070,200,,Aggregated,287.800000,0.000000,440,520,560,590,670,720,790,850,1100,1200,1200,33640,0,400.0,369.0839394435506,63.10004200000208,2467.890917000002,7757.105321046373
1776286071,200,GET,GET /v1/timeline/home,142.200000,0.000000,540,590,630,660,700,770,850,880,1200,1200,1200,17170,0,480.0,487.68964170320197,75.44191699999914,1950.8969999999977,10822.851834595223
1776286071,200,GET,GET /v1/timeline/user/:id,62.200000,0.000000,450,500,540,560,630,690,760,800,980,980,980,6833,0,440.0,446.2191664210441,74.75200000000015,2064.130249999998,11219.537831113714
1776286071,200,POST,POST /v1/tweets,28.500000,0.000000,89,98,100,110,120,130,140,180,210,210,210,3471,0,94,110.37971205877281,63.10004200000208,1680.78225,214.46384327283204
1776286071,200,POST,POST /v1/tweets/:id/like,55.000000,0.000000,91,98,110,110,130,140,150,160,190,190,190,6462,0,96,112.50404950247594,64.36937499998407,2467.890917000002,0.0
1776286071,200,,Aggregated,287.900000,0.000000,440,520,560,590,670,720,790,850,1100,1200,1200,33936,0,400.0,369.3062193729387,63.10004200000208,2467.890917000002,7756.832626119754
1776286072,200,GET,GET /v1/timeline/home,142.500000,0.000000,540,600,640,660,720,780,860,880,1200,1200,1200,17319,0,480.0,488.32833976915407,75.44191699999914,1950.8969999999977,10822.084358219297
1776286072,200,GET,GET /v1/timeline/user/:id,61.600000,0.000000,460,510,540,560,630,690,760,800,980,980,980,6893,0,440.0,446.3820344717822,74.75200000000015,2064.130249999998,11218.838241694473
1776286072,200,POST,POST /v1/tweets,28.300000,0.000000,89,97,100,110,120,130,160,190,210,210,210,3507,0,94,110.22030701996025,63.10004200000208,1680.78225,214.46535500427717
1776286072,200,POST,POST /v1/tweets/:id/like,54.100000,0.000000,92,98,100,110,130,140,160,180,190,190,190,6528,0,96,112.34550973560043,64.36937499998407,2467.890917000002,0.0
1776286072,200,,Aggregated,286.500000,0.000000,440,520,570,600,670,730,800,870,1100,1200,1200,34247,0,410.0,369.49817456562744,63.10004200000208,2467.890917000002,7752.832686074693
1776286073,200,GET,GET /v1/timeline/home,142.400000,0.000000,530,580,630,650,710,770,850,910,1200,1200,1200,17463,0,480.0,488.234784558666,75.44191699999914,1950.8969999999977,10821.330470136862
1776286073,200,GET,GET /v1/timeline/user/:id,60.700000,0.000000,460,510,540,570,630,690,760,800,980,980,980,6945,0,440.0,446.2741405726414,74.75200000000015,2064.130249999998,11218.11072714183
1776286073,200,POST,POST /v1/tweets,28.300000,0.000000,90,97,100,110,120,130,160,190,210,210,210,3535,0,93,110.09267516831697,63.10004200000208,1680.78225,214.46591230551627
1776286073,200,POST,POST /v1/tweets/:id/like,53.500000,0.000000,91,98,110,110,130,140,160,180,190,190,190,6594,0,96,112.16428866712155,64.36937499998407,2467.890917000002,0.0
1776286073,200,,Aggregated,284.900000,0.000000,430,520,560,580,670,730,800,860,1100,1200,1200,34537,0,410.0,369.2911044739278,63.10004200000208,2467.890917000002,7749.393693719779
1776286074,200,GET,GET /v1/timeline/home,142.700000,0.000000,530,580,630,650,700,770,850,910,1200,1200,1200,17581,0,480.0,488.7998141524936,75.44191699999914,1950.8969999999977,10820.725385359194
1776286074,200,GET,GET /v1/timeline/user/:id,60.200000,0.000000,450,510,540,560,620,690,760,800,980,980,980,7013,0,440.0,446.01653822443967,74.75200000000015,2064.130249999998,11217.415086268358
1776286074,200,POST,POST /v1/tweets,28.700000,0.000000,90,97,100,110,120,130,150,190,210,210,210,3555,0,93,109.99906354092842,63.10004200000208,1680.78225,214.4661040787623
1776286074,200,POST,POST /v1/tweets/:id/like,52.700000,0.000000,91,97,100,110,120,140,150,160,190,190,190,6651,0,96,111.98163981220863,64.36937499998407,2467.890917000002,0.0
1776286074,200,,Aggregated,284.300000,0.000000,430,510,560,580,660,720,790,860,1100,1200,1200,34800,0,410.0,369.46379518569114,63.10004200000208,2467.890917000002,7749.118735632184
1776286075,200,GET,GET /v1/timeline/home,145.400000,0.000000,540,590,640,660,730,780,870,900,1200,1200,1200,17746,0,480.0,489.77673916178236,75.44191699999914,1950.8969999999977,10819.929167136255
1776286075,200,GET,GET /v1/timeline/user/:id,58.700000,0.000000,450,500,540,560,600,680,740,760,880,880,880,7074,0,440.0,446.25422390429685,74.75200000000015,2064.130249999998,11216.826972010178
1776286075,200,POST,POST /v1/tweets,29.800000,0.000000,89,96,100,100,120,130,150,190,210,210,210,3577,0,93,109.84788588370158,63.10004200000208,1680.78225,214.46631255241823
1776286075,200,POST,POST /v1/tweets/:id/like,54.000000,0.000000,90,96,100,100,120,140,150,160,190,190,190,6694,0,96,111.81528361487896,64.36937499998407,2467.890917000002,0.0
1776286075,200,,Aggregated,287.900000,0.000000,430,520,570,590,670,740,810,870,1100,1200,1200,35091,0,410.0,370.1746256700593,63.10004200000208,2467.890917000002,7754.850047020604
1776286076,200,GET,GET /v1/timeline/home,144.100000,0.000000,540,590,630,650,720,780,870,910,1200,1200,1200,17897,0,480.0,489.9195256303843,75.44191699999914,1950.8969999999977,10819.188020338604
1776286076,200,GET,GET /v1/timeline/user/:id,58.700000,0.000000,440,490,540,550,600,660,710,750,790,790,790,7128,0,440.0,446.1754669884954,74.75200000000015,2064.130249999998,11216.224466891133
1776286076,200,POST,POST /v1/tweets,29.200000,0.000000,89,95,100,100,120,130,130,160,190,190,190,3610,0,93,109.70868003545722,63.10004200000208,1680.78225,214.4662049861496
1776286076,200,POST,POST /v1/tweets/:id/like,56.500000,0.000000,90,96,100,100,120,130,140,150,190,190,190,6767,0,96,111.64125484779076,64.36937499998407,2467.890917000002,0.0
1776286076,200,,Aggregated,288.500000,0.000000,430,520,560,590,660,730,810,870,1100,1200,1200,35402,0,410.0,370.03426883746823,63.10004200000208,2467.890917000002,7749.688689904525
1776286077,200,GET,GET /v1/timeline/home,143.400000,0.000000,530,580,630,650,720,780,870,910,1200,1200,1200,18058,0,480.0,489.7250665956355,75.44191699999914,1950.8969999999977,10818.455366042752
1776286077,200,GET,GET /v1/timeline/user/:id,58.700000,0.000000,440,490,530,550,590,660,690,740,770,770,770,7174,0,440.0,446.1490438019229,74.75200000000015,2064.130249999998,11215.958321717313
1776286077,200,POST,POST /v1/tweets,28.900000,0.000000,89,95,100,100,120,130,150,160,190,190,190,3638,0,93,109.69107841203972,63.10004200000208,1680.78225,214.46509070918086
1776286077,200,POST,POST /v1/tweets/:id/like,55.700000,0.000000,90,96,100,110,120,130,150,180,210,210,210,6834,0,96,111.55836024714658,64.36937499998407,2467.890917000002,0.0
1776286077,200,,Aggregated,286.700000,0.000000,430,520,560,580,660,730,820,870,1100,1200,1200,35704,0,410.0,369.86260559071934,63.10004200000208,2467.890917000002,7747.120098588393
1776286078,200,GET,GET /v1/timeline/home,145.500000,0.000000,540,580,630,650,730,790,870,910,1200,1200,1200,18208,0,480.0,490.09783590515093,75.44191699999914,1950.8969999999977,10817.755876537785
1776286078,200,GET,GET /v1/timeline/user/:id,57.500000,0.000000,430,490,530,540,590,650,690,720,770,770,770,7225,0,440.0,445.54099193550115,74.75200000000015,2064.130249999998,11215.503944636679
1776286078,200,POST,POST /v1/tweets,28.600000,0.000000,89,95,100,100,120,130,150,160,190,190,190,3665,0,93,109.57519735552539,63.10004200000208,1680.78225,214.46657571623464
1776286078,200,POST,POST /v1/tweets/:id/like,54.900000,0.000000,90,96,100,110,120,130,150,180,210,210,210,6882,0,96,111.41377073917464,64.36937499998407,2467.890917000002,0.0
1776286078,200,,Aggregated,286.500000,0.000000,430,520,560,580,660,740,830,870,1100,1200,1200,35980,0,410.0,369.9576912570886,63.10004200000208,2467.890917000002,7748.4084213451915
1776286079,200,GET,GET /v1/timeline/home,146.800000,0.000000,540,590,630,660,730,780,870,900,1200,1200,1200,18365,0,490.0,490.9858906137757,75.44191699999914,1950.8969999999977,10817.055540430167
1776286079,200,GET,GET /v1/timeline/user/:id,58.100000,0.000000,430,470,520,540,590,640,700,740,770,770,770,7287,0,440.0,445.544176225195,74.75200000000015,2064.130249999998,11215.040894744065
1776286079,200,POST,POST /v1/tweets,28.600000,0.000000,90,95,100,110,120,130,160,170,190,190,190,3685,0,93,109.5283163655361,63.10004200000208,1680.78225,214.46648575305292
1776286079,200,POST,POST /v1/tweets/:id/like,56.800000,0.000000,90,96,100,110,120,130,150,180,210,210,210,6934,0,96,111.2986306279204,64.36937499998407,2467.890917000002,0.0
1776286079,200,,Aggregated,290.300000,0.000000,430,520,560,590,670,740,800,870,1100,1200,1200,36271,0,410.0,370.51619320823943,63.10004200000208,2467.890917000002,7751.910258884508
1776286080,200,GET,GET /v1/timeline/home,146.500000,0.000000,530,580,630,650,720,780,860,900,1000,1100,1100,18516,0,490.0,491.1880960722077,75.44191699999914,1950.8969999999977,10816.388852883993
1776286080,200,GET,GET /v1/timeline/user/:id,56.500000,0.000000,430,480,530,550,600,660,710,750,800,800,800,7340,0,440.0,446.01614271539444,74.75200000000015,2064.130249999998,11214.657765667574
1776286080,200,POST,POST /v1/tweets,28.300000,0.000000,91,98,110,110,120,140,160,170,190,190,190,3714,0,93,109.51677411254728,63.10004200000208,1680.78225,214.46742057081315
1776286080,200,POST,POST /v1/tweets/:id/like,58.000000,0.000000,90,98,100,110,120,150,200,240,260,260,260,6986,0,96,111.41508399241334,64.36937499998407,2467.890917000002,0.0
1776286080,200,,Aggregated,289.300000,0.000000,430,520,560,580,670,730,800,860,990,1100,1100,36556,0,410.0,370.7650823456903,63.10004200000208,2467.890917000002,7752.171353539775
1776286081,200,GET,GET /v1/timeline/home,147.000000,0.000000,520,570,610,640,710,770,860,890,1000,1100,1100,18683,0,490.0,490.76377078649097,75.44191699999914,1950.8969999999977,10815.655729807846
1776286081,200,GET,GET /v1/timeline/user/:id,55.400000,0.000000,430,480,520,550,600,650,700,750,800,800,800,7390,0,440.0,445.85249751840274,74.75200000000015,2064.130249999998,11214.131258457375
1776286081,200,POST,POST /v1/tweets,27.600000,0.000000,94,100,110,120,140,170,280,340,380,380,380,3759,0,94,110.03393760973675,63.10004200000208,1680.78225,214.4676775738228
1776286081,200,POST,POST /v1/tweets/:id/like,57.100000,0.000000,91,100,110,110,140,210,250,280,410,410,410,7045,0,96,111.85373638310853,64.36937499998407,2467.890917000002,0.0
1776286081,200,,Aggregated,287.100000,0.000000,420,500,550,580,660,720,790,860,990,1100,1100,36877,0,410.0,370.56747106757786,63.10004200000208,2467.890917000002,7748.66475038642
1776286082,200,GET,GET /v1/timeline/home,147.400000,0.000000,510,570,600,630,700,760,850,880,1000,1100,1100,18831,0,490.0,490.38679165227603,75.44191699999914,1950.8969999999977,10815.019011204928
1776286082,200,GET,GET /v1/timeline/user/:id,55.600000,0.000000,430,480,520,550,600,660,720,770,860,860,860,7437,0,440.0,445.98912099327634,74.75200000000015,2064.130249999998,11213.51700954686
1776286082,200,POST,POST /v1/tweets,27.100000,0.000000,98,110,120,130,180,250,330,340,380,380,380,3783,0,94,110.65056651969347,63.10004200000208,1680.78225,214.46761829236056
1776286082,200,POST,POST /v1/tweets/:id/like,57.400000,0.000000,94,110,120,130,210,250,310,340,410,410,410,7101,0,96,112.64879415871002,64.36937499998407,2467.890917000002,0.0
1776286082,200,,Aggregated,287.500000,0.000000,420,490,550,570,650,710,780,850,990,1100,1100,37152,0,410.0,370.6342847463411,63.10004200000208,2467.890917000002,7748.274117140396
1776286083,200,GET,GET /v1/timeline/home,150.400000,0.000000,500,560,600,630,700,760,850,880,1000,1100,1100,18996,0,480.0,489.8969792833234,75.44191699999914,1950.8969999999977,10814.271583491261
1776286083,200,GET,GET /v1/timeline/user/:id,55.800000,0.000000,430,480,510,550,610,660,740,770,860,860,860,7505,0,440.0,445.9542718954023,74.75200000000015,2064.130249999998,11213.218520986009
1776286083,200,POST,POST /v1/tweets,27.900000,0.000000,99,110,120,140,200,250,330,370,410,410,410,3828,0,94,110.79649837304083,63.10004200000208,1680.78225,214.46708463949844
1776286083,200,POST,POST /v1/tweets/:id/like,57.300000,0.000000,96,110,120,130,220,260,320,350,460,460,460,7162,0,96,112.74295514395418,64.36937499998407,2467.890917000002,0.0
1776286083,200,,Aggregated,291.400000,0.000000,410,490,540,570,650,710,780,850,990,1100,1100,37491,0,410.0,370.3439190620166,63.10004200000208,2467.890917000002,7745.968045664293
1776286084,200,GET,GET /v1/timeline/home,151.800000,0.000000,500,550,590,620,700,760,820,890,1000,1100,1100,19125,0,480.0,490.2878996803139,75.44191699999914,1950.8969999999977,10813.75074509804
1776286084,200,GET,GET /v1/timeline/user/:id,54.800000,0.000000,440,480,530,570,630,670,740,770,860,860,860,7564,0,440.0,446.47664225079274,74.75200000000015,2064.130249999998,11212.501057641459
1776286084,200,POST,POST /v1/tweets,27.700000,0.000000,99,110,120,140,200,250,330,370,410,410,410,3851,0,94,110.69050818514677,63.10004200000208,1680.78225,214.46767073487405
1776286084,200,POST,POST /v1/tweets/:id/like,57.000000,0.000000,98,110,130,130,220,260,320,350,460,460,460,7219,0,96,112.6813822766311,64.36937499998407,2467.890917000002,0.0
1776286084,200,,Aggregated,291.300000,0.000000,410,490,540,570,650,710,780,840,990,1100,1100,37759,0,410.0,370.60360308925186,63.10004200000208,2467.890917000002,7745.1801159988345
1776286085,200,GET,GET /v1/timeline/home,151.600000,0.000000,490,550,580,610,680,750,800,880,960,990,990,19284,0,490.0,490.6228738164277,75.44191699999914,1950.8969999999977,10813.088985687617
1776286085,200,GET,GET /v1/timeline/user/:id,55.100000,0.000000,430,480,530,560,630,660,740,770,860,860,860,7616,0,440.0,446.3508164100572,74.75200000000015,2064.130249999998,11211.92712710084
1776286085,200,POST,POST /v1/tweets,27.900000,0.000000,99,110,120,130,190,250,330,370,410,410,410,3881,0,94,110.53611523499104,63.10004200000208,1680.78225,214.46792063901057
1776286085,200,POST,POST /v1/tweets/:id/like,56.600000,0.000000,98,110,130,140,220,260,320,350,460,460,460,7268,0,96,112.54324977490373,64.36937499998407,2467.890917000002,0.0
1776286085,200,,Aggregated,291.200000,0.000000,410,480,530,560,640,700,770,800,950,990,990,38049,0,410.0,370.77280136261294,63.10004200000208,2467.890917000002,7746.379536912928
1776286086,200,GET,GET /v1/timeline/home,151.500000,0.000000,490,550,590,620,680,750,800,880,960,990,990,19444,0,490.0,490.88078489071216,75.44191699999914,1950.8969999999977,10812.432729890968
1776286086,200,GET,GET /v1/timeline/user/:id,55.200000,0.000000,440,480,530,560,630,660,740,770,860,860,860,7663,0,440.0,446.3587863685235,74.75200000000015,2064.130249999998,11211.526817173431
1776286086,200,POST,POST /v1/tweets,29.400000,0.000000,100,120,130,150,210,260,330,370,410,410,410,3913,0,94,110.86328891336572,63.10004200000208,1680.78225,214.46869409660107
1776286086,200,POST,POST /v1/tweets/:id/like,55.900000,0.000000,100,120,140,160,240,280,320,350,460,460,460,7325,0,96,112.83375431030719,64.36937499998407,2467.890917000002,0.0
1776286086,200,,Aggregated,292.000000,0.000000,410,490,530,560,640,700,770,800,950,990,990,38345,0,410.0,370.98575201976996,63.10004200000208,2467.890917000002,7745.210275133655
1776286087,200,GET,GET /v1/timeline/home,153.400000,0.000000,490,550,590,620,680,750,800,870,960,990,990,19588,0,490.0,490.5646727203909,75.44191699999914,1950.8969999999977,10811.884112722075
1776286087,200,GET,GET /v1/timeline/user/:id,54.300000,0.000000,430,480,530,560,630,670,740,770,860,860,860,7727,0,440.0,446.4089181745823,74.75200000000015,2064.130249999998,11211.025883266468
1776286087,200,POST,POST /v1/tweets,29.800000,0.000000,110,120,140,160,220,270,330,370,410,410,410,3945,0,94,111.01900158859317,63.10004200000208,1680.78225,214.4684410646388
1776286087,200,POST,POST /v1/tweets/:id/like,56.100000,0.000000,100,130,160,180,240,280,320,350,460,460,460,7377,0,96,113.14933019140568,64.36937499998407,2467.890917000002,0.0
1776286087,200,,Aggregated,293.600000,0.000000,410,480,530,560,650,700,770,800,940,990,990,38637,0,410.0,370.9204930525429,63.10004200000208,2467.890917000002,7745.344126096747
1776286088,200,GET,GET /v1/timeline/home,151.800000,0.000000,480,540,580,600,670,730,790,820,960,990,990,19750,0,480.0,490.3761032996971,75.44191699999914,1950.8969999999977,10811.28764556962
1776286088,200,GET,GET /v1/timeline/user/:id,53.800000,0.000000,450,490,540,570,630,680,740,770,860,860,860,7789,0,440.0,446.4700620251633,74.75200000000015,2064.130249999998,11210.70008987033
1776286088,200,POST,POST /v1/tweets,30.200000,0.000000,110,130,140,160,220,260,330,340,410,410,410,3971,0,94,111.10595286023671,63.10004200000208,1680.78225,214.46864769579452
1776286088,200,POST,POST /v1/tweets/:id/like,56.800000,0.000000,110,140,170,190,250,280,320,350,460,460,460,7450,0,97,113.5106617551677,64.36937499998407,2467.890917000002,0.0
1776286088,200,,Aggregated,292.600000,0.000000,410,470,520,550,630,690,760,790,940,990,990,38960,0,410.0,370.87627110285155,63.10004200000208,2467.890917000002,7743.70454312115
1776286089,200,GET,GET /v1/timeline/home,153.000000,0.000000,460,520,560,580,650,700,770,820,960,990,990,19892,0,480.0,489.8367352646305,75.44191699999914,1950.8969999999977,10810.717072189826
1776286089,200,GET,GET /v1/timeline/user/:id,53.800000,0.000000,430,480,530,560,620,670,740,760,860,860,860,7854,0,440.0,446.1566160066203,74.75200000000015,2064.130249999998,11210.051820728291
1776286089,200,POST,POST /v1/tweets,30.700000,0.000000,110,130,150,170,220,260,330,340,410,410,410,4004,0,94,111.28617566008988,63.10004200000208,1680.78225,214.46903096903097
1776286089,200,POST,POST /v1/tweets/:id/like,55.300000,0.000000,120,150,180,200,250,290,320,350,460,460,460,7512,0,97,113.83120290255583,64.36937499998407,2467.890917000002,0.0
1776286089,200,,Aggregated,292.800000,0.000000,390,460,500,530,610,670,740,780,940,990,990,39262,0,410.0,370.5526015879759,63.10004200000208,2467.890917000002,7741.563471040701
1776286090,200,GET,GET /v1/timeline/home,151.200000,0.000000,450,500,550,570,640,690,760,800,940,960,960,20030,0,480.0,489.34883332556336,75.44191699999914,1950.8969999999977,10810.216325511732
1776286090,200,GET,GET /v1/timeline/user/:id,55.000000,0.000000,430,480,510,540,610,660,740,760,860,860,860,7919,0,440.0,445.9764302459903,74.75200000000015,2064.130249999998,11209.389064275792
1776286090,200,POST,POST /v1/tweets,29.900000,0.000000,120,140,170,180,220,260,330,340,410,410,410,4032,0,94,111.55779082217262,63.10004200000208,1680.78225,214.46949404761904
1776286090,200,POST,POST /v1/tweets/:id/like,54.100000,0.000000,130,150,190,210,250,290,320,350,460,460,460,7587,0,97,114.26734000593115,64.36937499998407,2467.890917000002,0.0
1776286090,200,,Aggregated,290.200000,0.000000,390,450,490,520,590,660,730,770,900,960,960,39568,0,400.0,370.25100596060224,63.10004200000208,2467.890917000002,7737.579003234938
1776286091,200,GET,GET /v1/timeline/home,151.500000,0.000000,450,500,540,560,640,690,760,800,940,960,960,20185,0,480.0,488.86546625434835,75.44191699999914,1950.8969999999977,10809.676938320536
1776286091,200,GET,GET /v1/timeline/user/:id,55.900000,0.000000,430,480,510,540,610,660,730,750,780,780,780,7984,0,440.0,445.88077821242433,74.75200000000015,2064.130249999998,11209.06513026052
1776286091,200,POST,POST /v1/tweets,30.900000,0.000000,120,140,160,180,210,240,280,310,410,410,410,4069,0,94,111.90558224059961,63.10004200000208,1680.78225,214.4696485623003
1776286091,200,POST,POST /v1/tweets/:id/like,56.000000,0.000000,130,150,180,200,240,280,300,320,460,460,460,7660,0,97,114.68607224242818,64.36937499998407,2467.890917000002,0.0
1776286091,200,,Aggregated,294.300000,0.000000,390,450,490,510,590,660,730,770,900,960,960,39898,0,400.0,369.98096889834295,63.10004200000208,2467.890917000002,7733.700486239912
1776286092,200,GET,GET /v1/timeline/home,151.300000,0.000000,440,490,530,560,630,690,760,800,940,960,960,20334,0,480.0,488.2488343377604,75.44191699999914,1950.8969999999977,10809.14251991738
1776286092,200,GET,GET /v1/timeline/user/:id,56.300000,0.000000,430,470,500,530,590,660,720,750,780,780,780,8053,0,440.0,445.3412091717366,74.75200000000015,2064.130249999998,11208.429901899914
1776286092,200,POST,POST /v1/tweets,31.800000,0.000000,120,140,160,170,200,220,250,260,280,280,280,4098,0,95,112.26432824231327,63.10004200000208,1680.78225,214.47071742313324
1776286092,200,POST,POST /v1/tweets/:id/like,56.900000,0.000000,130,150,180,190,230,260,290,300,320,320,320,7715,0,97,115.0106768155541,64.36937499998407,2467.890917000002,0.0
1776286092,200,,Aggregated,296.300000,0.000000,380,440,480,510,580,660,720,760,900,960,960,40200,0,400.0,369.6953020809227,63.10004200000208,2467.890917000002,7734.66395522388
1776286093,200,GET,GET /v1/timeline/home,147.600000,0.000000,450,500,530,560,630,680,760,800,940,960,960,20493,0,480.0,487.89833293505194,75.44191699999914,1950.8969999999977,10808.55653149856
1776286093,200,GET,GET /v1/timeline/user/:id,57.100000,0.000000,430,470,500,530,590,660,700,740,760,760,760,8106,0,440.0,445.240976283493,74.75200000000015,2064.130249999998,11208.268319763138
1776286093,200,POST,POST /v1/tweets,31.100000,0.000000,120,150,170,180,210,230,250,270,280,280,280,4119,0,95,112.50370621170181,63.10004200000208,1680.78225,214.4705025491624
1776286093,200,POST,POST /v1/tweets/:id/like,59.300000,0.000000,140,160,180,200,240,260,290,300,330,330,330,7779,0,97,115.38099794459438,64.36937499998407,2467.890917000002,0.0
1776286093,200,,Aggregated,295.100000,0.000000,390,440,480,510,580,650,720,760,900,960,960,40497,0,400.0,369.62183469118906,63.10004200000208,2467.890917000002,7734.829147838112
1776286094,200,GET,GET /v1/timeline/home,147.500000,0.000000,440,490,520,540,600,670,730,770,940,960,960,20636,0,480.0,487.8042722405998,75.44191699999914,1950.8969999999977,10808.064935064935
1776286094,200,GET,GET /v1/timeline/user/:id,58.800000,0.000000,430,470,500,530,580,640,690,740,980,980,980,8169,0,440.0,445.54231884208525,74.75200000000015,2064.130249999998,11207.608764842698
1776286094,200,POST,POST /v1/tweets,31.000000,0.000000,130,150,170,180,210,230,250,270,280,280,280,4152,0,95,112.52473256117531,63.10004200000208,1680.78225,214.46941233140655
1776286094,200,POST,POST /v1/tweets/:id/like,61.400000,0.000000,140,170,190,200,240,260,290,300,330,330,330,7833,0,98,115.53106736601555,64.36937499998407,2467.890917000002,0.0
1776286094,200,,Aggregated,298.700000,0.000000,380,440,470,500,570,630,690,740,940,980,980,40790,0,400.0,369.65240757171057,63.10004200000208,2467.890917000002,7734.264795292964
1776286095,200,GET,GET /v1/timeline/home,149.000000,0.000000,440,480,520,540,600,670,720,760,820,840,840,20794,0,480.0,487.8621791483128,75.44191699999914,1950.8969999999977,10807.53424064634
1776286095,200,GET,GET /v1/timeline/user/:id,60.400000,0.000000,430,480,510,530,590,660,730,750,980,980,980,8232,0,440.0,445.8663631049554,74.75200000000015,2064.130249999998,11207.169703595724
1776286095,200,POST,POST /v1/tweets,30.900000,0.000000,130,160,170,180,210,230,250,270,280,280,280,4181,0,95,112.63166759602966,63.10004200000208,1680.78225,214.4702224348242
1776286095,200,POST,POST /v1/tweets/:id/like,60.900000,0.000000,140,170,190,200,230,260,290,300,330,330,330,7896,0,98,115.57966360233029,64.36937499998407,2467.890917000002,0.0
1776286095,200,,Aggregated,301.200000,0.000000,380,440,470,500,570,640,700,730,820,980,980,41103,0,400.0,369.76639370150804,63.10004200000208,2467.890917000002,7733.887745420042
1776286096,200,GET,GET /v1/timeline/home,149.800000,0.000000,440,490,520,540,600,670,730,770,820,840,840,20959,0,480.0,488.2670385197296,75.44191699999914,1950.8969999999977,10807.0027195954
1776286096,200,GET,GET /v1/timeline/user/:id,60.200000,0.000000,430,480,510,530,590,660,720,750,980,980,980,8285,0,440.0,446.0286304963178,74.75200000000015,2064.130249999998,11207.009656004828
1776286096,200,POST,POST /v1/tweets,29.400000,0.000000,130,160,170,180,210,230,260,270,280,280,280,4204,0,95,112.83321713677451,63.10004200000208,1680.78225,214.47002854424358
1776286096,200,POST,POST /v1/tweets/:id/like,61.500000,0.000000,140,170,190,200,230,250,290,300,330,330,330,7944,0,98,115.7466264232125,64.36937499998407,2467.890917000002,0.0
1776286096,200,,Aggregated,300.900000,0.000000,390,440,480,500,570,640,690,740,820,980,980,41392,0,400.0,370.1869469739583,63.10004200000208,2467.890917000002,7737.139471395439
1776286097,200,GET,GET /v1/timeline/home,150.100000,0.000000,440,480,520,540,600,660,730,760,840,850,850,21114,0,480.0,487.88954071739187,75.44191699999914,1950.8969999999977,10806.467935966657
1776286097,200,GET,GET /v1/timeline/user/:id,60.700000,0.000000,430,470,510,530,580,650,720,750,980,980,980,8344,0,440.0,445.7150070556078,74.75200000000015,2064.130249999998,11206.54470278044
1776286097,200,POST,POST /v1/tweets,29.400000,0.000000,140,160,170,170,200,220,250,270,280,280,280,4241,0,95,112.98276697052583,63.10004200000208,1680.78225,214.47087950954963
1776286097,200,POST,POST /v1/tweets/:id/like,61.200000,0.000000,140,170,180,190,220,250,280,300,330,330,330,8009,0,98,115.87930298326884,64.36937499998407,2467.890917000002,0.0
1776286097,200,,Aggregated,301.400000,0.000000,380,440,470,500,570,630,690,740,820,980,980,41708,0,400.0,369.89505691699645,63.10004200000208,2467.890917000002,7734.361369521434
1776286098,200,GET,GET /v1/timeline/home,150.700000,0.000000,440,480,520,540,600,660,720,760,840,850,850,21276,0,480.0,487.5232574753713,75.44191699999914,1950.8969999999977,10805.94059033653
1776286098,200,GET,GET /v1/timeline/user/:id,61.500000,0.000000,430,470,500,520,580,640,720,730,980,980,980,8402,0,440.0,445.54750152225574,74.75200000000015,2064.130249999998,11206.364437038801
1776286098,200,POST,POST /v1/tweets,29.100000,0.000000,140,150,170,170,200,220,240,270,280,280,280,4276,0,95,112.97797612979421,63.10004200000208,1680.78225,214.47053320860618
1776286098,200,POST,POST /v1/tweets/:id/like,61.500000,0.000000,140,170,180,190,220,240,280,300,330,330,330,8059,0,98,116.02561884340494,64.36937499998407,2467.890917000002,0.0
1776286098,200,,Aggregated,302.800000,0.000000,380,440,470,500,570,630,690,730,820,980,980,42013,0,400.0,369.74696455920974,63.10004200000208,2467.890917000002,7735.228191274129
1776286099,200,GET,GET /v1/timeline/home,148.800000,0.000000,440,490,530,550,610,670,730,770,940,950,950,21422,0,480.0,487.42106151409786,75.44191699999914,1950.8969999999977,10805.456866772476
1776286099,200,GET,GET /v1/timeline/user/:id,61.000000,0.000000,430,480,510,530,590,660,730,750,980,980,980,8459,0,440.0,445.64646094869283,74.75200000000015,2064.130249999998,11205.799030618276
1776286099,200,POST,POST /v1/tweets,28.400000,0.000000,130,150,160,170,200,220,240,260,280,280,280,4311,0,95,113.06549934585945,63.10004200000208,1680.78225,214.47135235444213
1776286099,200,POST,POST /v1/tweets/:id/like,60.600000,0.000000,140,160,180,190,210,240,280,310,330,330,330,8121,0,98,116.14746191047905,64.36937499998407,2467.890917000002,0.0
1776286099,200,,Aggregated,298.800000,0.000000,380,440,480,510,570,640,710,750,870,980,980,42313,0,400.0,369.6716446192679,63.10004200000208,2467.890917000002,7732.586604589606
1776286100,200,GET,GET /v1/timeline/home,151.900000,0.000000,450,500,530,550,610,670,740,770,940,950,950,21571,0,480.0,487.3441863035096,75.44191699999914,1950.8969999999977,10804.992953502388
1776286100,200,GET,GET /v1/timeline/user/:id,61.100000,0.000000,440,480,510,530,590,660,730,750,980,980,980,8526,0,440.0,445.70945180389305,74.75200000000015,2064.130249999998,11204.996715927751
1776286100,200,POST,POST /v1/tweets,29.500000,0.000000,120,140,160,170,200,220,240,270,280,280,280,4332,0,95,112.98625643767315,63.10004200000208,1680.78225,214.47206832871652
1776286100,200,POST,POST /v1/tweets/:id/like,63.100000,0.000000,130,150,170,180,210,230,280,300,330,330,330,8183,0,98,116.01481757497253,64.36937499998407,2467.890917000002,0.0
1776286100,200,,Aggregated,305.600000,0.000000,390,450,490,520,580,650,720,750,870,980,980,42612,0,400.0,369.64765662107146,63.10004200000208,2467.890917000002,7733.441237210175
1776286101,200,GET,GET /v1/timeline/home,151.500000,0.000000,460,510,540,560,630,680,740,770,940,950,950,21710,0,480.0,487.6018339648553,75.44191699999914,1950.8969999999977,10804.572915707047
1776286101,200,GET,GET /v1/timeline/user/:id,60.900000,0.000000,440,490,520,530,580,660,730,750,980,980,980,8581,0,440.0,445.77107704544824,74.75200000000015,2064.130249999998,11204.535019228528
1776286101,200,POST,POST /v1/tweets,30.100000,0.000000,120,140,150,160,180,210,230,270,280,280,280,4353,0,95,112.90738551320928,63.10004200000208,1680.78225,214.4732368481507
1776286101,200,POST,POST /v1/tweets/:id/like,61.400000,0.000000,120,140,160,170,200,220,280,300,330,330,330,8252,0,98,115.8264654134755,64.36937499998407,2467.890917000002,0.0
1776286101,200,,Aggregated,303.900000,0.000000,400,460,500,520,580,650,720,750,940,980,980,42896,0,400.0,369.6914227255477,63.10004200000208,2467.890917000002,7731.420062476688
1776286102,200,GET,GET /v1/timeline/home,153.800000,0.000000,470,520,550,570,630,690,740,780,940,950,950,21860,0,480.0,487.66348905366004,75.44191699999914,1950.8969999999977,10804.104803293687
1776286102,200,GET,GET /v1/timeline/user/:id,60.300000,0.000000,450,500,530,550,600,670,730,750,980,980,980,8650,0,440.0,446.21902536127084,74.75200000000015,2064.130249999998,11204.136763005781
1776286102,200,POST,POST /v1/tweets,30.600000,0.000000,110,130,140,150,170,190,220,260,280,280,280,4384,0,95,112.81505656272806,63.10004200000208,1680.78225,214.47422445255475
1776286102,200,POST,POST /v1/tweets/:id/like,61.300000,0.000000,110,130,150,160,190,210,260,300,330,330,330,8325,0,98,115.66694131759762,64.36937499998407,2467.890917000002,0.0
1776286102,200,,Aggregated,306.000000,0.000000,410,470,510,530,590,660,730,750,940,980,980,43219,0,400.0,369.6898802500775,63.10004200000208,2467.890917000002,7728.863902450311
1776286103,200,GET,GET /v1/timeline/home,154.300000,0.000000,480,520,550,570,640,690,740,780,940,950,950,21993,0,480.0,487.45827263793075,75.44191699999914,1950.8969999999977,10803.71190833447
1776286103,200,GET,GET /v1/timeline/user/:id,60.300000,0.000000,450,500,530,540,600,670,730,750,980,980,980,8724,0,440.0,446.20003773647323,74.75200000000015,2064.130249999998,11203.759972489685
1776286103,200,POST,POST /v1/tweets,29.500000,0.000000,110,130,140,140,160,180,220,260,280,280,280,4416,0,95,112.7487663917572,63.10004200000208,1680.78225,214.47395833333334
1776286103,200,POST,POST /v1/tweets/:id/like,59.200000,0.000000,100,120,130,150,170,200,220,250,310,310,310,8408,0,98,115.50070053948626,64.36937499998407,2467.890917000002,0.0
1776286103,200,,Aggregated,303.300000,0.000000,410,470,510,530,590,660,730,750,940,980,980,43541,0,400.0,369.36100139778824,63.10004200000208,2467.890917000002,7723.634160905813
1776286104,200,GET,GET /v1/timeline/home,152.500000,0.000000,470,520,550,570,630,680,740,780,940,950,950,22135,0,480.0,487.1704483057154,75.44191699999914,1950.8969999999977,10803.292026202846
1776286104,200,GET,GET /v1/timeline/user/:id,60.600000,0.000000,450,490,510,530,590,640,730,750,850,850,850,8780,0,440.0,446.0004371775615,74.75200000000015,2064.130249999998,11203.241230068337
1776286104,200,POST,POST /v1/tweets,28.500000,0.000000,110,120,140,140,160,180,220,260,280,280,280,4440,0,95,112.69727988265758,63.10004200000208,1680.78225,214.47387387387388
1776286104,200,POST,POST /v1/tweets/:id/like,59.600000,0.000000,99,120,130,140,170,190,220,250,310,310,310,8485,0,98,115.3159974519741,64.36937499998407,2467.890917000002,0.0
1776286104,200,,Aggregated,301.200000,0.000000,400,460,500,530,580,650,710,740,850,950,950,43840,0,400.0,369.0290573158097,63.10004200000208,2467.890917000002,7720.063663321168
1776286105,200,GET,GET /v1/timeline/home,151.100000,0.000000,480,530,560,570,650,700,750,780,940,950,950,22269,0,480.0,487.52570104158286,75.44191699999914,1950.8969999999977,10802.913422246173
1776286105,200,GET,GET /v1/timeline/user/:id,59.200000,0.000000,450,490,530,540,600,670,730,740,850,850,850,8850,0,440.0,446.4622159931063,74.75200000000015,2064.130249999998,11202.9802259887
1776286105,200,POST,POST /v1/tweets,28.300000,0.000000,100,120,130,140,160,170,220,260,280,280,280,4458,0,95,112.62378701502908,63.10004200000208,1680.78225,214.47442799461643
1776286105,200,POST,POST /v1/tweets/:id/like,60.500000,0.000000,97,110,130,130,160,190,220,250,310,310,310,8534,0,98,115.20008710288259,64.36937499998407,2467.890917000002,0.0
1776286105,200,,Aggregated,299.100000,0.000000,400,470,510,530,590,660,720,760,870,950,950,44111,0,400.0,369.36580068198623,63.10004200000208,2467.890917000002,7723.075446033869
1776286106,200,GET,GET /v1/timeline/home,147.700000,0.000000,480,530,560,570,640,700,750,780,940,950,950,22438,0,480.0,487.8111820957311,75.44191699999914,1950.8969999999977,10802.436536233176
1776286106,200,GET,GET /v1/timeline/user/:id,60.700000,0.000000,450,490,520,540,590,660,730,740,850,850,850,8914,0,440.0,446.18214889970733,74.75200000000015,2064.130249999998,11202.454004936055
1776286106,200,POST,POST /v1/tweets,28.900000,0.000000,100,110,120,130,150,160,200,220,230,230,230,4489,0,95,112.52779369325009,63.10004200000208,1680.78225,214.47404767208732
1776286106,200,POST,POST /v1/tweets/:id/like,62.200000,0.000000,94,110,120,130,150,180,200,250,310,310,310,8599,0,98,115.04275860111642,64.36937499998407,2467.890917000002,0.0
1776286106,200,,Aggregated,299.500000,0.000000,400,470,510,530,590,660,720,760,850,950,950,44440,0,400.0,369.42315315607806,63.10004200000208,2467.890917000002,7722.91899189919
1776286107,200,GET,GET /v1/timeline/home,148.600000,0.000000,480,530,560,580,650,710,760,780,940,950,950,22584,0,480.0,487.68047459245594,75.44191699999914,1950.8969999999977,10802.021608218207
1776286107,200,GET,GET /v1/timeline/user/:id,60.700000,0.000000,440,490,520,540,590,660,720,740,850,850,850,8961,0,440.0,445.7658292176088,74.75200000000015,2064.130249999998,11202.12108023658
1776286107,200,POST,POST /v1/tweets,28.700000,0.000000,96,110,120,120,140,150,200,220,230,230,230,4522,0,95,112.43813496395396,63.10004200000208,1680.78225,214.47456877487838
1776286107,200,POST,POST /v1/tweets/:id/like,64.700000,0.000000,93,100,120,120,130,160,200,250,310,310,310,8676,0,97,114.89973080947442,64.36937499998407,2467.890917000002,0.0
1776286107,200,,Aggregated,302.700000,0.000000,400,470,510,540,590,660,730,770,870,950,950,44743,0,400.0,369.07669902834203,63.10004200000208,2467.890917000002,7717.518203964866
1776286108,200,GET,GET /v1/timeline/home,147.200000,0.000000,480,530,560,580,650,710,770,790,940,950,950,22738,0,480.0,487.52464404076966,75.44191699999914,1950.8969999999977,10801.584835957428
1776286108,200,GET,GET /v1/timeline/user/:id,61.800000,0.000000,440,490,530,540,590,660,720,740,850,850,850,9023,0,440.0,445.77431947401004,74.75200000000015,2064.130249999998,11201.666075584617
1776286108,200,POST,POST /v1/tweets,27.700000,0.000000,96,110,120,120,140,150,200,220,230,230,230,4552,0,95,112.39848463488572,62.42804199999341,1680.78225,214.4749560632689
1776286108,200,POST,POST /v1/tweets/:id/like,63.800000,0.000000,92,100,110,120,130,140,160,200,310,310,310,8736,0,98,114.8303271184753,64.36937499998407,2467.890917000002,0.0
1776286108,200,,Aggregated,300.500000,0.000000,400,470,510,540,600,660,730,770,850,950,950,45049,0,400.0,368.9838327283204,62.42804199999341,2467.890917000002,7717.271393371662
1776286109,200,GET,GET /v1/timeline/home,146.600000,0.000000,480,520,560,580,640,700,760,780,850,850,850,22903,0,480.0,487.12618366008894,75.44191699999914,1950.8969999999977,10801.111208138671
1776286109,200,GET,GET /v1/timeline/user/:id,62.500000,0.000000,440,490,520,540,580,630,700,730,850,850,850,9083,0,440.0,445.57856815325255,74.75200000000015,2064.130249999998,11201.183970053948
1776286109,200,POST,POST /v1/tweets,28.500000,0.000000,97,110,120,120,130,140,180,220,230,230,230,4585,0,96,112.47287563991271,62.42804199999341,1680.78225,214.47459105779717
1776286109,200,POST,POST /v1/tweets/:id/like,65.500000,0.000000,93,100,120,120,130,150,170,200,240,240,240,8814,0,98,114.9966562519855,64.36937499998407,2467.890917000002,0.0
1776286109,200,,Aggregated,303.100000,0.000000,400,470,510,530,590,650,720,770,830,850,850,45385,0,400.0,368.6925147497431,62.42804199999341,2467.890917000002,7714.037016635452
1776286110,200,GET,GET /v1/timeline/home,145.800000,0.000000,480,520,560,580,640,700,760,780,850,850,850,23054,0,480.0,486.96184611299634,75.44191699999914,1950.8969999999977,10800.711286544634
1776286110,200,GET,GET /v1/timeline/user/:id,61.200000,0.000000,440,490,520,540,590,640,690,700,850,850,850,9146,0,440.0,445.7452548874908,74.75200000000015,2064.130249999998,11200.48753553466
1776286110,200,POST,POST /v1/tweets,27.800000,0.000000,96,110,120,120,130,150,180,220,230,230,230,4613,0,95,112.37453522154773,62.42804199999341,1680.78225,214.47582917840884
1776286110,200,POST,POST /v1/tweets/:id/like,65.500000,0.000000,94,110,120,120,140,150,170,200,240,240,240,8872,0,98,114.91709604215512,64.36937499998407,2467.890917000002,0.0
1776286110,200,,Aggregated,300.300000,0.000000,390,470,510,530,590,650,720,770,830,850,850,45685,0,400.0,368.63593539571184,62.42804199999341,2467.890917000002,7714.318353945497
1776286111,200,GET,GET /v1/timeline/home,146.400000,0.000000,470,520,550,570,640,700,760,780,850,850,850,23209,0,480.0,486.7879642252584,75.44191699999914,1950.8969999999977,10800.29893575768
1776286111,200,GET,GET /v1/timeline/user/:id,62.300000,0.000000,440,490,530,540,590,630,680,700,850,850,850,9205,0,440.0,445.8445217262349,74.75200000000015,2064.130249999998,11200.162846279196
1776286111,200,POST,POST /v1/tweets,27.500000,0.000000,95,110,110,120,130,140,180,220,230,230,230,4653,0,95,112.20077361766593,62.42804199999341,1680.78225,214.47388781431334
1776286111,200,POST,POST /v1/tweets/:id/like,67.000000,0.000000,95,110,120,120,140,150,190,200,370,370,370,8944,0,98,114.9035888220036,64.36937499998407,2467.890917000002,0.0
1776286111,200,,Aggregated,303.200000,0.000000,390,460,500,530,590,650,710,770,830,850,850,46011,0,400.0,368.42556306668206,62.42804199999341,2467.890917000002,7710.321097128947
1776286112,200,GET,GET /v1/timeline/home,145.400000,0.000000,460,510,540,560,630,690,760,780,850,850,850,23343,0,480.0,486.3422184521709,75.44191699999914,1950.8969999999977,10799.945208413657
1776286112,200,GET,GET /v1/timeline/user/:id,61.800000,0.000000,430,480,510,540,580,620,670,700,780,780,780,9264,0,440.0,445.71762377989995,74.75200000000015,2064.130249999998,11200.109132124353
1776286112,200,POST,POST /v1/tweets,27.100000,0.000000,96,110,110,120,130,150,180,220,230,230,230,4680,0,95,112.16333801153831,62.42804199999341,1680.78225,214.47264957264957
1776286112,200,POST,POST /v1/tweets/:id/like,68.700000,0.000000,96,110,120,120,140,160,200,200,370,370,370,9028,0,98,114.77301565584844,64.36937499998407,2467.890917000002,0.0
1776286112,200,,Aggregated,303.000000,0.000000,380,450,490,520,580,650,710,770,830,850,850,46315,0,400.0,367.97818588494255,62.42804199999341,2467.890917000002,7705.163856202094
1776286114,200,GET,GET /v1/timeline/home,148.100000,0.000000,460,500,540,560,630,690,760,780,850,850,850,23492,0,480.0,486.042532883366,75.44191699999914,1950.8969999999977,10799.557764345309
1776286114,200,GET,GET /v1/timeline/user/:id,61.000000,0.000000,440,480,520,540,580,620,670,700,780,780,780,9343,0,440.0,445.63341648667364,74.75200000000015,2064.130249999998,11199.64294123943
1776286114,200,POST,POST /v1/tweets,29.700000,0.000000,94,110,110,120,130,150,180,220,230,230,230,4708,0,95,112.07939016482561,62.42804199999341,1680.78225,214.47302463891248
1776286114,200,POST,POST /v1/tweets/:id/like,68.400000,0.000000,97,110,120,130,140,160,200,200,370,370,370,9099,0,98,114.6555480557204,64.36937499998407,2467.890917000002,0.0
1776286114,200,,Aggregated,307.200000,0.000000,380,450,490,520,580,640,710,770,830,850,850,46642,0,400.0,367.7497704512267,62.42804199999341,2467.890917000002,7704.455512199305
1776286115,200,GET,GET /v1/timeline/home,148.100000,0.000000,450,500,530,560,610,680,760,780,920,1000,1000,23648,0,480.0,486.20115987385947,75.44191699999914,1950.8969999999977,10799.155404262518
1776286115,200,GET,GET /v1/timeline/user/:id,61.000000,0.000000,430,470,500,520,560,610,650,670,780,780,780,9398,0,440.0,445.59373650234,74.75200000000015,2064.130249999998,11198.884443498617
1776286115,200,POST,POST /v1/tweets,29.700000,0.000000,95,110,110,120,130,150,180,220,230,230,230,4746,0,95,112.0001088152126,62.42804199999341,1680.78225,214.47387273493467
1776286115,200,POST,POST /v1/tweets/:id/like,68.400000,0.000000,98,110,120,130,140,160,200,200,370,370,370,9137,0,98,114.63523331957971,64.36937499998407,2467.890917000002,0.0
1776286115,200,,Aggregated,307.200000,0.000000,380,450,480,500,570,620,700,760,900,1000,1000,46929,0,400.0,367.88232452479434,62.42804199999341,2467.890917000002,7706.182445822413
1776286116,200,GET,GET /v1/timeline/home,149.300000,0.000000,450,500,530,560,610,670,730,780,920,1000,1000,23806,0,480.0,486.382895530077,75.44191699999914,1950.8969999999977,10798.748718810384
1776286116,200,GET,GET /v1/timeline/user/:id,61.800000,0.000000,430,460,490,510,560,610,640,670,780,780,780,9447,0,440.0,445.33690226018757,74.75200000000015,2064.130249999998,11198.616915422886
1776286116,200,POST,POST /v1/tweets,29.100000,0.000000,96,110,120,120,140,160,210,230,230,230,230,4780,0,95,112.06512109016718,62.42804199999341,1680.78225,214.473640167364
1776286116,200,POST,POST /v1/tweets/:id/like,68.600000,0.000000,100,120,130,130,150,170,200,220,370,370,370,9204,0,98,114.69398562266396,64.36937499998407,2467.890917000002,0.0
1776286116,200,,Aggregated,308.800000,0.000000,380,450,480,500,570,620,690,740,900,1000,1000,47237,0,400.0,367.8735662536375,62.42804199999341,2467.890917000002,7703.56987107564
1776286117,200,GET,GET /v1/timeline/home,149.300000,0.000000,450,500,530,560,610,660,720,780,920,1000,1000,23953,0,480.0,486.28029181196564,75.44191699999914,1950.8969999999977,10798.3776979919
1776286117,200,GET,GET /v1/timeline/user/:id,61.800000,0.000000,430,470,490,520,570,610,640,670,780,780,780,9508,0,440.0,445.1050035398602,74.75200000000015,2064.130249999998,11198.194572991166
1776286117,200,POST,POST /v1/tweets,29.100000,0.000000,96,110,120,120,140,170,200,230,230,230,230,4816,0,95,111.99296991299822,62.42804199999341,1680.78225,214.47466777408638
1776286117,200,POST,POST /v1/tweets/:id/like,68.600000,0.000000,100,120,130,130,150,170,200,220,370,370,370,9266,0,98,114.64781504122587,64.36937499998407,2467.890917000002,0.0
1776286117,200,,Aggregated,308.800000,0.000000,380,450,480,500,570,620,680,720,900,1000,1000,47543,0,400.0,367.70113372530267,62.42804199999341,2467.890917000002,7701.6360978482635
1776286118,200,GET,GET /v1/timeline/home,151.600000,0.000000,460,500,540,560,610,660,730,780,920,1000,1000,24103,0,480.0,486.25178263336596,75.44191699999914,1950.8969999999977,10798.007136041157
1776286118,200,GET,GET /v1/timeline/user/:id,59.100000,0.000000,440,470,490,510,570,610,640,660,740,740,740,9573,0,440.0,445.1445027543079,74.75200000000015,2064.130249999998,11197.846443121278
1776286118,200,POST,POST /v1/tweets,32.100000,0.000000,94,110,120,120,140,160,200,230,230,230,230,4835,0,95,111.9301810018613,62.42804199999341,1680.78225,214.47487073422957
1776286118,200,POST,POST /v1/tweets/:id/like,66.100000,0.000000,99,120,130,130,150,170,200,220,370,370,370,9326,0,98,114.54675951737059,64.36937499998407,2467.890917000002,0.0
1776286118,200,,Aggregated,308.900000,0.000000,390,450,480,510,570,620,680,730,900,1000,1000,47837,0,400.0,367.7266665150842,62.42804199999341,2467.890917000002,7703.207475385162
1776286119,200,GET,GET /v1/timeline/home,151.500000,0.000000,470,520,560,570,630,690,770,800,920,1000,1000,24247,0,480.0,486.66760760193137,75.44191699999914,1950.8969999999977,10797.61574627789
1776286119,200,GET,GET /v1/timeline/user/:id,59.400000,0.000000,440,470,500,520,570,610,640,670,740,740,740,9628,0,440.0,445.28275424439033,74.75200000000015,2064.130249999998,11197.423971749065
1776286119,200,POST,POST /v1/tweets,32.400000,0.000000,93,100,110,120,140,160,180,210,230,230,230,4861,0,95,111.86961632092151,62.42804199999341,1680.78225,214.4737708290475
1776286119,200,POST,POST /v1/tweets/:id/like,66.400000,0.000000,96,110,120,130,150,170,190,200,370,370,370,9390,0,98,114.48180970085187,64.36937499998407,2467.890917000002,0.0
1776286119,200,,Aggregated,309.700000,0.000000,400,460,500,530,580,640,700,760,900,1000,1000,48126,0,400.0,367.9132742678813,62.42804199999341,2467.890917000002,7701.889706187923
1776286120,200,GET,GET /v1/timeline/home,151.400000,0.000000,470,530,560,580,650,710,790,820,1100,1100,1100,24410,0,480.0,486.9783977700948,75.44191699999914,1950.8969999999977,10797.228758705449
1776286120,200,GET,GET /v1/timeline/user/:id,61.000000,0.000000,440,470,500,520,580,620,680,730,880,880,880,9686,0,440.0,445.4686180429474,74.75200000000015,2064.130249999998,11196.979867850507
1776286120,200,POST,POST /v1/tweets,31.300000,0.000000,94,100,120,120,140,160,190,210,230,230,230,4887,0,95,111.84659517167992,62.42804199999341,1680.78225,214.4741149989769
1776286120,200,POST,POST /v1/tweets/:id/like,64.800000,0.000000,95,110,120,130,150,180,220,280,370,370,370,9441,0,98,114.54869110433198,64.36937499998407,2467.890917000002,0.0
1776286120,200,,Aggregated,308.500000,0.000000,400,460,500,530,590,660,750,790,1000,1100,1100,48424,0,400.0,368.20585303262976,62.42804199999341,2467.890917000002,7704.081364612589
1776286121,200,GET,GET /v1/timeline/home,149.500000,0.000000,470,530,560,580,650,710,790,820,1100,1100,1100,24553,0,480.0,486.79648930770225,75.44191699999914,1950.8969999999977,10796.882661996497
1776286121,200,GET,GET /v1/timeline/user/:id,59.900000,0.000000,440,470,500,510,580,630,690,770,950,950,950,9743,0,440.0,445.63131446392185,74.75200000000015,2064.130249999998,11196.23853022683
1776286121,200,POST,POST /v1/tweets,29.900000,0.000000,96,110,120,120,140,160,190,210,230,230,230,4931,0,95,111.77998786209693,62.42804199999341,1680.78225,214.4749543703103
1776286121,200,POST,POST /v1/tweets/:id/like,63.800000,0.000000,95,110,120,130,150,170,210,270,330,330,330,9511,0,98,114.47549974229823,64.36937499998407,2467.890917000002,0.0
1776286121,200,,Aggregated,303.100000,0.000000,400,460,500,530,590,660,750,800,1000,1100,1100,48738,0,400.0,367.96880661888156,62.42804199999341,2467.890917000002,7699.092863884443
1776286122,200,GET,GET /v1/timeline/home,149.900000,0.000000,480,530,560,580,650,710,790,820,1100,1100,1100,24706,0,480.0,486.4087083742816,75.44191699999914,1950.8969999999977,10796.52197846677
1776286122,200,GET,GET /v1/timeline/user/:id,60.100000,0.000000,440,480,500,530,590,640,730,790,950,950,950,9800,0,440.0,445.7354867379585,74.75200000000015,2064.130249999998,11195.981530612245
1776286122,200,POST,POST /v1/tweets,30.000000,0.000000,96,110,120,130,150,170,190,220,230,230,230,4960,0,95,111.80344213286284,62.42804199999341,1680.78225,214.47520161290322
1776286122,200,POST,POST /v1/tweets/:id/like,62.400000,0.000000,97,110,130,130,150,180,220,270,330,330,330,9570,0,98,114.47694377481697,64.36937499998407,2467.890917000002,0.0
1776286122,200,,Aggregated,302.400000,0.000000,400,470,510,540,590,670,760,800,1000,1100,1100,49036,0,400.0,367.80142638125164,62.42804199999341,2467.890917000002,7698.9005628517825
1776286123,200,GET,GET /v1/timeline/home,148.500000,0.000000,500,550,580,600,670,730,800,840,1100,1100,1100,24858,0,480.0,486.85881419012003,75.44191699999914,1950.8969999999977,10796.153109662886
1776286123,200,GET,GET /v1/timeline/user/:id,59.100000,0.000000,450,490,520,540,610,670,780,820,950,950,950,9855,0,440.0,446.0925261323179,74.75200000000015,2064.130249999998,11195.320345002538
1776286123,200,POST,POST /v1/tweets,31.700000,0.000000,94,110,120,130,140,170,190,220,230,230,230,4982,0,95,111.68619447892407,62.42804199999341,1680.78225,214.4743075070253
1776286123,200,POST,POST /v1/tweets/:id/like,63.300000,0.000000,97,110,130,130,150,180,220,270,330,330,330,9614,0,98,114.38386641938823,64.36937499998407,2467.890917000002,0.0
1776286123,200,,Aggregated,302.600000,0.000000,410,480,530,550,620,680,770,800,1000,1100,1100,49309,0,400.0,368.18198221059157,62.42804199999341,2467.890917000002,7701.8225273276685
1776286124,200,GET,GET /v1/timeline/home,148.500000,0.000000,500,550,580,600,670,720,790,820,1100,1100,1100,24996,0,480.0,487.06644409305517,75.44191699999914,1950.8969999999977,10795.817890862538
1776286124,200,GET,GET /v1/timeline/user/:id,58.800000,0.000000,440,490,520,540,610,670,780,820,950,950,950,9911,0,440.0,445.8740163866407,74.75200000000015,2064.130249999998,11194.974977297952
1776286124,200,POST,POST /v1/tweets,30.600000,0.000000,93,110,120,120,140,170,190,220,230,230,230,5012,0,95,111.56588872785306,62.42804199999341,1680.78225,214.47406225059856
1776286124,200,POST,POST /v1/tweets/:id/like,61.600000,0.000000,95,110,120,130,150,180,220,270,330,330,330,9684,0,97,114.21807406557193,64.36937499998407,2467.890917000002,0.0
1776286124,200,,Aggregated,299.500000,0.000000,410,480,530,550,630,680,770,800,950,1100,1100,49603,0,400.0,368.1032654579979,62.42804199999341,2467.890917000002,7698.740096365139
1776286125,200,GET,GET /v1/timeline/home,149.800000,0.000000,500,550,590,610,670,750,800,840,1100,1100,1100,25148,0,480.0,487.39943152584726,75.44191699999914,1950.8969999999977,10795.454151423572
1776286125,200,GET,GET /v1/timeline/user/:id,58.800000,0.000000,460,500,540,570,640,700,800,860,950,950,950,9979,0,440.0,446.48711914460364,74.75200000000015,2064.130249999998,11194.265657881551
1776286125,200,POST,POST /v1/tweets,30.000000,0.000000,93,110,120,120,140,170,180,190,220,220,220,5040,0,95,111.58538875932535,62.42804199999341,1680.78225,214.4734126984127
1776286125,200,POST,POST /v1/tweets/:id/like,58.600000,0.000000,93,110,120,130,150,180,250,290,330,330,330,9741,0,98,114.3255954557026,64.36937499998407,2467.890917000002,0.0
1776286125,200,,Aggregated,297.200000,0.000000,410,490,540,560,640,700,790,820,950,1100,1100,49908,0,400.0,368.45098682850625,62.42804199999341,2467.890917000002,7699.619379658572
1776286126,200,GET,GET /v1/timeline/home,150.000000,0.000000,510,560,590,620,680,750,800,850,1100,1100,1100,25299,0,480.0,487.62019217016507,75.44191699999914,1950.8969999999977,10795.092572828966
1776286126,200,GET,GET /v1/timeline/user/:id,56.600000,0.000000,450,500,540,570,640,720,800,860,950,950,950,10026,0,440.0,446.2638901465188,74.75200000000015,2064.130249999998,11193.826251745462
1776286126,200,POST,POST /v1/tweets,30.200000,0.000000,91,110,110,120,140,170,180,190,220,220,220,5075,0,95,111.44684927211809,62.42804199999341,1680.78225,214.4734975369458
1776286126,200,POST,POST /v1/tweets/:id/like,58.100000,0.000000,94,110,120,120,150,180,250,290,330,330,330,9790,0,98,114.26440282175676,64.36937499998407,2467.890917000002,0.0
1776286126,200,,Aggregated,294.900000,0.000000,420,500,540,570,650,710,790,820,950,1100,1100,50190,0,400.0,368.49544267788525,62.42804199999341,2467.890917000002,7699.199083482766
1776286127,200,GET,GET /v1/timeline/home,147.400000,0.000000,520,570,610,640,690,750,800,840,1100,1100,1100,25447,0,480.0,488.0767180922706,75.44191699999914,1950.8969999999977,10794.75985381381
1776286127,200,GET,GET /v1/timeline/user/:id,57.600000,0.000000,450,500,540,570,640,720,800,860,950,950,950,10087,0,440.0,446.1363701489048,74.75200000000015,2064.130249999998,11193.407256865272
1776286127,200,POST,POST /v1/tweets,29.100000,0.000000,93,110,110,120,140,160,180,190,220,220,220,5105,0,95,111.4078181553378,62.42804199999341,1680.78225,214.47365328109697
1776286127,200,POST,POST /v1/tweets/:id/like,59.600000,0.000000,93,110,120,130,150,190,250,290,330,330,330,9843,0,97,114.20884524982216,64.36937499998407,2467.890917000002,0.0
1776286127,200,,Aggregated,293.700000,0.000000,420,500,550,580,660,720,790,820,950,1100,1100,50482,0,400.0,368.7088543731039,62.42804199999341,2467.890917000002,7699.715561982489
1776286128,200,GET,GET /v1/timeline/home,148.000000,0.000000,510,560,600,630,680,740,800,840,1100,1100,1100,25602,0,480.0,488.0598641807291,75.44191699999914,1950.8969999999977,10794.398289196157
1776286128,200,GET,GET /v1/timeline/user/:id,57.400000,0.000000,450,490,530,560,640,730,800,860,950,950,950,10148,0,440.0,446.18473884716246,74.75200000000015,2064.130249999998,11192.891210090658
1776286128,200,POST,POST /v1/tweets,29.100000,0.000000,94,110,120,120,140,160,180,190,220,220,220,5134,0,95,111.37304326938047,62.42804199999341,1680.78225,214.47370471367356
1776286128,200,POST,POST /v1/tweets/:id/like,58.500000,0.000000,95,110,120,120,150,180,250,290,330,330,330,9903,0,97,114.10956575472075,64.36937499998407,2467.890917000002,0.0
1776286128,200,,Aggregated,293.000000,0.000000,420,500,540,570,650,710,790,820,950,1100,1100,50787,0,400.0,368.69686349636737,62.42804199999341,2467.890917000002,7699.701754385965
1776286129,200,GET,GET /v1/timeline/home,148.000000,0.000000,510,560,590,620,670,720,790,800,1100,1100,1100,25748,0,480.0,488.0544725852891,75.44191699999914,1950.8969999999977,10794.083423955259
1776286129,200,GET,GET /v1/timeline/user/:id,57.200000,0.000000,440,480,530,540,630,700,800,850,950,950,950,10201,0,440.0,446.0263848878543,74.75200000000015,2064.130249999998,11192.612587001275
1776286129,200,POST,POST /v1/tweets,28.200000,0.000000,95,110,120,120,140,150,170,190,220,220,220,5164,0,95,111.30236591886127,62.42804199999341,1680.78225,214.4752130131681
1776286129,200,POST,POST /v1/tweets/:id/like,57.100000,0.000000,94,110,110,120,140,160,200,230,300,300,300,9951,0,97,114.02198416872672,64.36937499998407,2467.890917000002,0.0
1776286129,200,,Aggregated,290.500000,0.000000,420,490,540,560,640,690,770,800,950,1100,1100,51064,0,400.0,368.6695107009831,62.42804199999341,2467.890917000002,7700.326080996397
1776286130,200,GET,GET /v1/timeline/home,147.700000,0.000000,520,580,610,640,680,740,790,840,920,990,990,25897,0,480.0,488.74573394130647,75.44191699999914,1950.8969999999977,10793.749237363401
1776286130,200,GET,GET /v1/timeline/user/:id,56.900000,0.000000,440,480,520,550,620,680,780,820,930,930,930,10258,0,440.0,446.2064973343732,74.75200000000015,2064.130249999998,11192.45038019107
1776286130,200,POST,POST /v1/tweets,29.000000,0.000000,89,100,110,120,130,140,170,190,220,220,220,5194,0,95,111.15827991836724,62.42804199999341,1680.78225,214.47535618020794
1776286130,200,POST,POST /v1/tweets/:id/like,57.400000,0.000000,92,100,110,120,140,160,200,250,300,300,300,9989,0,97,113.92237906757428,64.36937499998407,2467.890917000002,0.0
1776286130,200,,Aggregated,291.000000,0.000000,430,510,550,580,650,710,770,800,920,990,990,51338,0,400.0,369.1137417105461,62.42804199999341,2467.890917000002,7702.907495422494
1776286131,200,GET,GET /v1/timeline/home,149.000000,0.000000,540,590,630,650,700,760,800,860,980,990,990,26045,0,480.0,489.23045068961466,75.44191699999914,1950.8969999999977,10793.422653100402
1776286131,200,GET,GET /v1/timeline/user/:id,56.700000,0.000000,450,490,530,560,620,680,760,820,930,930,930,10314,0,440.0,446.5623943815203,74.75200000000015,2064.130249999998,11192.125460539073
1776286131,200,POST,POST /v1/tweets,30.900000,0.000000,89,100,110,110,130,140,170,180,190,190,190,5231,0,95,111.03202805849736,62.42804199999341,1680.78225,214.47619957943033
1776286131,200,POST,POST /v1/tweets/:id/like,56.500000,0.000000,91,99,110,110,130,150,190,250,300,300,300,10046,0,97,113.79388699104119,64.36937499998407,2467.890917000002,0.0
1776286131,200,,Aggregated,293.100000,0.000000,440,520,560,590,660,720,780,820,930,990,990,51636,0,400.0,369.35149026547356,62.42804199999341,2467.890917000002,7701.45247501743
1776286132,200,GET,GET /v1/timeline/home,147.700000,0.000000,540,590,640,660,720,770,830,880,980,990,990,26186,0,480.0,489.8400564979763,75.44191699999914,1950.8969999999977,10793.126174291607
1776286132,200,GET,GET /v1/timeline/user/:id,57.100000,0.000000,450,490,530,550,610,680,750,850,960,960,960,10388,0,440.0,446.71539237880273,74.75200000000015,2064.130249999998,11191.473238351944
1776286132,200,POST,POST /v1/tweets,30.400000,0.000000,90,100,110,110,130,140,170,180,190,190,190,5262,0,95,110.94908667920943,62.42804199999341,1680.78225,214.47643481565945
1776286132,200,POST,POST /v1/tweets/:id/like,54.400000,0.000000,91,100,110,110,130,150,190,250,300,300,300,10092,0,97,113.7384953593936,64.36937499998407,2467.890917000002,0.0
1776286132,200,,Aggregated,289.600000,0.000000,440,520,570,590,670,730,790,840,960,990,990,51928,0,400.0,369.72527739870577,62.42804199999341,2467.890917000002,7703.250674010168
1776286133,200,GET,GET /v1/timeline/home,148.500000,0.000000,540,590,630,650,710,780,840,880,980,990,990,26339,0,480.0,489.73873434974746,75.44191699999914,1950.8969999999977,10792.795929989748
1776286133,200,GET,GET /v1/timeline/user/:id,56.300000,0.000000,450,490,530,560,610,680,760,850,960,960,960,10438,0,440.0,446.7777775426331,74.75200000000015,2064.130249999998,11191.344127227438
1776286133,200,POST,POST /v1/tweets,29.400000,0.000000,92,100,110,120,140,170,280,560,580,580,580,5278,0,95,111.39065751307314,62.42804199999341,1680.78225,214.4763167866616
1776286133,200,POST,POST /v1/tweets/:id/like,53.400000,0.000000,94,110,120,120,160,280,420,500,560,560,560,10146,0,97,114.3957532365464,64.36937499998407,2467.890917000002,0.0
1776286133,200,,Aggregated,287.600000,0.000000,440,520,560,590,660,730,790,860,960,990,990,52201,0,400.0,369.94069402348606,62.42804199999341,2467.890917000002,7705.19162468152
1776286134,200,GET,GET /v1/timeline/home,145.700000,0.000000,520,580,620,650,700,770,840,890,990,1100,1100,26494,0,480.0,489.3346721364839,75.44191699999914,1950.8969999999977,10792.317619083566
1776286134,200,GET,GET /v1/timeline/user/:id,58.200000,0.000000,440,480,520,530,590,640,700,760,960,960,960,10486,0,440.0,446.62220343324475,74.75200000000015,2064.130249999998,11190.892332633988
1776286134,200,POST,POST /v1/tweets,29.900000,0.000000,93,110,120,130,140,190,330,560,580,580,580,5311,0,95,111.63723826736967,62.42804199999341,1680.78225,214.47655808698926
1776286134,200,POST,POST /v1/tweets/:id/like,52.100000,0.000000,95,110,120,130,200,350,500,520,560,560,560,10205,0,97,114.92873662028414,64.36937499998407,2467.890917000002,0.0
1776286134,200,,Aggregated,285.900000,0.000000,430,510,550,580,650,720,790,860,980,1100,1100,52496,0,400.0,369.8084874739596,62.42804199999341,2467.890917000002,7703.795432032917
1776286135,200,GET,GET /v1/timeline/home,147.300000,0.000000,520,570,610,640,680,760,840,890,990,1100,1100,26643,0,480.0,489.2451398932553,75.44191699999914,1950.8969999999977,10792.007131329054
1776286135,200,GET,GET /v1/timeline/user/:id,58.000000,0.000000,450,490,520,550,590,640,740,790,960,960,960,10560,0,440.0,446.79990306543607,74.75200000000015,2064.130249999998,11190.267045454546
1776286135,200,POST,POST /v1/tweets,29.800000,0.000000,94,110,120,130,140,190,330,560,580,580,580,5344,0,95,111.53618132934139,62.42804199999341,1680.78225,214.47791916167665
1776286135,200,POST,POST /v1/tweets/:id/like,52.400000,0.000000,96,110,130,140,230,340,500,520,560,560,560,10276,0,97,115.01457124649669,64.36937499998407,2467.890917000002,0.0
1776286135,200,,Aggregated,287.500000,0.000000,430,500,550,570,650,700,790,850,980,1100,1100,52823,0,400.0,369.7462152036042,62.42804199999341,2467.890917000002,7702.077428392935
1776286136,200,GET,GET /v1/timeline/home,147.600000,0.000000,500,550,590,620,680,760,840,890,990,1100,1100,26789,0,480.0,489.0318295367496,75.44191699999914,1950.8969999999977,10791.700847362723
1776286136,200,GET,GET /v1/timeline/user/:id,56.600000,0.000000,450,490,530,550,590,640,740,790,960,960,960,10613,0,440.0,446.8055754294737,74.75200000000015,2064.130249999998,11189.913879204749
1776286136,200,POST,POST /v1/tweets,29.600000,0.000000,93,110,120,130,140,190,330,560,580,580,580,5372,0,95,111.46460089780355,62.42804199999341,1680.78225,214.47803425167535
1776286136,200,POST,POST /v1/tweets/:id/like,51.400000,0.000000,99,110,130,130,230,330,500,520,560,560,560,10348,0,98,114.94496317771537,64.36937499998407,2467.890917000002,0.0
1776286136,200,,Aggregated,285.200000,0.000000,420,490,540,560,640,690,790,850,980,1100,1100,53122,0,400.0,369.5429307721656,62.42804199999341,2467.890917000002,7699.439140092617
1776286137,200,GET,GET /v1/timeline/home,148.300000,0.000000,510,570,600,640,690,770,840,890,990,1100,1100,26917,0,480.0,489.42592268670285,75.44191699999914,1950.8969999999977,10791.441653973325
1776286137,200,GET,GET /v1/timeline/user/:id,56.600000,0.000000,460,510,540,560,590,650,740,770,960,960,960,10679,0,440.0,447.1932353206296,74.75200000000015,2064.130249999998,11189.201985204607
1776286137,200,POST,POST /v1/tweets,30.300000,0.000000,91,100,110,130,140,190,330,560,580,580,580,5389,0,95,111.37229341844507,62.42804199999341,1680.78225,214.47856745221748
1776286137,200,POST,POST /v1/tweets/:id/like,53.700000,0.000000,99,110,130,130,230,340,500,520,560,560,560,10396,0,97,114.83906514976898,64.36937499998407,2467.890917000002,0.0
1776286137,200,,Aggregated,288.900000,0.000000,430,500,550,570,650,700,790,840,980,1100,1100,53381,0,400.0,369.8601811782466,62.42804199999341,2467.890917000002,7701.589479402784
1776286138,200,GET,GET /v1/timeline/home,147.900000,0.000000,520,580,620,650,710,780,840,890,990,1100,1100,27076,0,480.0,489.83230124782045,75.44191699999914,1950.8969999999977,10791.126643521939
1776286138,200,GET,GET /v1/timeline/user/:id,58.500000,0.000000,470,520,550,560,610,660,750,800,1700,1700,1700,10738,0,440.0,447.5369916871857,74.75200000000015,2064.130249999998,11188.639038927175
1776286138,200,POST,POST /v1/tweets,29.800000,0.000000,90,100,110,120,140,200,530,560,580,580,580,5410,0,95,111.30169708539754,62.42804199999341,1680.78225,214.47874306839188
1776286138,200,POST,POST /v1/tweets/:id/like,55.200000,0.000000,98,110,120,130,230,330,500,520,560,560,560,10458,0,97,114.73648157783506,64.36937499998407,2467.890917000002,0.0
1776286138,200,,Aggregated,291.400000,0.000000,430,510,550,580,660,730,790,870,1100,1700,1700,53682,0,400.0,370.15029080317385,62.42804199999341,2467.890917000002,7702.47906188294
1776286139,200,GET,GET /v1/timeline/home,146.700000,0.000000,500,560,600,640,690,770,830,880,990,1100,1100,27235,0,480.0,489.8808473412151,75.44191699999914,1950.8969999999977,10790.806535707728
1776286139,200,GET,GET /v1/timeline/user/:id,59.200000,0.000000,470,530,550,570,610,670,760,800,1700,1700,1700,10798,0,440.0,447.8019973512686,74.75200000000015,2064.130249999998,11188.299962956104
1776286139,200,POST,POST /v1/tweets,28.600000,0.000000,91,100,110,120,140,200,530,560,580,580,580,5437,0,95,111.1985196157809,62.42804199999341,1680.78225,214.47746919256943
1776286139,200,POST,POST /v1/tweets/:id/like,54.800000,0.000000,97,110,120,130,200,320,500,520,560,560,560,10525,0,97,114.58876914185264,64.36937499998407,2467.890917000002,0.0
1776286139,200,,Aggregated,289.300000,0.000000,430,500,550,570,650,700,790,840,1100,1700,1700,53995,0,410.0,370.1806461914249,62.42804199999341,2467.890917000002,7701.916714510603
1776286140,200,GET,GET /v1/timeline/home,146.400000,0.000000,490,550,580,610,670,750,800,880,990,1100,1100,27365,0,480.0,489.7319221817282,75.44191699999914,1950.8969999999977,10790.544308423168
1776286140,200,GET,GET /v1/timeline/user/:id,58.300000,0.000000,460,510,540,560,600,660,750,800,1700,1700,1700,10860,0,440.0,447.7223949952118,74.75200000000015,2064.130249999998,11187.900920810313
1776286140,200,POST,POST /v1/tweets,27.500000,0.000000,92,100,110,120,150,200,530,560,580,580,580,5470,0,95,111.14363501407689,62.42804199999341,1680.78225,214.4782449725777
1776286140,200,POST,POST /v1/tweets/:id/like,55.000000,0.000000,100,120,130,140,220,320,500,520,560,560,560,10586,0,97,114.61066939542785,64.36937499998407,2467.890917000002,0.0
1776286140,200,,Aggregated,287.200000,0.000000,420,490,530,560,640,680,780,840,1100,1700,1700,54281,0,400.0,370.01903962524625,62.42804199999341,2467.890917000002,7699.877397247656
1776286141,200,GET,GET /v1/timeline/home,145.800000,0.000000,480,540,570,600,670,740,800,870,990,1100,1100,27514,0,480.0,489.6577553944537,75.44191699999914,1950.8969999999977,10790.237588136948
1776286141,200,GET,GET /v1/timeline/user/:id,59.200000,0.000000,460,510,550,560,610,660,760,780,1700,1700,1700,10940,0,440.0,447.890211735649,74.75200000000015,2064.130249999998,11187.466636197441
1776286141,200,POST,POST /v1/tweets,26.500000,0.000000,94,110,120,130,170,240,530,560,580,580,580,5501,0,95,111.22076323686612,62.42804199999341,1680.78225,214.47882203235775
1776286141,200,POST,POST /v1/tweets/:id/like,56.600000,0.000000,100,120,130,150,230,320,500,520,560,560,560,10642,0,97,114.73348842360443,64.36937499998407,2467.890917000002,0.0
1776286141,200,,Aggregated,288.100000,0.000000,410,480,530,550,630,680,770,830,1100,1700,1700,54597,0,400.0,370.0786050640328,62.42804199999341,2467.890917000002,7701.0335732732565
1776286142,200,GET,GET /v1/timeline/home,145.500000,0.000000,480,540,570,590,670,740,790,840,990,1100,1100,27659,0,480.0,489.6614118780144,75.44191699999914,1950.8969999999977,10789.96659315232
1776286142,200,GET,GET /v1/timeline/user/:id,59.200000,0.000000,460,520,550,560,620,670,750,780,1700,1700,1700,10999,0,440.0,448.14975082716603,74.75200000000015,2064.130249999998,11187.001909264478
1776286142,200,POST,POST /v1/tweets,27.200000,0.000000,95,110,120,130,160,190,250,260,530,530,530,5523,0,95,111.29471744378071,62.42804199999341,1680.78225,214.47890639145393
1776286142,200,POST,POST /v1/tweets/:id/like,58.400000,0.000000,100,120,130,140,200,250,370,520,560,560,560,10705,0,98,114.78416923325531,64.36937499998407,2467.890917000002,0.0
1776286142,200,,Aggregated,290.300000,0.000000,410,480,530,550,630,680,770,800,1100,1700,1700,54886,0,400.0,370.15248618164884,62.42804199999341,2467.890917000002,7700.872481142732
1776286143,200,GET,GET /v1/timeline/home,145.700000,0.000000,480,540,580,600,670,730,790,830,970,990,990,27804,0,480.0,489.7165596887858,75.44191699999914,1950.8969999999977,10789.680549561213
1776286143,200,GET,GET /v1/timeline/user/:id,61.500000,0.000000,470,530,560,580,640,680,770,810,1700,1700,1700,11060,0,440.0,448.63184662215195,74.75200000000015,2064.130249999998,11186.68616636528
1776286143,200,POST,POST /v1/tweets,26.800000,0.000000,94,110,120,120,150,170,230,260,280,280,280,5557,0,95,111.27001368850107,62.42804199999341,1680.78225,214.47813568472196
1776286143,200,POST,POST /v1/tweets/:id/like,57.900000,0.000000,100,110,120,130,160,220,250,280,320,320,320,10769,0,98,114.74548640885857,64.36937499998407,2467.890917000002,0.0
1776286143,200,,Aggregated,291.900000,0.000000,420,490,530,560,630,680,770,800,990,1700,1700,55190,0,410.0,370.2114342893999,62.42804199999341,2467.890917000002,7699.0919007066495
1776286144,200,GET,GET /v1/timeline/home,147.300000,0.000000,490,550,580,610,670,740,790,830,970,990,990,27962,0,480.0,489.7970129105576,75.44191699999914,1950.8969999999977,10789.374508261211
1776286144,200,GET,GET /v1/timeline/user/:id,61.200000,0.000000,470,530,560,580,640,680,760,810,1700,1700,1700,11110,0,440.0,448.6504104872188,74.75200000000015,2064.130249999998,11186.33393339334
1776286144,200,POST,POST /v1/tweets,25.900000,0.000000,92,100,110,120,140,160,220,230,280,280,280,5578,0,95,111.19781445410553,62.42804199999341,1680.78225,214.47866618859805
1776286144,200,POST,POST /v1/tweets/:id/like,60.100000,0.000000,98,110,120,120,150,190,230,230,310,310,310,10823,0,98,114.63399339480722,64.36937499998407,2467.890917000002,0.0
1776286144,200,,Aggregated,294.500000,0.000000,420,490,530,560,640,680,770,800,990,1700,1700,55473,0,410.0,370.291047086961,62.42804199999341,2467.890917000002,7700.485317181331
1776286145,200,GET,GET /v1/timeline/home,145.200000,0.000000,500,550,590,620,670,740,790,830,970,990,990,28110,0,480.0,489.7853151164715,75.44191699999914,1950.8969999999977,10789.089612237638
1776286145,200,GET,GET /v1/timeline/user/:id,61.300000,0.000000,470,530,560,580,650,680,770,840,1700,1700,1700,11175,0,440.0,448.71981524724845,74.75200000000015,2064.130249999998,11186.070067114095
1776286145,200,POST,POST /v1/tweets,26.800000,0.000000,92,110,120,130,160,170,220,230,280,280,280,5615,0,95,111.24057234069465,62.42804199999341,1680.78225,214.47818343722173
1776286145,200,POST,POST /v1/tweets/:id/like,61.400000,0.000000,96,110,120,120,150,190,230,230,310,310,310,10886,0,97,114.5506526587358,64.36937499998407,2467.890917000002,0.0
1776286145,200,,Aggregated,294.700000,0.000000,420,500,540,570,640,690,770,800,990,1700,1700,55786,0,410.0,370.2348862052839,62.42804199999341,2467.890917000002,7698.883895601047
1776286146,200,GET,GET /v1/timeline/home,145.900000,0.000000,490,550,580,610,670,740,790,830,970,990,990,28259,0,480.0,489.9339790792319,75.44191699999914,1950.8969999999977,10788.801939205208
1776286146,200,GET,GET /v1/timeline/user/:id,62.500000,0.000000,470,530,550,580,640,680,780,850,1700,1700,1700,11238,0,440.0,448.910058560064,74.75200000000015,2064.130249999998,11185.689624488343
1776286146,200,POST,POST /v1/tweets,26.600000,0.000000,95,110,120,130,160,200,220,230,280,280,280,5643,0,95,111.25624510863022,62.42804199999341,1680.78225,214.4788233209286
1776286146,200,POST,POST /v1/tweets/:id/like,61.800000,0.000000,98,110,120,130,160,200,230,240,310,310,310,10942,0,98,114.61125670681756,64.36937499998407,2467.890917000002,0.0
1776286146,200,,Aggregated,296.800000,0.000000,420,490,530,560,640,680,770,800,990,1700,1700,56082,0,410.0,370.3824919748219,62.42804199999341,2467.890917000002,7699.3658927998285
1776286147,200,GET,GET /v1/timeline/home,147.400000,0.000000,480,540,570,590,660,710,770,810,940,970,970,28405,0,480.0,489.9815853180786,75.44191699999914,1950.8969999999977,10788.530117936984
1776286147,200,GET,GET /v1/timeline/user/:id,61.900000,0.000000,470,530,560,580,650,680,770,840,880,880,880,11299,0,440.0,449.2139046237721,74.75200000000015,2064.130249999998,11184.92494911054
1776286147,200,POST,POST /v1/tweets,26.600000,0.000000,97,110,130,140,170,210,230,260,280,280,280,5669,0,95,111.42312648139006,62.42804199999341,1680.78225,214.47909684247662
1776286147,200,POST,POST /v1/tweets/:id/like,59.300000,0.000000,100,120,130,130,170,210,230,240,310,310,310,10995,0,98,114.68088576771245,64.36937499998407,2467.890917000002,0.0
1776286147,200,,Aggregated,295.200000,0.000000,420,490,530,550,620,670,760,790,910,970,970,56368,0,410.0,370.5323744383861,62.42804199999341,2467.890917000002,7700.1587248084015
1776286148,200,GET,GET /v1/timeline/home,144.800000,0.000000,490,540,570,590,660,720,780,850,940,970,970,28569,0,480.0,490.05206424057604,75.44191699999914,1950.8969999999977,10788.231264657496
1776286148,200,GET,GET /v1/timeline/user/:id,60.900000,0.000000,470,530,560,580,650,680,770,840,880,880,880,11358,0,440.0,449.3903770038741,74.75200000000015,2064.130249999998,11184.499119563303
1776286148,200,POST,POST /v1/tweets,26.500000,0.000000,100,120,140,150,170,210,230,260,280,280,280,5692,0,95,111.44892269553762,62.42804199999341,1680.78225,214.4796205200281
1776286148,200,POST,POST /v1/tweets/:id/like,59.000000,0.000000,110,120,130,140,180,220,240,260,310,310,310,11045,0,98,114.74363740488896,64.36937499998407,2467.890917000002,0.0
1776286148,200,,Aggregated,291.200000,0.000000,420,490,530,550,620,670,760,800,930,970,970,56664,0,410.0,370.7148113161614,62.42804199999341,2467.890917000002,7702.656677961316
1776286149,200,GET,GET /v1/timeline/home,146.600000,0.000000,490,540,570,590,660,720,790,850,940,970,970,28727,0,480.0,489.8701787398271,75.44191699999914,1950.8969999999977,10787.949281164061
1776286149,200,GET,GET /v1/timeline/user/:id,59.700000,0.000000,460,530,560,580,660,680,770,840,880,880,880,11416,0,440.0,449.2407260611423,74.75200000000015,2064.130249999998,11184.138927820602
1776286149,200,POST,POST /v1/tweets,27.700000,0.000000,110,130,150,160,180,220,230,260,280,280,280,5724,0,95,111.58840083123694,62.42804199999341,1680.78225,214.47990915443745
1776286149,200,POST,POST /v1/tweets/:id/like,60.000000,0.000000,110,130,140,160,200,230,260,270,310,310,310,11100,0,98,114.97509816171157,64.36937499998407,2467.890917000002,0.0
1776286149,200,,Aggregated,294.000000,0.000000,420,490,530,560,630,670,760,800,930,970,970,56967,0,410.0,370.67053468369335,62.42804199999341,2467.890917000002,7702.902241648674
1776286150,200,GET,GET /v1/timeline/home,147.500000,0.000000,480,530,560,590,660,720,780,830,940,970,970,28866,0,480.0,489.7480845168367,75.44191699999914,1950.8969999999977,10787.717314487632
1776286150,200,GET,GET /v1/timeline/user/:id,61.600000,0.000000,460,510,550,570,640,670,740,780,880,880,880,11478,0,440.0,449.1241577187662,74.75200000000015,2064.130249999998,11183.577626764245
1776286150,200,POST,POST /v1/tweets,28.300000,0.000000,110,140,150,160,190,210,230,260,280,280,280,5766,0,95,111.85085383159915,62.42804199999341,1680.78225,214.48074921956297
1776286150,200,POST,POST /v1/tweets/:id/like,58.100000,0.000000,110,130,150,160,200,230,290,300,330,330,330,11153,0,98,115.26293584434669,64.36937499998407,2467.890917000002,0.0
1776286150,200,,Aggregated,295.500000,0.000000,420,480,520,550,620,670,750,790,930,970,970,57263,0,410.0,370.61583983766093,62.42804199999341,2467.890917000002,7701.308838167753
1776286151,200,GET,GET /v1/timeline/home,148.400000,0.000000,480,530,570,590,660,710,780,830,940,970,970,29013,0,480.0,489.66989245452066,75.44191699999914,1950.8969999999977,10787.465205252818
1776286151,200,GET,GET /v1/timeline/user/:id,61.200000,0.000000,460,510,560,570,640,680,760,800,880,880,880,11526,0,440.0,449.24497655370413,74.75200000000015,2064.130249999998,11183.334114176645
1776286151,200,POST,POST /v1/tweets,28.400000,0.000000,120,140,160,170,200,220,260,290,310,310,310,5798,0,96,112.08996928302874,62.42804199999341,1680.78225,214.48033804760263
1776286151,200,POST,POST /v1/tweets/:id/like,57.100000,0.000000,120,140,160,170,220,260,310,330,380,380,380,11214,0,98,115.62953139450667,64.36937499998407,2467.890917000002,0.0
1776286151,200,,Aggregated,295.100000,0.000000,410,480,520,550,620,670,760,790,930,970,970,57551,0,410.0,370.6513769787142,62.42804199999341,2467.890917000002,7699.595037445049
1776286152,200,GET,GET /v1/timeline/home,148.000000,0.000000,470,530,560,580,650,710,780,830,940,970,970,29162,0,480.0,489.3778334360473,75.44191699999914,1950.8969999999977,10787.192305054523
1776286152,200,GET,GET /v1/timeline/user/:id,61.300000,0.000000,450,500,530,560,610,670,760,830,970,970,970,11600,0,440.0,449.17692535991324,74.75200000000015,2064.130249999998,11182.854482758621
1776286152,200,POST,POST /v1/tweets,29.100000,0.000000,120,140,160,170,200,220,260,290,310,310,310,5834,0,96,112.18212381967787,62.42804199999341,1680.78225,214.47994514912583
1776286152,200,POST,POST /v1/tweets/:id/like,56.300000,0.000000,120,140,160,180,210,260,310,330,380,380,380,11267,0,98,115.74866842824157,64.36937499998407,2467.890917000002,0.0
1776286152,200,,Aggregated,294.700000,0.000000,400,470,510,540,610,670,760,790,940,970,970,57863,0,410.0,370.5355662579192,62.42804199999341,2467.890917000002,7700.0585866615975
1776286153,200,GET,GET /v1/timeline/home,148.400000,0.000000,470,520,560,590,660,730,780,840,950,970,970,29309,0,480.0,489.32911219837024,75.44191699999914,1950.8969999999977,10786.933979323758
1776286153,200,GET,GET /v1/timeline/user/:id,60.200000,0.000000,450,500,540,560,630,680,770,840,970,970,970,11669,0,440.0,449.4104572340382,74.75200000000015,2064.130249999998,11182.341331733653
1776286153,200,POST,POST /v1/tweets,29.300000,0.000000,120,150,160,170,200,220,260,290,310,310,310,5857,0,96,112.21745769113893,62.42804199999341,1680.78225,214.4794263274714
1776286153,200,POST,POST /v1/tweets/:id/like,56.800000,0.000000,130,150,180,190,230,280,320,330,380,380,380,11325,0,98,115.97713832750534,64.36937499998407,2467.890917000002,0.0
1776286153,200,,Aggregated,294.700000,0.000000,400,470,510,540,620,680,760,800,950,970,970,58160,0,410.0,370.64333418400946,62.42804199999341,2467.890917000002,7701.120959422284
1776286154,200,GET,GET /v1/timeline/home,149.800000,0.000000,460,520,560,590,660,720,780,840,950,970,970,29471,0,480.0,489.47300841264394,75.44191699999914,1950.8969999999977,10786.637677717077
1776286154,200,GET,GET /v1/timeline/user/:id,58.800000,0.000000,450,500,530,560,640,680,760,800,970,970,970,11714,0,440.0,449.45674106504936,74.75200000000015,2064.130249999998,11182.230920266347
1776286154,200,POST,POST /v1/tweets,30.700000,0.000000,130,150,170,180,200,220,260,290,310,310,310,5882,0,96,112.34541400884066,62.42804199999341,1680.78225,214.48061883713024
1776286154,200,POST,POST /v1/tweets/:id/like,56.900000,0.000000,140,170,190,200,250,290,320,330,380,380,380,11377,0,98,116.26363249099037,64.36937499998407,2467.890917000002,0.0
1776286154,200,,Aggregated,296.200000,0.000000,400,470,510,540,620,680,760,790,950,970,970,58444,0,410.0,370.8463207141023,62.42804199999341,2467.890917000002,7702.1289952775305
1776286155,200,GET,GET /v1/timeline/home,149.900000,0.000000,460,520,560,580,660,720,780,840,950,970,970,29613,0,480.0,489.40020030240214,75.44191699999914,1950.8969999999977,10786.406037888764
1776286155,200,GET,GET /v1/timeline/user/:id,60.400000,0.000000,450,490,530,550,630,680,760,800,970,970,970,11794,0,440.0,449.5041156241303,74.75200000000015,2064.130249999998,11181.325250127184
1776286155,200,POST,POST /v1/tweets,30.200000,0.000000,130,150,170,180,200,220,260,290,310,310,310,5918,0,96,112.39892324738099,62.42804199999341,1680.78225,214.4810746873944
1776286155,200,POST,POST /v1/tweets/:id/like,55.700000,0.000000,140,180,190,200,260,290,320,330,380,380,380,11444,0,98,116.4627594792029,64.36937499998407,2467.890917000002,0.0
1776286155,200,,Aggregated,296.200000,0.000000,400,460,500,540,610,680,760,790,950,970,970,58769,0,410.0,370.80835676094546,62.42804199999341,2467.890917000002,7700.653252565128
1776286156,200,GET,GET /v1/timeline/home,149.400000,0.000000,450,510,560,580,660,710,770,830,950,970,970,29758,0,480.0,489.12479446323783,75.44191699999914,1950.8969999999977,10786.180254049332
1776286156,200,GET,GET /v1/timeline/user/:id,60.000000,0.000000,440,480,520,540,630,680,760,800,970,970,970,11859,0,440.0,449.3015789343106,74.75200000000015,2064.130249999998,11180.988025971836
1776286156,200,POST,POST /v1/tweets,30.200000,0.000000,130,150,170,180,210,250,290,290,310,310,310,5960,0,96,112.76680835889269,62.42804199999341,1680.78225,214.48204697986577
1776286156,200,POST,POST /v1/tweets/:id/like,54.700000,0.000000,140,180,200,210,260,300,330,340,380,380,380,11519,0,98,116.73041659301995,64.36937499998407,2467.890917000002,0.0
1776286156,200,,Aggregated,294.300000,0.000000,390,450,500,530,610,680,750,780,950,970,970,59096,0,400.0,370.58939530210193,62.42804199999341,2467.890917000002,7696.778157574116
1776286157,200,GET,GET /v1/timeline/home,148.100000,0.000000,440,490,540,560,650,690,760,810,950,970,970,29898,0,480.0,488.601266687606,75.44191699999914,1950.8969999999977,10785.94671884407
1776286157,200,GET,GET /v1/timeline/user/:id,61.000000,0.000000,430,470,500,520,590,670,740,800,970,970,970,11930,0,440.0,449.00387989639444,74.75200000000015,2064.130249999998,11180.420955574184
1776286157,200,POST,POST /v1/tweets,29.800000,0.000000,130,150,170,180,210,230,280,290,310,310,310,5995,0,96,112.938401957131,62.42804199999341,1680.78225,214.48190158465388
1776286157,200,POST,POST /v1/tweets/:id/like,55.400000,0.000000,140,180,200,210,260,300,330,340,380,380,380,11570,0,99,116.82018297917003,64.36937499998407,2467.890917000002,0.0
1776286157,200,,Aggregated,294.300000,0.000000,380,440,480,500,590,660,740,780,950,970,970,59393,0,400.0,370.30444994177816,62.42804199999341,2467.890917000002,7696.975670533565
1776286158,200,GET,GET /v1/timeline/home,149.100000,0.000000,430,490,530,560,640,690,760,810,950,970,970,30064,0,480.0,488.3915944571265,75.44191699999914,1950.8969999999977,10785.671401011175
1776286158,200,GET,GET /v1/timeline/user/:id,61.700000,0.000000,430,480,500,520,590,670,740,800,970,970,970,11991,0,440.0,449.0475472675328,74.75200000000015,2064.130249999998,11180.11683762822
1776286158,200,POST,POST /v1/tweets,30.300000,0.000000,140,160,170,180,220,250,290,290,310,310,310,6037,0,96,113.13852305665077,62.42804199999341,1680.78225,214.4823587874772
1776286158,200,POST,POST /v1/tweets/:id/like,56.200000,0.000000,140,180,200,210,260,300,330,340,380,380,380,11628,0,99,116.99011386179887,64.36937499998407,2467.890917000002,0.0
1776286158,200,,Aggregated,297.300000,0.000000,380,440,480,500,590,660,740,780,950,970,970,59720,0,400.0,370.2430064086073,62.42804199999341,2467.890917000002,7696.182786336236
1776286159,200,GET,GET /v1/timeline/home,148.600000,0.000000,430,480,530,560,630,690,760,790,950,970,970,30202,0,480.0,487.9648661598919,75.44191699999914,1950.8969999999977,10785.455300973446
1776286159,200,GET,GET /v1/timeline/user/:id,63.300000,0.000000,430,480,500,520,590,670,740,800,970,970,970,12051,0,440.0,448.78144143589634,74.75200000000015,2064.130249999998,11179.7262467845
1776286159,200,POST,POST /v1/tweets,32.500000,0.000000,130,160,170,180,210,250,290,290,310,310,310,6073,0,96,113.33012051012689,62.42804199999341,1680.78225,214.4827926889511
1776286159,200,POST,POST /v1/tweets/:id/like,57.200000,0.000000,140,180,200,210,260,290,320,340,380,380,380,11697,0,99,117.23255184260897,64.36937499998407,2467.890917000002,0.0
1776286159,200,,Aggregated,301.600000,0.000000,370,430,470,500,580,660,740,780,950,970,970,60023,0,400.0,369.94657080229285,62.42804199999341,2467.890917000002,7693.246855372107
1776286160,200,GET,GET /v1/timeline/home,147.500000,0.000000,430,480,520,560,620,690,750,790,950,970,970,30373,0,480.0,487.9259137342068,75.44191699999914,1950.8969999999977,10785.16771474665
1776286160,200,GET,GET /v1/timeline/user/:id,62.900000,0.000000,430,480,500,520,580,660,720,800,970,970,970,12108,0,440.0,448.7868455388162,74.75200000000015,2064.130249999998,11179.574331020813
1776286160,200,POST,POST /v1/tweets,33.400000,0.000000,130,150,170,180,210,250,290,290,310,310,310,6101,0,96,113.34178285395848,62.42804199999341,1680.78225,214.48221603015898
1776286160,200,POST,POST /v1/tweets/:id/like,58.300000,0.000000,140,180,200,210,250,290,320,340,380,380,380,11751,0,99,117.2312565162111,64.36937499998407,2467.890917000002,0.0
1776286160,200,,Aggregated,302.100000,0.000000,370,440,470,500,580,650,720,770,950,970,970,60333,0,400.0,369.99266763043516,62.42804199999341,2467.890917000002,7694.7730263703115
1776286161,200,GET,GET /v1/timeline/home,148.300000,0.000000,440,490,530,560,640,690,750,780,900,950,950,30525,0,480.0,488.0621289956777,75.44191699999914,1950.8969999999977,10784.92701064701
1776286161,200,GET,GET /v1/timeline/user/:id,63.400000,0.000000,440,480,510,530,600,660,720,770,890,890,890,12159,0,440.0,448.94818358442177,74.75200000000015,2064.130249999998,11179.29541903117
1776286161,200,POST,POST /v1/tweets,34.600000,0.000000,130,150,160,170,210,250,270,290,290,290,290,6122,0,96,113.33314819225761,62.42804199999341,1680.78225,214.48219536099313
1776286161,200,POST,POST /v1/tweets/:id/like,59.100000,0.000000,130,160,190,200,240,270,300,320,340,340,340,11807,0,99,117.24669845108811,64.36937499998407,2467.890917000002,0.0
1776286161,200,,Aggregated,305.400000,0.000000,380,440,480,510,590,660,720,760,890,950,950,60613,0,400.0,370.1353629360213,62.42804199999341,2467.890917000002,7695.577021431046
1776286162,200,GET,GET /v1/timeline/home,149.100000,0.000000,440,490,540,560,630,680,750,780,880,900,900,30681,0,480.0,488.06552179987824,75.44191699999914,1950.8969999999977,10784.696978586097
1776286162,200,GET,GET /v1/timeline/user/:id,62.300000,0.000000,440,480,510,530,600,660,700,760,870,870,870,12218,0,440.0,449.14570724807515,74.75200000000015,2064.130249999998,11178.912342445572
1776286162,200,POST,POST /v1/tweets,33.900000,0.000000,120,150,160,170,210,240,270,290,290,290,290,6151,0,96,113.25569207299647,62.42804199999341,1680.78225,214.48122256543652
1776286162,200,POST,POST /v1/tweets/:id/like,59.800000,0.000000,120,150,180,200,230,270,300,320,340,340,340,11849,0,99,117.16075038231054,64.36937499998407,2467.890917000002,0.0
1776286162,200,,Aggregated,305.100000,0.000000,380,450,490,510,590,650,710,760,870,900,900,60899,0,400.0,370.2338957736592,62.42804199999341,2467.890917000002,7697.803133056372
1776286163,200,GET,GET /v1/timeline/home,149.900000,0.000000,450,500,540,560,630,680,750,770,880,900,900,30835,0,480.0,488.17114597762463,75.44191699999914,1950.8969999999977,10784.456332090158
1776286163,200,GET,GET /v1/timeline/user/:id,61.700000,0.000000,440,480,510,530,590,660,700,760,870,870,870,12267,0,440.0,449.065653123256,74.75200000000015,2064.130249999998,11178.53052906171
1776286163,200,POST,POST /v1/tweets,32.900000,0.000000,120,140,160,160,210,240,270,290,290,290,290,6179,0,96,113.1904220386796,62.42804199999341,1680.78225,214.48082213950477
1776286163,200,POST,POST /v1/tweets/:id/like,59.600000,0.000000,120,140,160,180,220,260,300,320,340,340,340,11916,0,99,117.08316154355471,64.36937499998407,2467.890917000002,0.0
1776286163,200,,Aggregated,304.100000,0.000000,380,450,490,510,580,650,700,760,870,900,900,61197,0,400.0,370.2144259328572,62.42804199999341,2467.890917000002,7696.309002075265
1776286164,200,GET,GET /v1/timeline/home,149.000000,0.000000,450,500,550,570,630,680,750,780,880,900,900,30976,0,480.0,488.2720790521711,75.44191699999914,1950.8969999999977,10784.240121384297
1776286164,200,GET,GET /v1/timeline/user/:id,61.800000,0.000000,440,480,510,530,590,660,700,760,870,870,870,12338,0,440.0,449.08593996125654,74.75200000000015,2064.130249999998,11177.720862376398
1776286164,200,POST,POST /v1/tweets,31.800000,0.000000,120,140,160,160,200,230,270,290,290,290,290,6211,0,96,113.10814568668515,62.42804199999341,1680.78225,214.48092094670744
1776286164,200,POST,POST /v1/tweets/:id/like,58.400000,0.000000,110,130,150,170,220,260,290,320,340,340,340,11988,0,99,116.95255627127109,64.36937499998407,2467.890917000002,0.0
1776286164,200,,Aggregated,301.000000,0.000000,380,450,490,520,590,650,710,760,870,900,900,61513,0,400.0,370.16695959231436,62.42804199999341,2467.890917000002,7694.235088517874
1776286165,200,GET,GET /v1/timeline/home,150.300000,0.000000,460,510,550,570,640,680,770,790,890,900,900,31138,0,480.0,488.2923056958395,75.44191699999914,1950.8969999999977,10783.973729847774
1776286165,200,GET,GET /v1/timeline/user/:id,60.800000,0.000000,440,490,520,540,600,650,700,760,870,870,870,12389,0,440.0,449.15678987351566,74.75200000000015,2064.130249999998,11177.476955363629
1776286165,200,POST,POST /v1/tweets,31.900000,0.000000,110,130,150,160,190,230,270,290,290,290,290,6239,0,96,113.03034017631052,62.42804199999341,1680.78225,214.4798845968905
1776286165,200,POST,POST /v1/tweets/:id/like,58.000000,0.000000,100,120,140,150,210,250,290,320,340,340,340,12047,0,99,116.86632146990928,64.36937499998407,2467.890917000002,0.0
1776286165,200,,Aggregated,301.000000,0.000000,390,450,490,520,590,650,720,770,890,900,900,61813,0,400.0,370.18320016190825,62.42804199999341,2467.890917000002,7694.292074482714
1776286166,200,GET,GET /v1/timeline/home,150.200000,0.000000,470,530,570,580,650,700,780,810,890,900,900,31280,0,480.0,488.60100908078806,75.44191699999914,1950.8969999999977,10783.752109974424
1776286166,200,GET,GET /v1/timeline/user/:id,60.700000,0.000000,450,500,530,550,600,660,720,760,870,870,870,12452,0,440.0,449.4245243863627,74.75200000000015,2064.130249999998,11177.070109219403
1776286166,200,POST,POST /v1/tweets,32.400000,0.000000,98,120,130,140,170,210,250,270,290,290,290,6257,0,96,112.95620289723527,62.42804199999341,1680.78225,214.4793031804379
1776286166,200,POST,POST /v1/tweets/:id/like,59.500000,0.000000,99,110,130,140,180,220,260,280,330,330,330,12099,0,99,116.74857302934105,64.36937499998407,2467.890917000002,0.0
1776286166,200,,Aggregated,302.800000,0.000000,410,470,520,540,610,670,750,780,890,900,900,62088,0,400.0,370.42555225351185,62.42804199999341,2467.890917000002,7696.086844478804
1776286167,200,GET,GET /v1/timeline/home,151.600000,0.000000,480,540,570,590,670,720,790,840,900,970,970,31414,0,480.0,488.7816023893824,75.44191699999914,1950.8969999999977,10783.543229133507
1776286167,200,GET,GET /v1/timeline/user/:id,60.300000,0.000000,460,500,540,560,610,660,720,770,870,870,870,12517,0,440.0,449.7404816079722,74.75200000000015,2064.130249999998,11176.97922824958
1776286167,200,POST,POST /v1/tweets,32.100000,0.000000,93,110,120,130,150,170,210,210,250,250,250,6283,0,96,112.8484211612289,62.42804199999341,1680.78225,214.47907050771923
1776286167,200,POST,POST /v1/tweets/:id/like,60.200000,0.000000,96,110,110,120,160,200,230,260,290,290,290,12170,0,98,116.61352786910417,64.36937499998407,2467.890917000002,0.0
1776286167,200,,Aggregated,304.200000,0.000000,420,480,520,550,620,680,760,790,900,970,970,62384,0,400.0,370.4828181916845,62.42804199999341,2467.890917000002,7694.345473198256
1776286168,200,GET,GET /v1/timeline/home,151.200000,0.000000,500,560,590,620,680,740,800,860,970,990,990,31555,0,480.0,489.0847061135179,75.44191699999914,1950.8969999999977,10783.322484550785
1776286168,200,GET,GET /v1/timeline/user/:id,59.800000,0.000000,470,520,550,570,610,670,720,780,870,870,870,12589,0,440.0,449.95920456620775,74.75200000000015,2064.130249999998,11176.585908332672
1776286168,200,POST,POST /v1/tweets,31.100000,0.000000,91,100,110,110,130,160,180,200,210,210,210,6315,0,96,112.7211878120351,62.42804199999341,1680.78225,214.47933491686462
1776286168,200,POST,POST /v1/tweets/:id/like,58.500000,0.000000,94,100,110,110,140,170,230,260,290,290,290,12218,0,98,116.53684021214578,64.36937499998407,2467.890917000002,0.0
1776286168,200,,Aggregated,300.600000,0.000000,430,490,540,570,640,690,770,800,900,990,990,62677,0,400.0,370.68279819456984,62.42804199999341,2467.890917000002,7695.39413181869
1776286169,200,GET,GET /v1/timeline/home,151.100000,0.000000,500,560,590,620,680,750,800,870,970,990,990,31704,0,480.0,489.19437720249977,75.44191699999914,1950.8969999999977,10783.101249053747
1776286169,200,GET,GET /v1/timeline/user/:id,58.200000,0.000000,460,520,550,570,610,670,720,790,870,870,870,12658,0,440.0,449.86607407307525,74.75200000000015,2064.130249999998,11176.131616369095
1776286169,200,POST,POST /v1/tweets,28.700000,0.000000,90,97,100,110,130,140,170,170,190,190,190,6337,0,96,112.66779430834806,62.42804199999341,1680.78225,214.4792488559255
1776286169,200,POST,POST /v1/tweets/:id/like,58.300000,0.000000,93,100,110,110,130,150,200,250,290,290,290,12273,0,98,116.45689790646112,64.36937499998407,2467.890917000002,0.0
1776286169,200,,Aggregated,296.300000,0.000000,430,500,540,570,640,690,780,820,970,990,990,62972,0,410.0,370.75326527636184,62.42804199999341,2467.890917000002,7696.977561455885
1776286170,200,GET,GET /v1/timeline/home,150.000000,0.000000,510,570,600,630,680,740,790,870,970,990,990,31862,0,480.0,489.449345144782,75.44191699999914,1950.8969999999977,10782.86906032264
1776286170,200,GET,GET /v1/timeline/user/:id,58.300000,0.000000,460,520,540,560,610,660,720,770,870,870,870,12719,0,440.0,449.75099429931487,74.75200000000015,2064.130249999998,11175.664203160626
1776286170,200,POST,POST /v1/tweets,28.100000,0.000000,90,97,100,110,120,130,140,150,170,170,170,6365,0,96,112.59672036386513,62.42804199999341,1680.78225,214.47792615868028
1776286170,200,POST,POST /v1/tweets/:id/like,57.700000,0.000000,93,100,110,110,120,130,140,160,190,190,190,12335,0,98,116.38050981629482,64.36937499998407,2467.890917000002,0.0
1776286170,200,,Aggregated,294.100000,0.000000,440,500,550,570,640,680,770,800,970,990,990,63281,0,410.0,370.8451137813253,62.42804199999341,2467.890917000002,7696.973799402665
1776286171,200,GET,GET /v1/timeline/home,147.800000,0.000000,510,560,590,620,670,730,800,870,970,990,990,32000,0,480.0,489.45318462650135,75.44191699999914,1950.8969999999977,10782.665625
1776286171,200,GET,GET /v1/timeline/user/:id,59.300000,0.000000,450,500,540,550,600,660,700,740,870,870,870,12780,0,440.0,449.53089371682205,74.75200000000015,2064.130249999998,11175.518779342723
1776286171,200,POST,POST /v1/tweets,27.000000,0.000000,89,97,100,110,120,130,140,160,170,170,170,6399,0,96,112.49193483153644,62.42804199999341,1680.78225,214.47835599312393
1776286171,200,POST,POST /v1/tweets/:id/like,57.600000,0.000000,94,100,110,110,120,130,150,160,190,190,190,12384,0,98,116.30236206677945,64.36937499998407,2467.890917000002,0.0
1776286171,200,,Aggregated,291.700000,0.000000,430,500,540,570,640,680,770,800,970,990,990,63563,0,410.0,370.77593997405785,62.42804199999341,2467.890917000002,7696.944401617293
1776286172,200,GET,GET /v1/timeline/home,147.600000,0.000000,510,570,600,630,680,740,800,870,970,990,990,32156,0,480.0,489.7071146962631,75.44191699999914,1950.8969999999977,10782.440477671353
1776286172,200,GET,GET /v1/timeline/user/:id,60.400000,0.000000,450,500,540,550,600,640,700,720,870,870,870,12837,0,440.0,449.43892498488617,74.75200000000015,2064.130249999998,11175.25613461089
1776286172,200,POST,POST /v1/tweets,25.900000,0.000000,89,96,100,110,120,130,140,160,210,210,210,6427,0,96,112.46690313458876,62.42804199999341,1680.78225,214.47876147502723
1776286172,200,POST,POST /v1/tweets/:id/like,57.300000,0.000000,94,100,110,110,120,130,150,180,220,220,220,12443,0,98,116.29830069139248,64.36937499998407,2467.890917000002,0.0
1776286172,200,,Aggregated,291.200000,0.000000,440,500,540,570,640,680,770,810,970,990,990,63863,0,410.0,370.89385093329577,62.42804199999341,2467.890917000002,7697.029171820929
1776286173,200,GET,GET /v1/timeline/home,147.100000,0.000000,510,570,600,630,680,730,800,870,970,990,990,32308,0,480.0,489.7946581638928,75.44191699999914,1950.8969999999977,10782.204098056209
1776286173,200,GET,GET /v1/timeline/user/:id,61.200000,0.000000,450,500,540,550,600,640,700,720,870,870,870,12890,0,440.0,449.5108793144284,74.75200000000015,2064.130249999998,11174.830721489527
1776286173,200,POST,POST /v1/tweets,27.200000,0.000000,89,97,100,110,120,130,140,160,210,210,210,6452,0,96,112.42112779401762,62.42804199999341,1680.78225,214.478611283323
1776286173,200,POST,POST /v1/tweets/:id/like,57.900000,0.000000,94,100,110,110,120,130,150,180,220,220,220,12510,0,98,116.18794189360484,64.36937499998407,2467.890917000002,0.0
1776286173,200,,Aggregated,293.400000,0.000000,430,500,550,570,640,680,770,810,970,990,990,64160,0,410.0,370.9060679541464,62.42804199999341,2467.890917000002,7696.054145885287
1776286174,200,GET,GET /v1/timeline/home,146.200000,0.000000,510,570,600,630,680,730,800,860,970,990,990,32456,0,480.0,489.8471528581791,75.44191699999914,1950.8969999999977,10781.996056199161
1776286174,200,GET,GET /v1/timeline/user/:id,62.100000,0.000000,460,500,540,560,620,660,710,770,830,830,830,12957,0,440.0,449.6982226265328,74.75200000000015,2064.130249999998,11174.375009647294
1776286174,200,POST,POST /v1/tweets,26.800000,0.000000,89,97,100,110,120,130,140,160,210,210,210,6489,0,96,112.3082862189862,62.42804199999341,1680.78225,214.47850208044383
1776286174,200,POST,POST /v1/tweets/:id/like,57.900000,0.000000,93,100,110,110,120,130,140,180,220,220,220,12564,0,98,116.08145425159154,64.36937499998407,2467.890917000002,0.0
1776286174,200,,Aggregated,293.000000,0.000000,440,500,550,570,640,680,770,810,970,990,990,64466,0,410.0,370.93095467733434,62.42804199999341,2467.890917000002,7695.8178264511525
1776286175,200,GET,GET /v1/timeline/home,147.000000,0.000000,520,570,600,630,680,730,780,860,970,990,990,32597,0,480.0,490.03240252406863,75.44191699999914,1950.8969999999977,10781.786943583766
1776286175,200,GET,GET /v1/timeline/user/:id,60.500000,0.000000,450,490,530,550,610,660,710,770,830,830,830,13010,0,440.0,449.60922880399573,74.75200000000015,2064.130249999998,11173.992544196772
1776286175,200,POST,POST /v1/tweets,27.100000,0.000000,89,99,100,110,120,130,140,170,210,210,210,6518,0,96,112.24304838938342,62.42804199999341,1680.78225,214.47836759742253
1776286175,200,POST,POST /v1/tweets/:id/like,58.600000,0.000000,94,100,110,110,130,140,160,180,220,220,220,12620,0,98,116.02045620166373,64.36937499998407,2467.890917000002,0.0
1776286175,200,,Aggregated,293.200000,0.000000,430,500,540,570,650,680,770,790,970,990,990,64745,0,410.0,370.97506585039844,62.42804199999341,2467.890917000002,7695.196880067959
1776286176,200,GET,GET /v1/timeline/home,145.800000,0.000000,510,560,600,620,670,710,780,830,970,990,990,32768,0,480.0,490.08877005603216,75.44191699999914,1950.8969999999977,10781.544189453125
1776286176,200,GET,GET /v1/timeline/user/:id,61.700000,0.000000,440,480,510,540,600,650,700,770,830,830,830,13057,0,440.0,449.42627954889986,74.75200000000015,2064.130249999998,11173.53810216742
1776286176,200,POST,POST /v1/tweets,27.600000,0.000000,89,99,100,110,120,130,140,170,210,210,210,6547,0,96,112.1437453520698,62.42804199999341,1680.78225,214.47731785550633
1776286176,200,POST,POST /v1/tweets/:id/like,58.300000,0.000000,94,100,110,110,130,140,160,180,220,220,220,12677,0,98,115.92667401009666,64.36937499998407,2467.890917000002,0.0
1776286176,200,,Aggregated,293.400000,0.000000,430,500,540,560,640,680,750,780,900,990,990,65049,0,410.0,370.96950447373564,62.42804199999341,2467.890917000002,7695.532752232932
1776286177,200,GET,GET /v1/timeline/home,144.300000,0.000000,510,560,590,610,670,710,770,780,900,970,970,32919,0,480.0,490.1746297982036,75.44191699999914,1950.8969999999977,10781.335976183967
1776286177,200,GET,GET /v1/timeline/user/:id,61.300000,0.000000,430,470,500,520,590,650,700,770,830,830,830,13123,0,440.0,449.3008056358292,74.75200000000015,2064.130249999998,11173.411643679037
1776286177,200,POST,POST /v1/tweets,28.000000,0.000000,89,99,110,110,130,130,140,170,210,210,210,6577,0,96,112.04390099756736,62.42804199999341,1680.78225,214.47666109168313
1776286177,200,POST,POST /v1/tweets/:id/like,57.300000,0.000000,94,100,110,110,130,140,160,180,220,220,220,12733,0,98,115.82520071302878,64.36937499998407,2467.890917000002,0.0
1776286177,200,,Aggregated,290.900000,0.000000,430,490,540,560,630,680,740,770,890,970,970,65352,0,410.0,370.9748458842276,62.42804199999341,2467.890917000002,7696.016847227323
1776286178,200,GET,GET /v1/timeline/home,146.300000,0.000000,520,560,600,620,670,710,770,780,890,900,900,33056,0,480.0,490.53765328134324,75.44191699999914,1950.8969999999977,10781.129840271054
1776286178,200,GET,GET /v1/timeline/user/:id,60.500000,0.000000,420,460,480,500,570,640,680,760,790,790,790,13179,0,440.0,449.03618872061514,74.75200000000015,2064.130249999998,11172.955155929889
1776286178,200,POST,POST /v1/tweets,28.600000,0.000000,88,98,100,110,130,130,140,170,210,210,210,6610,0,96,111.9201573099849,62.42804199999341,1680.78225,214.47685325264752
1776286178,200,POST,POST /v1/tweets/:id/like,57.300000,0.000000,93,100,110,110,130,130,150,180,220,220,220,12793,0,98,115.72275083780151,64.36937499998407,2467.890917000002,0.0
1776286178,200,,Aggregated,292.700000,0.000000,430,490,540,560,630,680,730,770,880,900,900,65638,0,410.0,371.02431502032454,62.42804199999341,2467.890917000002,7694.431518327798
1776286179,200,GET,GET /v1/timeline/home,148.500000,0.000000,520,570,600,630,670,710,770,780,890,900,900,33212,0,480.0,490.95281222988905,75.44191699999914,1950.8969999999977,10780.894194869325
1776286179,200,GET,GET /v1/timeline/user/:id,60.200000,0.000000,420,460,480,500,570,640,690,760,790,790,790,13234,0,440.0,448.63480570099637,74.75200000000015,2064.130249999998,11172.438567326582
1776286179,200,POST,POST /v1/tweets,29.100000,0.000000,88,97,100,110,130,130,160,170,210,210,210,6635,0,95,111.85752363526755,62.42804199999341,1680.78225,214.47596081386587
1776286179,200,POST,POST /v1/tweets/:id/like,55.900000,0.000000,93,100,110,110,120,140,160,180,220,220,220,12850,0,98,115.6486476270813,64.31216599997924,2467.890917000002,0.0
1776286179,200,,Aggregated,293.700000,0.000000,420,500,540,570,630,680,740,770,880,900,900,65931,0,410.0,371.1610260689825,62.42804199999341,2467.890917000002,7694.925877053283
1776286180,200,GET,GET /v1/timeline/home,148.900000,0.000000,530,570,600,630,680,720,770,790,890,900,900,33364,0,480.0,490.9961779745558,75.44191699999914,1950.8969999999977,10780.665807457139
1776286180,200,GET,GET /v1/timeline/user/:id,60.800000,0.000000,430,460,490,510,580,650,700,760,790,790,790,13291,0,440.0,448.80520402151745,74.75200000000015,2064.130249999998,11172.46234293883
1776286180,200,POST,POST /v1/tweets,29.200000,0.000000,89,99,110,110,130,140,170,190,220,220,220,6662,0,95,111.8690782776944,62.42804199999341,1680.78225,214.47583308315822
1776286180,200,POST,POST /v1/tweets/:id/like,56.500000,0.000000,94,100,110,110,130,140,170,190,220,220,220,12915,0,98,115.61070747255087,64.31216599997924,2467.890917000002,0.0
1776286180,200,,Aggregated,295.400000,0.000000,430,500,550,570,640,680,740,770,890,900,900,66232,0,410.0,371.1959556571914,62.42804199999341,2467.890917000002,7694.289301244112
1776286181,200,GET,GET /v1/timeline/home,149.600000,0.000000,520,570,600,620,670,720,770,780,890,900,900,33524,0,480.0,491.0095414585397,75.44191699999914,1950.8969999999977,10780.43908841427
1776286181,200,GET,GET /v1/timeline/user/:id,58.400000,0.000000,430,470,500,520,590,660,700,760,790,790,790,13359,0,440.0,448.9558633149176,74.75200000000015,2064.130249999998,11171.720937195898
1776286181,200,POST,POST /v1/tweets,29.100000,0.000000,89,99,110,110,130,140,160,170,220,220,220,6683,0,96,111.84856156576393,62.42804199999341,1680.78225,214.4753853060003
1776286181,200,POST,POST /v1/tweets/:id/like,56.900000,0.000000,93,100,110,110,130,140,160,180,210,210,210,12988,0,98,115.53999982722473,64.31216599997924,2467.890917000002,0.0
1776286181,200,,Aggregated,294.000000,0.000000,430,500,540,570,630,680,730,770,880,900,900,66554,0,410.0,371.22220603690414,62.42804199999341,2467.890917000002,7694.200183309794
1776286182,200,GET,GET /v1/timeline/home,150.500000,0.000000,510,560,590,610,670,710,770,780,890,900,900,33676,0,480.0,490.8287387178134,75.44191699999914,1950.8969999999977,10780.217810903909
1776286182,200,GET,GET /v1/timeline/user/:id,57.100000,0.000000,430,470,500,520,590,660,720,760,790,790,790,13406,0,440.0,448.8948811682069,74.75200000000015,2064.130249999998,11171.60219304789
1776286182,200,POST,POST /v1/tweets,29.400000,0.000000,90,100,110,120,130,150,160,170,220,220,220,6722,0,96,111.85556100371915,62.42804199999341,1680.78225,214.47485867301398
1776286182,200,POST,POST /v1/tweets/:id/like,57.500000,0.000000,93,100,110,120,130,140,160,180,210,210,210,13049,0,98,115.52392640922629,64.31216599997924,2467.890917000002,0.0
1776286182,200,,Aggregated,294.500000,0.000000,420,490,530,560,630,680,730,770,880,900,900,66853,0,410.0,371.05886315921634,62.42804199999341,2467.890917000002,7692.142671233902
1776286183,200,GET,GET /v1/timeline/home,150.300000,0.000000,510,560,590,610,670,710,760,780,890,900,900,33828,0,480.0,490.75774964698144,75.44191699999914,1950.8969999999977,10780.006473926924
1776286183,200,GET,GET /v1/timeline/user/:id,56.600000,0.000000,420,460,490,510,580,640,680,730,770,770,770,13471,0,440.0,448.87395566297835,74.75200000000015,2064.130249999998,11171.17474575013
1776286183,200,POST,POST /v1/tweets,28.300000,0.000000,91,100,110,120,130,150,160,170,220,220,220,6751,0,96,111.7875213153607,62.42804199999341,1680.78225,214.4745963560954
1776286183,200,POST,POST /v1/tweets/:id/like,58.000000,0.000000,95,100,110,120,130,140,160,180,210,210,210,13117,0,98,115.44723599816982,64.31216599997924,2467.890917000002,0.0
1776286183,200,,Aggregated,293.200000,0.000000,420,490,530,560,620,670,720,760,880,900,900,67167,0,410.0,370.9728462307695,62.42804199999341,2467.890917000002,7691.289948933256
1776286184,200,GET,GET /v1/timeline/home,151.300000,0.000000,510,550,580,600,660,700,740,770,880,890,890,33989,0,480.0,490.70675514190157,75.44191699999914,1950.8969999999977,10779.777722204242
1776286184,200,GET,GET /v1/timeline/user/:id,57.100000,0.000000,430,470,490,510,580,640,680,690,770,770,770,13523,0,440.0,448.8925014254218,74.75200000000015,2064.130249999998,11171.045773866745
1776286184,200,POST,POST /v1/tweets,29.200000,0.000000,92,100,110,120,130,150,170,170,220,220,220,6788,0,96,111.77481117751921,62.42804199999341,1680.78225,214.47539776075428
1776286184,200,POST,POST /v1/tweets/:id/like,59.400000,0.000000,95,100,110,120,130,140,160,180,210,210,210,13172,0,98,115.40217336068879,64.31216599997924,2467.890917000002,0.0
1776286184,200,,Aggregated,297.000000,0.000000,420,490,530,550,620,670,720,750,870,890,890,67472,0,410.0,370.93624085656415,62.42804199999341,2467.890917000002,7690.831396727532
1776286185,200,GET,GET /v1/timeline/home,149.400000,0.000000,500,550,580,600,660,700,740,770,880,890,890,34146,0,480.0,490.7420833986145,75.44191699999914,1950.8969999999977,10779.55438411527
1776286185,200,GET,GET /v1/timeline/user/:id,57.100000,0.000000,420,470,500,520,580,640,680,690,770,770,770,13573,0,440.0,448.8877805065925,74.75200000000015,2064.130249999998,11170.804317394828
1776286185,200,POST,POST /v1/tweets,29.600000,0.000000,92,100,110,120,130,150,170,170,220,220,220,6816,0,95,111.66806847579234,62.42804199999341,1680.78225,214.47535211267606
1776286185,200,POST,POST /v1/tweets/:id/like,60.200000,0.000000,95,100,110,120,130,140,160,180,210,210,210,13243,0,98,115.29390041025397,64.31216599997924,2467.890917000002,0.0
1776286185,200,,Aggregated,296.300000,0.000000,420,480,530,550,620,670,720,750,870,890,890,67778,0,410.0,370.8814025555358,62.42804199999341,2467.890917000002,7689.248059842426
1776286186,200,GET,GET /v1/timeline/home,151.000000,0.000000,500,550,580,600,660,700,750,780,880,890,890,34279,0,480.0,490.71550711359964,75.44191699999914,1950.8969999999977,10779.37798652236
1776286186,200,GET,GET /v1/timeline/user/:id,57.000000,0.000000,430,480,510,530,590,650,680,720,770,770,770,13632,0,440.0,448.90091412235785,74.75200000000015,2064.130249999998,11170.661678403756
1776286186,200,POST,POST /v1/tweets,29.800000,0.000000,91,100,110,120,130,150,170,170,220,220,220,6840,0,95,111.58292736081881,62.42804199999341,1680.78225,214.475
1776286186,200,POST,POST /v1/tweets/:id/like,60.200000,0.000000,95,100,110,120,130,140,160,180,210,210,210,13297,0,98,115.21127569865337,64.31216599997924,2467.890917000002,0.0
1776286186,200,,Aggregated,298.000000,0.000000,410,480,530,550,620,670,720,760,870,890,890,68048,0,410.0,370.8535987211393,62.42804199999341,2467.890917000002,7689.451078650364
1776286187,200,GET,GET /v1/timeline/home,152.200000,0.000000,500,550,580,600,660,700,770,810,970,980,980,34445,0,480.0,490.80435763577003,75.44191699999914,1950.8969999999977,10779.170213383655
1776286187,200,GET,GET /v1/timeline/user/:id,56.000000,0.000000,440,490,530,560,600,660,700,720,750,750,750,13692,0,440.0,449.09790933442764,74.75200000000015,2064.130249999998,11170.410823838738
1776286187,200,POST,POST /v1/tweets,29.600000,0.000000,91,100,110,120,140,160,170,200,240,240,240,6871,0,95,111.54239396579838,62.42804199999341,1680.78225,214.47431232717219
1776286187,200,POST,POST /v1/tweets/:id/like,60.800000,0.000000,95,110,120,120,140,150,170,190,250,250,250,13368,0,98,115.20555969210005,64.31216599997924,2467.890917000002,0.0
1776286187,200,,Aggregated,298.600000,0.000000,410,480,530,560,620,680,720,770,960,980,980,68376,0,410.0,370.9090965291055,62.42804199999341,2467.890917000002,7688.47893997894
1776286188,200,GET,GET /v1/timeline/home,151.400000,0.000000,480,530,560,580,640,690,740,790,970,980,980,34600,0,480.0,490.4946430111011,75.44191699999914,1950.8969999999977,10778.964595375723
1776286188,200,GET,GET /v1/timeline/user/:id,56.300000,0.000000,440,490,530,560,600,660,700,720,750,750,750,13751,0,440.0,449.0315795075252,74.75200000000015,2064.130249999998,11169.975419969456
1776286188,200,POST,POST /v1/tweets,29.400000,0.000000,94,110,120,130,140,160,170,200,240,240,240,6906,0,95,111.55178371807132,62.42804199999341,1680.78225,214.4735013032146
1776286188,200,POST,POST /v1/tweets/:id/like,62.700000,0.000000,97,110,120,120,140,160,170,190,250,250,250,13437,0,98,115.17587626858617,64.31216599997924,2467.890917000002,0.0
1776286188,200,,Aggregated,299.800000,0.000000,400,470,510,540,600,660,710,740,960,980,980,68694,0,410.0,370.6836516401741,62.42804199999341,2467.890917000002,7686.72170786386
1776286189,200,GET,GET /v1/timeline/home,150.700000,0.000000,470,520,550,570,640,680,730,790,970,980,980,34735,0,480.0,490.46131792540956,75.44191699999914,1950.8969999999977,10778.771987908449
1776286189,200,GET,GET /v1/timeline/user/:id,56.800000,0.000000,450,500,540,570,620,670,700,720,780,780,780,13818,0,440.0,449.1735947207251,74.75200000000015,2064.130249999998,11169.609567231148
1776286189,200,POST,POST /v1/tweets,28.600000,0.000000,94,110,120,120,140,160,170,190,240,240,240,6945,0,95,111.46467867545005,62.42804199999341,1680.78225,214.47271418286536
1776286189,200,POST,POST /v1/tweets/:id/like,62.400000,0.000000,96,110,120,120,140,150,170,200,250,250,250,13493,0,98,115.10814650529852,64.31216599997924,2467.890917000002,0.0
1776286189,200,,Aggregated,298.500000,0.000000,400,470,510,540,600,660,700,740,960,980,980,68991,0,410.0,370.6299520834184,62.42804199999341,2467.890917000002,7685.521633256511
1776286190,200,GET,GET /v1/timeline/home,151.800000,0.000000,470,520,560,580,640,680,740,800,970,980,980,34889,0,480.0,490.5271307388317,75.44191699999914,1950.8969999999977,10778.5607211442
1776286190,200,GET,GET /v1/timeline/user/:id,55.700000,0.000000,450,500,540,570,630,670,720,750,840,840,840,13883,0,440.0,449.4637647885169,74.75200000000015,2064.130249999998,11169.290355110566
1776286190,200,POST,POST /v1/tweets,29.900000,0.000000,94,110,120,130,140,160,180,210,260,260,260,6965,0,95,111.5147593839197,62.42804199999341,1680.78225,214.4726489590811
1776286190,200,POST,POST /v1/tweets/:id/like,64.100000,0.000000,96,110,120,130,140,170,210,240,330,330,330,13553,0,98,115.17046363092994,64.31216599997924,2467.890917000002,0.0
1776286190,200,,Aggregated,301.500000,0.000000,400,470,510,540,600,660,710,760,960,980,980,69290,0,410.0,370.7823943369189,62.42804199999341,2467.890917000002,7686.682998989753
1776286191,200,GET,GET /v1/timeline/home,151.500000,0.000000,470,520,560,570,640,680,750,800,970,980,980,35021,0,480.0,490.3369846798809,75.44191699999914,1950.8969999999977,10778.38973758602
1776286191,200,GET,GET /v1/timeline/user/:id,56.700000,0.000000,450,490,530,560,610,670,710,750,840,840,840,13948,0,440.0,449.23104723286383,74.75200000000015,2064.130249999998,11168.857112130772
1776286191,200,POST,POST /v1/tweets,30.300000,0.000000,92,100,110,120,140,160,180,210,260,260,260,6984,0,95,111.46515116480539,62.42804199999341,1680.78225,214.47193585337916
1776286191,200,POST,POST /v1/tweets/:id/like,63.900000,0.000000,95,110,120,120,140,160,210,240,330,330,330,13621,0,98,115.07827563512174,64.31216599997924,2467.890917000002,0.0
1776286191,200,,Aggregated,302.400000,0.000000,400,460,500,530,590,660,710,760,960,980,980,69574,0,410.0,370.597062055353,62.42804199999341,2467.890917000002,7686.076379107138
1776286192,200,GET,GET /v1/timeline/home,150.200000,0.000000,470,530,560,580,650,700,790,850,970,980,980,35170,0,480.0,490.52151214373345,75.44191699999914,1950.8969999999977,10778.182172305942
1776286192,200,GET,GET /v1/timeline/user/:id,58.800000,0.000000,450,510,540,570,630,670,720,780,840,840,840,14006,0,440.0,449.5606741849912,74.75200000000015,2064.130249999998,11168.438597743823
1776286192,200,POST,POST /v1/tweets,31.000000,0.000000,91,100,110,120,140,160,180,210,260,260,260,7019,0,95,111.35660261305037,62.42804199999341,1680.78225,214.47214702949137
1776286192,200,POST,POST /v1/tweets/:id/like,63.600000,0.000000,94,110,110,120,140,160,210,240,330,330,330,13678,0,98,114.99826001973922,64.31216599997924,2467.890917000002,0.0
1776286192,200,,Aggregated,303.600000,0.000000,400,470,510,540,610,670,730,790,960,980,980,69873,0,410.0,370.7118139914006,62.42804199999341,2467.890917000002,7685.36055414824
1776286193,200,GET,GET /v1/timeline/home,149.700000,0.000000,480,530,570,590,650,700,800,860,980,1100,1100,35300,0,480.0,490.66004079691476,75.44191699999914,1950.8969999999977,10778.012804532578
1776286193,200,GET,GET /v1/timeline/user/:id,59.400000,0.000000,470,520,560,570,640,670,720,780,840,840,840,14072,0,440.0,449.7824276703373,74.75200000000015,2064.130249999998,11167.99332006822
1776286193,200,POST,POST /v1/tweets,30.500000,0.000000,90,98,110,110,130,150,180,210,260,260,260,7043,0,95,111.29456208178338,62.42804199999341,1680.78225,214.47195797245493
1776286193,200,POST,POST /v1/tweets/:id/like,63.400000,0.000000,94,100,110,120,140,170,210,240,330,330,330,13719,0,98,114.95844663473959,64.31216599997924,2467.890917000002,0.0
1776286193,200,,Aggregated,303.000000,0.000000,410,480,520,550,620,670,740,810,970,1100,1100,70134,0,410.0,370.8700529334146,62.42804199999341,2467.890917000002,7687.147175407078
1776286194,200,GET,GET /v1/timeline/home,148.800000,0.000000,490,540,570,600,670,710,800,860,980,1100,1100,35462,0,480.0,490.88721006556585,75.44191699999914,1950.8969999999977,10777.808668433816
1776286194,200,GET,GET /v1/timeline/user/:id,59.000000,0.000000,460,510,550,570,640,670,720,790,1800,1800,1800,14144,0,440.0,449.74723851477563,74.75200000000015,2064.130249999998,11167.417915723981
1776286194,200,POST,POST /v1/tweets,29.000000,0.000000,90,98,110,110,130,150,180,210,260,260,260,7074,0,95,111.21306697526157,62.42804199999341,1680.78225,214.47314108001132
1776286194,200,POST,POST /v1/tweets/:id/like,63.300000,0.000000,96,110,110,120,140,170,210,240,330,330,330,13795,0,98,114.90024206002118,64.31216599997924,2467.890917000002,0.0
1776286194,200,,Aggregated,300.100000,0.000000,410,480,530,560,630,680,760,820,1100,1800,1800,70475,0,410.0,370.9235510450386,62.42804199999341,2467.890917000002,7686.01338063143
